quote_id,subject,status,created,value_thb,account_id,account_name,account_owner_id_deleted,verdict,quotes_on_account,living_owners_on_account,candidate_owner_id,candidate_owner_name,confidence,DECISION_new_owner_id (JOM to fill)
5x7969,191760,Order,2019-07-19,490000.00,11x9579,HMC Polymers,19x54,ask_shared_account:19x54,38,Patthamanan Pudgajang (19x90) x10; Sarawut Viseshasiri (19x78) x5; Chuanhathai Eakwongsupasarn (19x21) x1,19x90,Patthamanan Pudgajang,high,
5x8429,191095,Order,2019-07-19,453936.00,11x9612,PTT Global Chemical Public Company Limited,19x65,ask_shared_account:19x65,419,Chuanhathai Eakwongsupasarn (19x21) x102; Sarawut Viseshasiri (19x78) x35; Benjamas Tanjit (19x51) x1,19x21,Chuanhathai Eakwongsupasarn,high,
5x8727,190241,Order,2019-07-19,7200.00,11x9612,PTT Global Chemical Public Company Limited,19x65,ask_shared_account:19x65,419,Chuanhathai Eakwongsupasarn (19x21) x102; Sarawut Viseshasiri (19x78) x35; Benjamas Tanjit (19x51) x1,19x21,Chuanhathai Eakwongsupasarn,high,
5x9923,192015,Loss,2019-08-07,514000.00,11x9612,PTT Global Chemical Public Company Limited,19x65,ask_shared_account:19x65,419,Chuanhathai Eakwongsupasarn (19x21) x102; Sarawut Viseshasiri (19x78) x35; Benjamas Tanjit (19x51) x1,19x21,Chuanhathai Eakwongsupasarn,high,
5x9928,192017,Loss,2019-08-08,398000.00,11x9927,Thai Styrenics Company Limited,19x53,ask_shared_account:19x53,1,(none),,,,
5x11848,192068,Order,2019-08-14,420000.00,11x11847,TPI POLENE,19x22,ask_shared_account:19x22,218,Chuanhathai Eakwongsupasarn (19x21) x37; Tanaporn Chanchanaroj (19x89) x20; Sarawut Viseshasiri (19x78) x14; Saovaluck Jangjai (19x19) x2,19x21,Chuanhathai Eakwongsupasarn,medium,
5x12173,192109,Order,2019-08-19,46250.00,11x12172,JSR BST Elastomer (JBE),19x54,ask_shared_account:19x54,19,(none),,,,
5x12280,192133,Order,2019-08-20,7385400.00,11x9579,HMC Polymers,19x54,ask_shared_account:19x54,38,Patthamanan Pudgajang (19x90) x10; Sarawut Viseshasiri (19x78) x5; Chuanhathai Eakwongsupasarn (19x21) x1,19x90,Patthamanan Pudgajang,high,
5x20958,192193,Loss,2019-08-27,10000.00,11x9612,PTT Global Chemical Public Company Limited,19x65,ask_shared_account:19x65,419,Chuanhathai Eakwongsupasarn (19x21) x102; Sarawut Viseshasiri (19x78) x35; Benjamas Tanjit (19x51) x1,19x21,Chuanhathai Eakwongsupasarn,high,
5x21043,192222,Loss,2019-08-28,200000.00,11x11847,TPI POLENE,19x22,ask_shared_account:19x22,218,Chuanhathai Eakwongsupasarn (19x21) x37; Tanaporn Chanchanaroj (19x89) x20; Sarawut Viseshasiri (19x78) x14; Saovaluck Jangjai (19x19) x2,19x21,Chuanhathai Eakwongsupasarn,medium,
5x21365,192242,Order,2019-08-30,96000.00,11x21364,INDORAMA  PETROCHEM LIMITED,19x53,ask_shared_account:19x53,22,Sarawut Viseshasiri (19x78) x3,19x78,Sarawut Viseshasiri,high,
5x21473,192259,Loss,2019-09-02,136000.00,11x21487,B Living Property (Condo),19x53,ask_shared_account:19x53,1,(none),,,,
5x21519,192273,Order,2019-09-03,230000.00,11x11847,TPI POLENE,19x22,ask_shared_account:19x22,218,Chuanhathai Eakwongsupasarn (19x21) x37; Tanaporn Chanchanaroj (19x89) x20; Sarawut Viseshasiri (19x78) x14; Saovaluck Jangjai (19x19) x2,19x21,Chuanhathai Eakwongsupasarn,medium,
5x21587,192286,Order,2019-09-04,250000.00,11x11847,TPI POLENE,19x22,ask_shared_account:19x22,218,Chuanhathai Eakwongsupasarn (19x21) x37; Tanaporn Chanchanaroj (19x89) x20; Sarawut Viseshasiri (19x78) x14; Saovaluck Jangjai (19x19) x2,19x21,Chuanhathai Eakwongsupasarn,medium,
5x21593,192290,Loss,2019-09-04,480000.00,11x21592,"SYNERGY SERVICES CO.,LTD.",19x53,ask_shared_account:19x53,1,(none),,,,
5x21596,192292,Order,2019-09-04,130000.00,11x12172,JSR BST Elastomer (JBE),19x54,ask_shared_account:19x54,19,(none),,,,
5x22038,192368,Loss,2019-09-13,250000.00,11x21364,INDORAMA  PETROCHEM LIMITED,19x53,ask_shared_account:19x53,22,Sarawut Viseshasiri (19x78) x3,19x78,Sarawut Viseshasiri,high,
5x22042,192371,Loss,2019-09-13,210000.00,11x22041,บริษัท เวิลด์ไวด์ โซลูชั่นส์ 2014 จำกัด,19x36,ask_shared_account:19x36,2,(none),,,,
5x22264,192398,Loss,2019-09-17,300000.00,11x22263,"Glow Energy Public Co., Ltd.",19x65,ask_shared_account:19x65,17,(none),,,,
5x22285,192408,Loss,2019-09-17,295000.00,11x22284,SUMITOMO RUBBER,19x53,ask_shared_account:19x53,13,Benjamas Tanjit (19x51) x4,19x51,Benjamas Tanjit,high,
5x22289,192412,Loss,2019-09-17,22000.00,11x9612,PTT Global Chemical Public Company Limited,19x65,ask_shared_account:19x65,419,Chuanhathai Eakwongsupasarn (19x21) x102; Sarawut Viseshasiri (19x78) x35; Benjamas Tanjit (19x51) x1,19x21,Chuanhathai Eakwongsupasarn,high,
5x22330,192417,Loss,2019-09-18,600000.00,11x9635,Thairotary,19x53,ask_shared_account:19x53,2,(none),,,,
5x22338,192420,Order,2019-09-18,110000.00,11x9612,PTT Global Chemical Public Company Limited,19x65,ask_shared_account:19x65,419,Chuanhathai Eakwongsupasarn (19x21) x102; Sarawut Viseshasiri (19x78) x35; Benjamas Tanjit (19x51) x1,19x21,Chuanhathai Eakwongsupasarn,high,
5x23503,193004,Loss,2019-10-10,43000.00,11x23502,UBE,19x65,ask_shared_account:19x65,11,(none),,,,
5x23509,193008,Order,2019-10-10,55300.00,11x9612,PTT Global Chemical Public Company Limited,19x65,ask_shared_account:19x65,419,Chuanhathai Eakwongsupasarn (19x21) x102; Sarawut Viseshasiri (19x78) x35; Benjamas Tanjit (19x51) x1,19x21,Chuanhathai Eakwongsupasarn,high,
5x23632,193035,Loss,2019-10-15,45000.00,11x9612,PTT Global Chemical Public Company Limited,19x65,ask_shared_account:19x65,419,Chuanhathai Eakwongsupasarn (19x21) x102; Sarawut Viseshasiri (19x78) x35; Benjamas Tanjit (19x51) x1,19x21,Chuanhathai Eakwongsupasarn,high,
5x23699,193043,Order,2019-10-16,44175.00,11x22263,"Glow Energy Public Co., Ltd.",19x65,ask_shared_account:19x65,17,(none),,,,
5x23787,193073,Order,2019-10-18,71800.00,11x11847,TPI POLENE,19x22,ask_shared_account:19x22,218,Chuanhathai Eakwongsupasarn (19x21) x37; Tanaporn Chanchanaroj (19x89) x20; Sarawut Viseshasiri (19x78) x14; Saovaluck Jangjai (19x19) x2,19x21,Chuanhathai Eakwongsupasarn,medium,
5x23789,193075,Loss,2019-10-18,99980.00,11x9612,PTT Global Chemical Public Company Limited,19x65,ask_shared_account:19x65,419,Chuanhathai Eakwongsupasarn (19x21) x102; Sarawut Viseshasiri (19x78) x35; Benjamas Tanjit (19x51) x1,19x21,Chuanhathai Eakwongsupasarn,high,
5x24295,193158,Order,2019-10-29,229000.00,11x22263,"Glow Energy Public Co., Ltd.",19x65,ask_shared_account:19x65,17,(none),,,,
5x24391,193168,Order,2019-10-30,9500.00,11x9612,PTT Global Chemical Public Company Limited,19x65,ask_shared_account:19x65,419,Chuanhathai Eakwongsupasarn (19x21) x102; Sarawut Viseshasiri (19x78) x35; Benjamas Tanjit (19x51) x1,19x21,Chuanhathai Eakwongsupasarn,high,
5x27142,200009,Loss,2020-01-03,143000.00,11x12172,JSR BST Elastomer (JBE),19x54,ask_shared_account:19x54,19,(none),,,,
5x27195,200015,Loss,2020-01-06,0.00,11x24185,บริษัท ทวีทรัพย์ แมชชินเนอรี่ แอนด์ เซอร์วิส จำกัด,19x36,ask_shared_account:19x36,8,(none),,,,
5x27316,200040,Order,2020-01-08,100000.00,11x12248,"SCG Chemicals Co.,Ltd.",19x53,ask_shared_account:19x53,141,Benjamas Tanjit (19x51) x126; Sarawut Viseshasiri (19x78) x1; Tanaporn Chanchanaroj (19x89) x1,19x51,Benjamas Tanjit,high,
5x27348,200050,Order,2020-01-09,47300.00,11x12248,"SCG Chemicals Co.,Ltd.",19x53,ask_shared_account:19x53,141,Benjamas Tanjit (19x51) x126; Sarawut Viseshasiri (19x78) x1; Tanaporn Chanchanaroj (19x89) x1,19x51,Benjamas Tanjit,high,
5x27417,200067,Loss,2020-01-13,350000.00,11x22041,บริษัท เวิลด์ไวด์ โซลูชั่นส์ 2014 จำกัด,19x36,ask_shared_account:19x36,2,(none),,,,
5x27467,200070,Order,2020-01-13,1260.00,11x12248,"SCG Chemicals Co.,Ltd.",19x53,ask_shared_account:19x53,141,Benjamas Tanjit (19x51) x126; Sarawut Viseshasiri (19x78) x1; Tanaporn Chanchanaroj (19x89) x1,19x51,Benjamas Tanjit,high,
5x27516,200076,Order,2020-01-14,90000.00,11x27515,"Mitsubishi Chemical Performance Polymers (Thailand) Co., Ltd.",19x65,ask_shared_account:19x65,1,(none),,,,
5x27523,200083,Order,2020-01-14,7220.00,11x9612,PTT Global Chemical Public Company Limited,19x65,ask_shared_account:19x65,419,Chuanhathai Eakwongsupasarn (19x21) x102; Sarawut Viseshasiri (19x78) x35; Benjamas Tanjit (19x51) x1,19x21,Chuanhathai Eakwongsupasarn,high,
5x27530,200089,Order,2020-01-14,40000000.00,11x26567,PTT GSP,19x54,ask_shared_account:19x54,24,Chuanhathai Eakwongsupasarn (19x21) x3; Sarawut Viseshasiri (19x78) x2,19x21,Chuanhathai Eakwongsupasarn,high,
5x27532,200090,Loss,2020-01-14,400000.00,11x27531,"TECH  VICE CO., LTD.",19x65,ask_shared_account:19x65,1,(none),,,,
5x27635,200130,Order,2020-01-17,75000.00,11x26567,PTT GSP,19x54,ask_shared_account:19x54,24,Chuanhathai Eakwongsupasarn (19x21) x3; Sarawut Viseshasiri (19x78) x2,19x21,Chuanhathai Eakwongsupasarn,high,
5x27644,200136,Loss,2020-01-17,200000.00,11x27643,PTT LNG,19x65,ask_shared_account:19x65,1,(none),,,,
5x163590,232822,Loss,2023-10-25,80000000.00,11x11847,TPI POLENE,19x22,ask_shared_account:19x22,218,Chuanhathai Eakwongsupasarn (19x21) x37; Tanaporn Chanchanaroj (19x89) x20; Sarawut Viseshasiri (19x78) x14; Saovaluck Jangjai (19x19) x2,19x21,Chuanhathai Eakwongsupasarn,medium,
5x169234,233183,Loss,2023-12-06,261000.00,11x9051,TTCL,19x53,ask_shared_account:19x53,13,Chuanhathai Eakwongsupasarn (19x21) x8; Udomlak Panya-Apiban (19x48) x1; Satika Saengsumrit (19x32) x1,19x21,Chuanhathai Eakwongsupasarn,high,
5x172893,240199,Loss,2024-01-21,28750.00,11x172890,Howden (Thailand),19x47,ask_account_is_jom,1,(none),,,,
5x195167,242071,Loss,2024-08-22,100000.00,11x90835,GULF NLL2,19x65,ask_shared_account:19x65,4,(none),,,,
5x204658,242994,Loss,2024-11-25,1881110000.00,11x9688,PTT Tank Terminal Company Limited,19x65,ask_shared_account:19x65,9,(none),,,,
5x213617,250492,Postpone,2025-02-19,698200.00,11x213616,NGV เขาหินซ้อน,19x47,ask_account_is_jom,1,(none),,,,
5x213850,250541,Order,2025-02-22,535100.00,11x2982,บริษัท ทรายทอง เอ็นจีวี จำกัด,19x47,ask_account_is_jom,1,(none),,,,
5x225128,251422,Postpone,2025-05-29,7324664.00,11x225127,บริษัท สุขสมเกียรติขนส่ง (2004) จำกัด,19x47,ask_account_is_jom,1,(none),,,,
