quote_id,subject,status_before,owner_before,owner_written,owner_after,result
5x92979,221151,Loss,19x45,,19x45,skipped_owner_already_changed
5x182325,241059,Loss,19x47,19x77,19x77,ok
5x182512,240926,Loss,19x47,19x23,19x23,ok
5x185009,241176,Loss,19x47,19x45,19x45,ok
5x186386,241325,Loss,19x47,19x45,19x45,ok
5x195782,242120,Loss,19x47,19x74,19x74,ok
5x196168,242129,Loss,19x47,19x23,19x23,ok
5x210820,250277,Loss,19x47,19x74,19x74,ok
5x254808,260557,Loss,19x47,19x1,19x1,ok
5x204644,242990,Postpone,19x47,19x1,19x1,ok
5x209499,250014,Postpone,19x47,19x51,19x51,ok
5x212049,250318,Postpone,19x47,19x74,19x74,ok
5x213624,250495,Postpone,19x47,19x65,19x65,ok
5x213993,250543,Postpone,19x47,19x74,19x74,ok
5x214066,250556,Postpone,19x47,19x74,19x74,ok
5x214089,250569,Postpone,19x47,19x74,19x74,ok
5x215973,250647,Postpone,19x47,19x92,19x92,ok
5x215996,250652,Postpone,19x47,19x44,19x44,ok
5x217444,250815,Postpone,19x47,19x92,19x92,ok
5x217461,250824,Postpone,19x47,19x18,19x18,ok
5x217468,250828,Postpone,19x47,19x51,19x51,ok
5x217677,250855,Postpone,19x47,19x77,19x77,ok
5x217709,250857,Postpone,19x47,19x74,19x74,ok
5x217946,250881,Postpone,19x47,19x51,19x51,ok
5x220589,251001,Postpone,19x47,19x77,19x77,ok
5x221060,251074,Postpone,19x47,19x70,19x70,ok
5x221177,251098,Postpone,19x47,19x51,19x51,ok
5x221628,251137,Postpone,19x47,19x18,19x18,ok
5x222472,251174,Postpone,19x47,19x77,19x77,ok
5x223348,251190,Postpone,19x47,19x74,19x74,ok
5x223952,251263,Postpone,19x47,19x53,19x53,ok
5x224865,251393,Postpone,19x47,19x34,19x34,ok
5x225285,251431,Postpone,19x47,19x51,19x51,ok
5x226180,251453,Postpone,19x47,19x43,19x43,ok
5x227222,251496,Postpone,19x47,19x13,19x13,ok
5x227366,251543,Postpone,19x47,19x74,19x74,ok
5x227689,251594,Postpone,19x47,19x70,19x70,ok
5x227758,251610,Postpone,19x47,19x1,19x1,ok
5x227920,251628,Postpone,19x47,19x1,19x1,ok
5x227930,251629,Postpone,19x47,19x92,19x92,ok
5x229161,251701,Postpone,19x47,19x51,19x51,ok
5x230395,251801,Postpone,19x47,19x92,19x92,ok
5x230491,251813,Postpone,19x47,19x77,19x77,ok
5x230603,252781,Postpone,19x47,19x80,19x80,ok
5x230835,251852,Postpone,19x47,19x78,19x78,ok
5x231365,251932,Postpone,19x47,19x89,19x89,ok
5x231382,251765,Postpone,19x47,19x45,19x45,ok
5x231494,251767,Postpone,19x47,19x74,19x74,ok
5x232128,251966,Postpone,19x47,19x90,19x90,ok
5x232779,251974,Postpone,19x47,19x1,19x1,ok
5x232869,251976,Postpone,19x47,19x51,19x51,ok
5x233862,252058,Postpone,19x47,19x70,19x70,ok
5x234458,252173,Postpone,19x47,19x45,19x45,ok
5x234460,252175,Postpone,19x47,19x89,19x89,ok
5x234581,252180,Postpone,19x47,19x43,19x43,ok
5x235227,252286,Postpone,19x47,19x51,19x51,ok
5x236170,252265,Postpone,19x47,19x78,19x78,ok
5x237634,252997,Postpone,19x47,19x74,19x74,ok
5x237690,252432,Postpone,19x47,19x64,19x64,ok
5x237911,252430,Postpone,19x47,19x74,19x74,ok
5x238914,252555,Postpone,19x47,19x78,19x78,ok
5x240355,252604,Postpone,19x47,19x45,19x45,ok
5x240371,253020,Postpone,19x47,19x78,19x78,ok
5x240507,252634,Postpone,19x47,19x1,19x1,ok
5x240778,252689,Postpone,19x47,19x89,19x89,ok
5x241363,252761,Postpone,19x47,19x96,19x96,ok
5x241682,252825,Postpone,19x47,19x74,19x74,ok
5x241683,252826,Postpone,19x47,19x74,19x74,ok
5x242084,252849,Postpone,19x47,19x92,19x92,ok
5x242691,252878,Postpone,19x47,19x23,19x23,ok
5x243932,252927,Postpone,19x47,19x88,19x88,ok
5x244401,253093,Postpone,19x47,19x74,19x74,ok
5x244429,253097,Postpone,19x47,19x29,19x29,ok
5x244430,253098,Postpone,19x47,19x29,19x29,ok
5x244518,253109,Postpone,19x47,19x1,19x1,ok
5x244659,253137,Postpone,19x47,19x88,19x88,ok
5x244662,253140,Postpone,19x47,19x88,19x88,ok
5x244796,253145,Postpone,19x47,19x74,19x74,ok
5x244802,253148,Postpone,19x47,19x96,19x96,ok
5x244831,253153,Postpone,19x47,19x90,19x90,ok
5x245699,253183,Postpone,19x47,19x29,19x29,ok
5x246067,253206,Postpone,19x47,19x65,19x65,ok
5x247220,253265,Postpone,19x47,19x77,19x77,ok
5x247229,253267,Postpone,19x47,19x22,19x22,ok
5x247252,253268,Postpone,19x47,19x74,19x74,ok
5x247361,253290,Postpone,19x47,19x53,19x53,ok
5x247603,253326,Postpone,19x47,19x1,19x1,ok
5x247712,253334,Postpone,19x47,19x96,19x96,ok
5x247850,253341,Postpone,19x47,19x27,19x27,ok
5x247851,253342,Postpone,19x47,19x27,19x27,ok
5x247852,253343,Postpone,19x47,19x27,19x27,ok
5x248069,253362,Postpone,19x47,19x1,19x1,ok
5x248827,253397,Postpone,19x47,19x18,19x18,ok
5x249859,260002,Postpone,19x47,19x45,19x45,ok
5x250086,260005,Postpone,19x47,19x89,19x89,ok
5x250124,260007,Postpone,19x47,19x1,19x1,ok
5x250128,260008,Postpone,19x47,19x34,19x34,ok
5x250159,260010,Postpone,19x47,19x64,19x64,ok
5x250177,260011,Postpone,19x47,19x45,19x45,ok
5x250197,260013,Postpone,19x47,19x65,19x65,ok
5x250205,260017,Postpone,19x47,19x19,19x19,ok
5x250211,260020,Postpone,19x47,19x45,19x45,ok
5x250242,260029,Postpone,19x47,19x51,19x51,ok
5x250249,260031,Postpone,19x47,19x51,19x51,ok
5x250257,260032,Postpone,19x47,19x29,19x29,ok
5x250286,260035,Postpone,19x47,19x21,19x21,ok
5x250287,260036,Postpone,19x47,19x74,19x74,ok
5x250288,260037,Postpone,19x47,19x74,19x74,ok
5x250289,260038,Postpone,19x47,19x88,19x88,ok
5x250293,260041,Postpone,19x47,19x1,19x1,ok
5x250300,260043,Postpone,19x47,19x23,19x23,ok
5x250304,260047,Postpone,19x47,19x29,19x29,ok
5x250305,260048,Postpone,19x47,19x1,19x1,ok
5x250334,260061,Postpone,19x47,19x1,19x1,ok
5x250427,260066,Postpone,19x47,19x23,19x23,ok
5x250431,260069,Postpone,19x47,19x27,19x27,ok
5x250441,260074,Postpone,19x47,19x23,19x23,ok
5x250448,260075,Postpone,19x47,19x34,19x34,ok
5x250449,260076,Postpone,19x47,19x74,19x74,ok
5x250453,260080,Postpone,19x47,19x74,19x74,ok
5x250480,260083,Postpone,19x47,19x45,19x45,ok
5x250485,260085,Postpone,19x47,19x43,19x43,ok
5x250486,260086,Postpone,19x47,19x43,19x43,ok
5x250489,260088,Postpone,19x47,19x34,19x34,ok
5x250492,260090,Postpone,19x47,19x37,19x37,ok
5x250498,260093,Postpone,19x47,19x1,19x1,ok
5x250513,260098,Postpone,19x47,19x27,19x27,ok
5x250518,260100,Postpone,19x47,19x27,19x27,ok
5x250519,260101,Postpone,19x47,19x92,19x92,ok
5x250523,260105,Postpone,19x47,19x88,19x88,ok
5x250557,260108,Postpone,19x47,19x54,19x54,ok
5x250566,260109,Postpone,19x47,19x18,19x18,ok
5x250578,260113,Postpone,19x47,19x77,19x77,ok
5x250579,260114,Postpone,19x47,19x51,19x51,ok
5x250580,260115,Postpone,19x47,19x1,19x1,ok
5x250589,260123,Postpone,19x47,19x77,19x77,ok
5x250591,260125,Postpone,19x47,19x88,19x88,ok
5x250594,260128,Postpone,19x47,19x96,19x96,ok
5x250664,260130,Postpone,19x47,19x1,19x1,ok
5x250666,260131,Postpone,19x47,19x23,19x23,ok
5x250670,253400,Postpone,19x47,19x54,19x54,ok
5x250675,260137,Postpone,19x47,19x74,19x74,ok
5x250676,260138,Postpone,19x47,19x43,19x43,ok
5x250686,260140,Postpone,19x47,19x74,19x74,ok
5x250791,260151,Postpone,19x47,19x74,19x74,ok
5x250883,260167,Postpone,19x47,19x74,19x74,ok
5x250886,260169,Postpone,19x47,19x74,19x74,ok
5x250891,260174,Postpone,19x47,19x27,19x27,ok
5x251057,260221,Postpone,19x47,19x74,19x74,ok
5x251111,260233,Postpone,19x47,19x27,19x27,ok
5x251121,260235,Postpone,19x47,19x27,19x27,ok
5x251233,260242,Postpone,19x47,19x43,19x43,ok
5x251238,260245,Postpone,19x47,19x37,19x37,ok
5x251379,260258,Postpone,19x47,19x45,19x45,ok
5x251398,260263,Postpone,19x47,19x1,19x1,ok
5x251510,260270,Postpone,19x47,19x34,19x34,ok
5x252179,260279,Postpone,19x47,19x78,19x78,ok
5x252216,260285,Postpone,19x47,19x19,19x19,ok
5x252344,260287,Postpone,19x47,19x44,19x44,ok
5x252351,260290,Postpone,19x47,19x45,19x45,ok
5x252475,260298,Postpone,19x47,19x74,19x74,ok
5x252496,260302,Postpone,19x47,19x27,19x27,ok
5x253385,260318,Postpone,19x47,19x96,19x96,ok
5x253387,260319,Postpone,19x47,19x96,19x96,ok
5x253413,260326,Postpone,19x47,19x27,19x27,ok
5x253418,260330,Postpone,19x47,19x36,19x36,ok
5x253433,260342,Postpone,19x47,19x18,19x18,ok
5x253437,260345,Postpone,19x47,19x45,19x45,ok
5x253581,260351,Postpone,19x47,19x27,19x27,ok
5x253763,260376,Postpone,19x47,19x88,19x88,ok
5x253770,260379,Postpone,19x47,19x88,19x88,ok
5x254115,260462,Postpone,19x47,19x1,19x1,ok
5x254117,260463,Postpone,19x47,19x77,19x77,ok
5x254141,260468,Postpone,19x47,19x51,19x51,ok
5x254143,260471,Postpone,19x47,19x89,19x89,ok
5x254174,260479,Postpone,19x47,19x43,19x43,ok
5x254178,260480,Postpone,19x47,19x51,19x51,ok
5x254183,260482,Postpone,19x47,19x92,19x92,ok
5x254228,260485,Postpone,19x47,19x74,19x74,ok
5x254235,260489,Postpone,19x47,19x88,19x88,ok
5x254243,260497,Postpone,19x47,19x64,19x64,ok
5x254256,260500,Postpone,19x47,19x1,19x1,ok
5x254262,260502,Postpone,19x47,19x92,19x92,ok
5x254397,260504,Postpone,19x47,19x18,19x18,ok
5x254399,260505,Postpone,19x47,19x96,19x96,ok
5x254404,260506,Postpone,19x47,19x88,19x88,ok
5x254405,260507,Postpone,19x47,19x77,19x77,ok
5x254425,260509,Postpone,19x47,19x77,19x77,ok
5x254503,260512,Postpone,19x47,19x45,19x45,ok
5x254504,260513,Postpone,19x47,19x27,19x27,ok
5x254537,260515,Postpone,19x47,19x78,19x78,ok
5x254587,260516,Postpone,19x47,19x18,19x18,ok
5x254594,260518,Postpone,19x47,19x74,19x74,ok
5x254620,260520,Postpone,19x47,19x51,19x51,ok
5x254622,260522,Postpone,19x47,19x53,19x53,ok
5x254627,260524,Postpone,19x47,19x34,19x34,ok
5x254628,260525,Postpone,19x47,19x77,19x77,ok
5x254631,260527,Postpone,19x47,19x45,19x45,ok
5x254632,260528,Postpone,19x47,19x19,19x19,ok
5x254647,260534,Postpone,19x47,19x96,19x96,ok
5x254684,260536,Postpone,19x47,19x88,19x88,ok
5x254685,260537,Postpone,19x47,19x74,19x74,ok
5x254693,260538,Postpone,19x47,19x34,19x34,ok
5x254735,260543,Postpone,19x47,19x88,19x88,ok
5x254756,260545,Postpone,19x47,19x37,19x37,ok
5x254769,260547,Postpone,19x47,19x89,19x89,ok
5x254776,260552,Postpone,19x47,19x27,19x27,ok
5x254778,260553,Postpone,19x47,19x43,19x43,ok
5x254781,260554,Postpone,19x47,19x19,19x19,ok
5x254783,260555,Postpone,19x47,19x43,19x43,ok
5x254788,260556,Postpone,19x47,19x90,19x90,ok
5x254820,260561,Postpone,19x47,19x13,19x13,ok
5x254821,260562,Postpone,19x47,19x78,19x78,ok
5x254899,260568,Postpone,19x47,19x89,19x89,ok
5x254903,260569,Postpone,19x47,19x64,19x64,ok
5x254908,260571,Postpone,19x47,19x74,19x74,ok
5x254915,260573,Postpone,19x47,19x74,19x74,ok
5x254921,260574,Postpone,19x47,19x43,19x43,ok
5x255364,260576,Postpone,19x47,19x74,19x74,ok
5x255481,260579,Postpone,19x47,19x96,19x96,ok
5x255485,260583,Postpone,19x47,19x27,19x27,ok
5x255489,260587,Postpone,19x47,19x78,19x78,ok
5x255493,260589,Postpone,19x47,19x31,19x31,ok
5x255508,260590,Postpone,19x47,19x45,19x45,ok
5x255547,260591,Postpone,19x47,19x92,19x92,ok
5x255549,260592,Postpone,19x47,19x34,19x34,ok
5x255608,260593,Postpone,19x47,19x18,19x18,ok
5x255653,260598,Postpone,19x47,19x45,19x45,ok
5x255659,260601,Postpone,19x47,19x43,19x43,ok
5x255673,260603,Postpone,19x47,19x45,19x45,ok
5x255730,260606,Postpone,19x47,19x43,19x43,ok
5x255731,260607,Postpone,19x47,19x65,19x65,ok
5x255797,260611,Postpone,19x47,19x74,19x74,ok
5x255870,260612,Postpone,19x47,19x74,19x74,ok
5x255882,260613,Postpone,19x47,19x1,19x1,ok
5x256039,260618,Postpone,19x47,19x27,19x27,ok
5x256217,260619,Postpone,19x47,19x23,19x23,ok
5x256266,260623,Postpone,19x47,19x89,19x89,ok
5x256271,260627,Postpone,19x47,19x89,19x89,ok
5x256273,260628,Postpone,19x47,19x80,19x80,ok
5x256274,260629,Postpone,19x47,19x77,19x77,ok
5x256277,260632,Postpone,19x47,19x27,19x27,ok
5x256356,260633,Postpone,19x47,19x92,19x92,ok
5x256360,260634,Postpone,19x47,19x65,19x65,ok
5x256370,260638,Postpone,19x47,19x1,19x1,ok
5x256420,260643,Postpone,19x47,19x89,19x89,ok
5x256437,260645,Postpone,19x47,19x31,19x31,ok
5x256440,260648,Postpone,19x47,19x96,19x96,ok
5x256445,260649,Postpone,19x47,19x89,19x89,ok
5x256579,260655,Postpone,19x47,19x27,19x27,ok
5x256582,260657,Postpone,19x47,19x1,19x1,ok
5x256778,260665,Postpone,19x47,19x23,19x23,ok
5x256900,260678,Postpone,19x47,19x22,19x22,ok
5x256905,260680,Postpone,19x47,19x1,19x1,ok
5x256930,260686,Postpone,19x47,19x1,19x1,ok
5x256935,260690,Postpone,19x47,19x1,19x1,ok
5x256951,260694,Postpone,19x47,19x34,19x34,ok
5x256953,260696,Postpone,19x47,19x45,19x45,ok
5x256957,260697,Postpone,19x47,19x23,19x23,ok
5x256970,260699,Postpone,19x47,19x22,19x22,ok
5x256974,260701,Postpone,19x47,19x1,19x1,ok
5x256975,260702,Postpone,19x47,19x53,19x53,ok
5x257019,260710,Postpone,19x47,19x45,19x45,ok
5x257023,260711,Postpone,19x47,19x74,19x74,ok
5x257062,260712,Postpone,19x47,19x78,19x78,ok
5x257063,260713,Postpone,19x47,19x27,19x27,ok
5x257065,260714,Postpone,19x47,19x89,19x89,ok
5x257066,260715,Postpone,19x47,19x74,19x74,ok
5x257067,260716,Postpone,19x47,19x1,19x1,ok
5x257070,260717,Postpone,19x47,19x78,19x78,ok
5x257076,260718,Postpone,19x47,19x51,19x51,ok
5x257079,260721,Postpone,19x47,19x92,19x92,ok
5x257082,260722,Postpone,19x47,19x96,19x96,ok
5x257083,260723,Postpone,19x47,19x13,19x13,ok
5x257084,260724,Postpone,19x47,19x27,19x27,ok
5x257086,260725,Postpone,19x47,19x23,19x23,ok
5x257087,260726,Postpone,19x47,19x51,19x51,ok
5x257089,260727,Postpone,19x47,19x43,19x43,ok
5x257110,260731,Postpone,19x47,19x19,19x19,ok
5x257111,260732,Postpone,19x47,19x65,19x65,ok
5x257112,260733,Postpone,19x47,19x51,19x51,ok
5x257116,260734,Postpone,19x47,19x23,19x23,ok
5x257118,260737,Postpone,19x47,19x65,19x65,ok
5x257122,260739,Postpone,19x47,19x27,19x27,ok
5x257125,260740,Postpone,19x47,19x74,19x74,ok
5x257131,260742,Postpone,19x47,19x34,19x34,ok
5x257132,260743,Postpone,19x47,19x18,19x18,ok
5x257133,260744,Postpone,19x47,19x70,19x70,ok
5x257137,260746,Postpone,19x47,19x88,19x88,ok
5x257138,260747,Postpone,19x47,19x23,19x23,ok
5x257139,260748,Postpone,19x47,19x27,19x27,ok
5x257140,260749,Postpone,19x47,19x27,19x27,ok
5x257142,260751,Postpone,19x47,19x92,19x92,ok
5x257156,260755,Postpone,19x47,19x23,19x23,ok
5x257157,260756,Postpone,19x47,19x43,19x43,ok
5x257158,260757,Postpone,19x47,19x1,19x1,ok
5x257160,260759,Postpone,19x47,19x88,19x88,ok
5x257170,260762,Postpone,19x47,19x22,19x22,ok
5x257194,260764,Postpone,19x47,19x23,19x23,ok
5x257197,260767,Postpone,19x47,19x43,19x43,ok
5x257199,260769,Postpone,19x47,19x37,19x37,ok
5x257201,260771,Postpone,19x47,19x77,19x77,ok
5x257209,260773,Postpone,19x47,19x70,19x70,ok
5x257228,260775,Postpone,19x47,19x48,19x48,ok
5x257358,260781,Postpone,19x47,19x23,19x23,ok
5x257361,260782,Postpone,19x47,19x34,19x34,ok
5x257362,260783,Postpone,19x47,19x88,19x88,ok
5x257383,260787,Postpone,19x47,19x23,19x23,ok
5x257396,260790,Postpone,19x47,19x37,19x37,ok
5x257413,260799,Postpone,19x47,19x13,19x13,ok
5x257414,260800,Postpone,19x47,19x13,19x13,ok
5x257415,260801,Postpone,19x47,19x34,19x34,ok
5x257417,260802,Postpone,19x47,19x37,19x37,ok
5x257437,260816,Postpone,19x47,19x19,19x19,ok
5x257447,260823,Postpone,19x47,19x27,19x27,ok
5x257448,260824,Postpone,19x47,19x51,19x51,ok
5x257503,260833,Postpone,19x47,19x27,19x27,ok
5x257521,260834,Postpone,19x47,19x31,19x31,ok
5x257618,260843,Postpone,19x47,19x43,19x43,ok
5x257709,260853,Postpone,19x47,19x1,19x1,ok
5x257949,260862,Postpone,19x47,19x34,19x34,ok
5x257950,260863,Postpone,19x47,19x27,19x27,ok
5x257952,260864,Postpone,19x47,19x31,19x31,ok
5x257966,260867,Postpone,19x47,19x74,19x74,ok
