quote_id,subject,status,created,modified,account_id,account_name,account_owner_id,verdict
5x7304,190256,Order,2019-07-19,2026-09-01 06:09:25,11x2729,บริษัท โกลบอลกรีนเคมิคอล จำกัด (มหาชน),19x78,restore
5x7346,190363,Order,2019-07-19,2026-09-01 06:12:45,11x2309,บริษัท แฟร์เทค จำกัด,19x51,restore
5x7370,190428,Loss,2019-07-19,2026-07-25 13:22:19,11x2350,บริษัท เอเชียเพาเวอร์ แอนด์ ดีเวลลอปเมนต์ จำกัด,19x1,ask_admin_owned_account
5x7374,190435,Order,2019-07-19,2026-09-01 06:07:22,11x2582,บริษัท เอ.พี.วิชั่น เอ็นจิเนียริ่ง จำกัด,19x1,ask_admin_owned_account
5x7382,190452,Loss,2019-07-19,2026-07-25 13:22:20,11x5073,ST,19x1,ask_admin_owned_account
5x7387,190465,Order,2019-07-19,2026-09-01 06:08:46,11x1562,บริษัท ไตร เอนเนอจี้ จำกัด,19x1,ask_admin_owned_account
5x7403,190522,Loss,2019-07-19,2026-07-25 15:07:01,11x1142,บริษัท เฟ้ลปส์ ดอด์จ อินเตอร์เนชั่นแนล (ไทยแลนด์) จำกัด,19x1,ask_admin_owned_account
5x7421,190554,Order,2019-07-19,2026-09-01 06:13:28,11x1080,HMC Polymers Company  Limited,19x90,restore
5x7437,190583,Loss,2019-07-19,2026-07-25 13:22:30,11x2722,บริษัท โกลบอล เอ็นไวรอนเมนทอล เทคโนโลยี จำกัด,19x74,restore
5x7461,190633,Order,2019-07-19,2026-09-01 06:10:08,11x3088,บริษัท เอ็นเอส-สยามยูไนเต็ดสตีล จำกัด,19x90,restore
5x7466,190644,Loss,2019-07-19,2026-07-25 13:22:37,11x1492,บริษัท เบสท์เทรด เทคโนโลยี จำกัด,19x1,ask_admin_owned_account
5x7495,190712,Loss,2019-07-19,2026-07-25 13:22:45,11x1832,บริษัท ชูบุราชบุรี อีเลคทริคเซอร์วิส จำกัด,19x1,ask_admin_owned_account
5x7521,190769,Loss,2019-07-19,2026-07-25 13:22:48,11x1763,บริษัท คอสมอส บริวเวอรี่ (ประเทศไทย) จำกัด,19x74,restore
5x7525,190777,Loss,2019-07-19,2026-07-25 13:22:48,11x2840,บริษัท ไทย โรตารี่ เอ็นจิเนียริ่ง จำกัด (มหาชน),19x1,ask_admin_owned_account
5x7547,190827,Loss,2019-07-19,2026-07-25 13:22:53,11x955,บริษัท ไทยยูเนี่ยน โฟรเซ่นโปรดักส์ จำกัด (มหาชน),19x1,ask_admin_owned_account
5x7550,190835,Loss,2019-07-19,2026-07-25 13:22:53,11x924,บริษัท เนาวรัตน์พัฒนาการ จำกัด (มหาชน),19x1,ask_admin_owned_account
5x7563,190860,Loss,2019-07-19,2026-07-25 13:22:55,11x2275,บริษัท กรุงเทพ ซินธิติกส์ จำกัด,19x90,restore
5x7565,190868,Loss,2019-07-19,2026-07-25 13:22:55,11x2840,บริษัท ไทย โรตารี่ เอ็นจิเนียริ่ง จำกัด (มหาชน),19x1,ask_admin_owned_account
5x7576,190894,Loss,2019-07-19,2026-07-25 13:22:56,11x924,บริษัท เนาวรัตน์พัฒนาการ จำกัด (มหาชน),19x1,ask_admin_owned_account
5x7577,190895,Loss,2019-07-19,2026-07-25 13:22:56,11x924,บริษัท เนาวรัตน์พัฒนาการ จำกัด (มหาชน),19x1,ask_admin_owned_account
5x7578,190896,Loss,2019-07-19,2026-07-25 13:22:56,11x924,บริษัท เนาวรัตน์พัฒนาการ จำกัด (มหาชน),19x1,ask_admin_owned_account
5x7590,190920,Loss,2019-07-19,2026-07-25 13:22:57,11x2448,บริษัท เจเอสอาร์ บีเอสที อิลาสโตเมอร์ จำกัด,19x1,ask_admin_owned_account
5x7601,190939,Loss,2019-07-19,2026-08-02 02:27:00,11x924,บริษัท เนาวรัตน์พัฒนาการ จำกัด (มหาชน),19x1,ask_admin_owned_account
5x7605,190947,Loss,2019-07-19,2026-07-25 13:22:59,11x1507,บริษัท ซีโก้แอสฟัลท์ จำกัด,19x45,restore
5x7610,190958,Loss,2019-07-19,2026-07-25 13:22:59,11x2814,บริษัท เจ.ไอ.ที.อีควิปเม้นท์ จำกัด,19x77,restore
5x7612,190961,Order,2019-07-19,2026-09-01 06:06:27,11x1904,บริษัท เอเชีย ซิลิโคนส์ โมโนเมอร์ จำกัด,19x51,restore
5x7627,190997,Order,2019-07-19,2026-09-01 06:11:57,11x2448,บริษัท เจเอสอาร์ บีเอสที อิลาสโตเมอร์ จำกัด,19x1,ask_admin_owned_account
5x7659,191066,Order,2019-07-19,2026-09-01 06:09:33,11x2025,บริษัท ซูมิโตโม รับเบอร์ (ไทยแลนด์) จำกัด,19x51,restore
5x7667,191083,Order,2019-07-19,2026-09-01 06:12:23,11x2844,บริษัท เจลลี เบลลี แคนดี้ คอมปานี (ประเทศไทย) จำกัด,19x1,ask_admin_owned_account
5x7668,191084,Loss,2019-07-19,2026-07-25 13:23:03,11x3004,บริษัท โมเมนทีฟ เพอร์ฟอร์แมนซ์ แมททีเรียลส์ (ประเทศไทย) จำกัด,19x1,ask_admin_owned_account
5x7677,191103,Loss,2019-07-19,2026-07-25 13:23:06,11x1272,บริษัท คาโออินดัสเตรียล (ประเทศไทย)  จำกัด,19x74,restore
5x7679,191109,Order,2019-07-19,2026-09-01 06:12:44,11x2840,บริษัท ไทย โรตารี่ เอ็นจิเนียริ่ง จำกัด (มหาชน),19x1,ask_admin_owned_account
5x7693,191141,Order,2019-07-19,2026-09-01 06:12:40,11x1186,บริษัท เอส แอนด์ เจ อินเตอร์เนชั่นแนล เอนเตอร์ไพรส์ จำกัด,19x1,ask_admin_owned_account
5x7706,191181,Loss,2019-07-19,2026-07-25 13:23:08,11x3004,บริษัท โมเมนทีฟ เพอร์ฟอร์แมนซ์ แมททีเรียลส์ (ประเทศไทย) จำกัด,19x1,ask_admin_owned_account
5x7707,191182,Loss,2019-07-19,2026-07-25 13:23:09,11x3004,บริษัท โมเมนทีฟ เพอร์ฟอร์แมนซ์ แมททีเรียลส์ (ประเทศไทย) จำกัด,19x1,ask_admin_owned_account
5x7708,191183,Loss,2019-07-19,2026-07-25 13:23:09,11x1194,บริษัท เบอร์ลี่ ยุคเกอร์ ฟู้ดส์ จำกัด,19x1,ask_admin_owned_account
5x7727,191228,Order,2019-07-19,2026-09-01 06:15:59,11x1954,บริษัท ไทยโพลิเอททีลีน  จำกัด,19x1,ask_admin_owned_account
5x7735,191247,Order,2019-07-19,2026-09-01 06:07:32,11x1080,HMC Polymers Company  Limited,19x90,restore
5x7738,191251,Loss,2019-07-19,2026-07-25 13:23:14,11x1052,บริษัท โตโยอิ๊งค์ (ประเทศไทย) จำกัด,19x88,restore
5x7749,191271,Loss,2019-07-19,2026-07-25 13:23:15,11x1243,บริษัท แพรกซ์แอร์ (ประเทศไทย) จำกัด,19x90,restore
5x7751,191275,Order,2019-07-19,2026-09-01 06:09:19,11x2448,บริษัท เจเอสอาร์ บีเอสที อิลาสโตเมอร์ จำกัด,19x1,ask_admin_owned_account
5x7761,191288,Order,2019-07-19,2026-09-01 06:08:34,11x2448,บริษัท เจเอสอาร์ บีเอสที อิลาสโตเมอร์ จำกัด,19x1,ask_admin_owned_account
5x7764,191296,Order,2019-07-19,2026-09-01 08:01:42,11x1080,HMC Polymers Company  Limited,19x90,restore
5x7782,191334,Loss,2019-07-19,2026-07-25 13:23:19,11x2582,บริษัท เอ.พี.วิชั่น เอ็นจิเนียริ่ง จำกัด,19x1,ask_admin_owned_account
5x7788,191343,Loss,2019-07-19,2026-07-25 13:23:20,11x3004,บริษัท โมเมนทีฟ เพอร์ฟอร์แมนซ์ แมททีเรียลส์ (ประเทศไทย) จำกัด,19x1,ask_admin_owned_account
5x7796,191366,Loss,2019-07-19,2026-07-25 13:23:21,11x3004,บริษัท โมเมนทีฟ เพอร์ฟอร์แมนซ์ แมททีเรียลส์ (ประเทศไทย) จำกัด,19x1,ask_admin_owned_account
5x7803,191379,Order,2019-07-19,2026-09-01 06:06:21,11x1243,บริษัท แพรกซ์แอร์ (ประเทศไทย) จำกัด,19x90,restore
5x7827,191437,Order,2019-07-19,2026-09-01 06:10:51,11x2582,บริษัท เอ.พี.วิชั่น เอ็นจิเนียริ่ง จำกัด,19x1,ask_admin_owned_account
5x7857,191502,Loss,2019-07-19,2026-07-25 15:07:02,11x2898,บริษัท โพลีเทค เอเชีย จำกัด,19x1,ask_admin_owned_account
5x7872,191537,Loss,2019-07-19,2026-07-25 13:23:27,11x1821,บริษัท เพรซิเดนท์ไรซ์โปรดักส์ จำกัด (มหาชน),19x1,ask_admin_owned_account
5x7876,191547,Loss,2019-07-19,2026-08-14 07:55:53,11x952,บริษัท คอลเกต-ปาล์มโอลีฟ (ประเทศไทย)  จำกัด,19x74,restore
5x7881,191557,Loss,2019-07-19,2026-07-25 13:23:28,11x955,บริษัท ไทยยูเนี่ยน โฟรเซ่นโปรดักส์ จำกัด (มหาชน),19x1,ask_admin_owned_account
5x7912,191633,Order,2019-07-19,2026-09-01 06:11:45,11x2844,บริษัท เจลลี เบลลี แคนดี้ คอมปานี (ประเทศไทย) จำกัด,19x1,ask_admin_owned_account
5x7931,191676,Order,2019-07-19,2026-09-01 06:09:10,11x1904,บริษัท เอเชีย ซิลิโคนส์ โมโนเมอร์ จำกัด,19x51,restore
5x7944,191701,Loss,2019-07-19,2026-07-25 13:23:33,11x3004,บริษัท โมเมนทีฟ เพอร์ฟอร์แมนซ์ แมททีเรียลส์ (ประเทศไทย) จำกัด,19x1,ask_admin_owned_account
5x7969,191760,Order,2019-07-19,2026-09-01 06:07:16,11x9579,HMC Polymers,19x54,ask_shared_account:19x54
5x7998,190024,Order,2019-07-19,2026-09-01 06:09:50,11x1311,บริษัท บีเอสที อิลาสโตเมอร์ส จำกัด,19x90,restore
5x8000,190033,Loss,2019-07-19,2026-07-25 13:21:53,11x1921,บริษัท มาบตาพุดโอเลฟินส์ จำกัด,19x51,restore
5x8013,190090,Order,2019-07-19,2026-09-01 06:08:48,11x2151,บริษัท พีทีที โกลบอล เคมิคอล จำกัด (มหาชน),19x78,restore
5x8016,190093,Order,2019-07-19,2026-09-01 06:06:39,11x1951,บริษัท ทีพีที ปิโตรเคมิคอลส์ จำกัด (มหาชน),19x92,restore
5x8025,190104,Order,2019-07-19,2026-09-01 06:08:14,11x1645,บริษัท ทีเคเค คอร์ปอเรชั่น จำกัด,19x77,restore
5x8026,190107,Loss,2019-07-19,2026-07-25 13:21:58,11x1951,บริษัท ทีพีที ปิโตรเคมิคอลส์ จำกัด (มหาชน),19x92,restore
5x8035,190127,Order,2019-07-19,2026-09-01 06:10:05,11x1311,บริษัท บีเอสที อิลาสโตเมอร์ส จำกัด,19x90,restore
5x8041,190140,Order,2019-07-19,2026-09-01 06:06:39,11x1311,บริษัท บีเอสที อิลาสโตเมอร์ส จำกัด,19x90,restore
5x8044,190145,Loss,2019-07-19,2026-07-25 13:21:59,11x2780,บริษัท อินเด็กซ์ อินเตอร์เนชั่นแนล กรุ๊ป จำกัด,19x1,ask_admin_owned_account
5x8047,190152,Order,2019-07-19,2026-09-01 06:09:30,11x1311,บริษัท บีเอสที อิลาสโตเมอร์ส จำกัด,19x90,restore
5x8052,190166,Order,2019-07-19,2026-09-01 08:01:32,11x2151,บริษัท พีทีที โกลบอล เคมิคอล จำกัด (มหาชน),19x78,restore
5x8053,190167,Loss,2019-07-19,2026-07-25 13:22:00,11x2151,บริษัท พีทีที โกลบอล เคมิคอล จำกัด (มหาชน),19x78,restore
5x8056,190175,Loss,2019-07-19,2026-07-25 13:22:01,11x2151,บริษัท พีทีที โกลบอล เคมิคอล จำกัด (มหาชน),19x78,restore
5x8061,190194,Loss,2019-07-19,2026-07-25 13:22:01,11x2151,บริษัท พีทีที โกลบอล เคมิคอล จำกัด (มหาชน),19x78,restore
5x8062,190195,Loss,2019-07-19,2026-07-25 13:22:01,11x2151,บริษัท พีทีที โกลบอล เคมิคอล จำกัด (มหาชน),19x78,restore
5x8073,190226,Loss,2019-07-19,2026-07-25 13:22:04,11x2698,บริษัท ธิสเซ่นครุปป์ อินดัสเตรียล โซลูชั่น (ประเทศไทย) จำกัด,19x1,ask_admin_owned_account
5x8074,190227,Loss,2019-07-19,2026-07-25 13:22:05,11x2698,บริษัท ธิสเซ่นครุปป์ อินดัสเตรียล โซลูชั่น (ประเทศไทย) จำกัด,19x1,ask_admin_owned_account
5x8078,190234,Loss,2019-07-19,2026-07-25 13:22:05,11x2972,บริษัท ระยองเอ็นจิเนียริ่งโซลูชั่น จำกัด,19x1,ask_admin_owned_account
5x8081,190237,Loss,2019-07-19,2026-07-25 13:22:05,11x2151,บริษัท พีทีที โกลบอล เคมิคอล จำกัด (มหาชน),19x78,restore
5x8093,190265,Order,2019-07-19,2026-09-01 06:11:04,11x1311,บริษัท บีเอสที อิลาสโตเมอร์ส จำกัด,19x90,restore
5x8101,190283,Loss,2019-07-19,2026-07-25 13:22:07,11x1330,บริษัท บุญสูงเนิน ปั๊มแอนด์วาล์ว(ประเทศไทย) จำกัด,19x19,restore
5x8103,190287,Loss,2019-07-19,2026-07-25 13:22:07,11x1330,บริษัท บุญสูงเนิน ปั๊มแอนด์วาล์ว(ประเทศไทย) จำกัด,19x19,restore
5x8115,190311,Loss,2019-07-19,2026-07-25 13:22:13,11x931,บริษัท อุตสาหกรรมวิวัฒน์ จำกัด,19x1,ask_admin_owned_account
5x8119,190320,Loss,2019-07-19,2026-07-25 13:22:13,11x1311,บริษัท บีเอสที อิลาสโตเมอร์ส จำกัด,19x90,restore
5x8122,190334,Loss,2019-07-19,2026-07-25 13:22:14,11x1951,บริษัท ทีพีที ปิโตรเคมิคอลส์ จำกัด (มหาชน),19x92,restore
5x8127,190341,Loss,2019-07-19,2026-07-25 13:22:14,11x1311,บริษัท บีเอสที อิลาสโตเมอร์ส จำกัด,19x90,restore
5x8129,190347,Order,2019-07-19,2026-09-01 06:12:59,11x2151,บริษัท พีทีที โกลบอล เคมิคอล จำกัด (มหาชน),19x78,restore
5x8132,190350,Order,2019-07-19,2026-09-01 06:14:25,11x1311,บริษัท บีเอสที อิลาสโตเมอร์ส จำกัด,19x90,restore
5x8134,190352,Order,2019-07-19,2026-09-01 06:07:09,11x3078,บริษัท พีทีที แทงค์ เทอร์มินัล จำกัด,19x78,restore
5x8153,190390,Order,2019-07-19,2026-09-01 06:13:18,11x2487,บริษัท ยูไนเตดแอสฟัลท์โปรดักซ์ จำกัด,19x45,restore
5x8157,190398,Order,2019-07-19,2026-09-01 06:10:40,11x1311,บริษัท บีเอสที อิลาสโตเมอร์ส จำกัด,19x90,restore
5x8158,190399,Order,2019-07-19,2026-09-01 06:13:42,11x1311,บริษัท บีเอสที อิลาสโตเมอร์ส จำกัด,19x90,restore
5x8166,190416,Order,2019-07-19,2026-09-01 06:09:17,11x1311,บริษัท บีเอสที อิลาสโตเมอร์ส จำกัด,19x90,restore
5x8168,190420,Order,2019-07-19,2026-09-01 06:09:13,11x2151,บริษัท พีทีที โกลบอล เคมิคอล จำกัด (มหาชน),19x78,restore
5x8178,190441,Loss,2019-07-19,2026-07-25 13:22:22,11x2782,บริษัท ฮ.พัฒนาเอ็นจิเนีย (กรุ๊ป) จำกัด,19x1,ask_admin_owned_account
5x8181,190450,Loss,2019-07-19,2026-07-25 13:22:23,11x2151,บริษัท พีทีที โกลบอล เคมิคอล จำกัด (มหาชน),19x78,restore
5x8188,190467,Order,2019-07-19,2026-09-01 06:10:37,11x1311,บริษัท บีเอสที อิลาสโตเมอร์ส จำกัด,19x90,restore
5x8194,190479,Loss,2019-07-19,2026-07-25 13:22:24,11x2246,บริษัท สตาร์ ปิโตรเลียม รีไฟน์นิ่ง จำกัด (มหาชน),19x51,restore
5x8195,190482,Order,2019-07-19,2026-09-01 06:11:00,11x2151,บริษัท พีทีที โกลบอล เคมิคอล จำกัด (มหาชน),19x78,restore
5x8203,190500,Loss,2019-07-19,2026-07-25 14:08:45,11x3078,บริษัท พีทีที แทงค์ เทอร์มินัล จำกัด,19x78,restore
5x8204,190501,Order,2019-07-19,2026-09-01 06:09:37,11x2151,บริษัท พีทีที โกลบอล เคมิคอล จำกัด (มหาชน),19x78,restore
5x8208,190506,Order,2019-07-19,2026-09-01 06:11:10,11x1645,บริษัท ทีเคเค คอร์ปอเรชั่น จำกัด,19x77,restore
5x8217,190519,Loss,2019-07-19,2026-07-25 13:22:32,11x3076,บริษัท ทิปโก้ เอฟแอนด์บี จำกัด,19x1,ask_admin_owned_account
5x8218,190527,Loss,2019-07-19,2026-07-25 13:22:32,11x3076,บริษัท ทิปโก้ เอฟแอนด์บี จำกัด,19x1,ask_admin_owned_account
5x8219,190528,Order,2019-07-19,2026-09-01 06:12:31,11x3076,บริษัท ทิปโก้ เอฟแอนด์บี จำกัด,19x1,ask_admin_owned_account
5x8221,190530,Loss,2019-07-19,2026-07-25 13:22:33,11x1311,บริษัท บีเอสที อิลาสโตเมอร์ส จำกัด,19x90,restore
5x8231,190577,Order,2019-07-19,2026-09-01 06:10:36,11x2151,บริษัท พีทีที โกลบอล เคมิคอล จำกัด (มหาชน),19x78,restore
5x8244,190615,Order,2019-07-19,2026-09-01 06:08:27,11x1311,บริษัท บีเอสที อิลาสโตเมอร์ส จำกัด,19x90,restore
5x8245,190617,Order,2019-07-19,2026-09-01 06:10:04,11x3093,บริษัท ยูบีที เอนจิเนียริ่ง จำกัด,19x1,ask_admin_owned_account
5x8252,190635,Loss,2019-07-19,2026-07-25 13:22:40,11x2151,บริษัท พีทีที โกลบอล เคมิคอล จำกัด (มหาชน),19x78,restore
5x8253,190637,Loss,2019-07-19,2026-07-25 13:22:40,11x1959,บริษัท มาบตาพุด แทงค์ เทอร์มินัล จำกัด,19x51,restore
5x8254,190638,Loss,2019-07-19,2026-07-25 13:22:41,11x1921,บริษัท มาบตาพุดโอเลฟินส์ จำกัด,19x51,restore
5x8269,190682,Loss,2019-07-19,2026-07-25 13:22:42,11x1311,บริษัท บีเอสที อิลาสโตเมอร์ส จำกัด,19x90,restore
5x8277,190709,Order,2019-07-19,2026-09-01 06:08:33,11x1951,บริษัท ทีพีที ปิโตรเคมิคอลส์ จำกัด (มหาชน),19x92,restore
5x8282,190721,Loss,2019-07-19,2026-07-25 13:22:50,11x1273,บริษัท นาลโก อินดัสเทรียล เซอร์วิส (ประเทศไทย) จำกัด,19x1,ask_admin_owned_account
5x8285,190728,Order,2019-07-19,2026-09-01 06:13:11,11x1143,บริษัท พัทยาฟู้ดอินดัสตรี จำกัด,19x1,ask_admin_owned_account
5x8287,190730,Loss,2019-07-19,2026-07-25 13:22:50,11x3078,บริษัท พีทีที แทงค์ เทอร์มินัล จำกัด,19x78,restore
5x8399,191005,Order,2019-07-19,2026-09-01 06:13:32,11x2151,บริษัท พีทีที โกลบอล เคมิคอล จำกัด (มหาชน),19x78,restore
5x8402,191018,Order,2019-07-19,2026-09-01 06:07:30,11x1311,บริษัท บีเอสที อิลาสโตเมอร์ส จำกัด,19x90,restore
5x8404,191021,Loss,2019-07-19,2026-07-25 13:23:04,11x1311,บริษัท บีเอสที อิลาสโตเมอร์ส จำกัด,19x90,restore
5x8409,191035,Order,2019-07-19,2026-09-01 06:11:18,11x2151,บริษัท พีทีที โกลบอล เคมิคอล จำกัด (มหาชน),19x78,restore
5x8429,191095,Order,2019-07-19,2026-09-01 06:07:26,11x9612,PTT Global Chemical Public Company Limited,19x65,ask_shared_account:19x65
5x8430,191096,Order,2019-07-19,2026-09-01 06:13:51,11x2151,บริษัท พีทีที โกลบอล เคมิคอล จำกัด (มหาชน),19x78,restore
5x8433,191104,Loss,2019-07-19,2026-07-25 13:23:10,11x2151,บริษัท พีทีที โกลบอล เคมิคอล จำกัด (มหาชน),19x78,restore
5x8435,191106,Loss,2019-07-19,2026-07-25 13:23:10,11x1921,บริษัท มาบตาพุดโอเลฟินส์ จำกัด,19x51,restore
5x8727,190241,Order,2019-07-19,2026-09-01 06:15:35,11x9612,PTT Global Chemical Public Company Limited,19x65,ask_shared_account:19x65
5x9668,191925,Order,2019-07-31,2026-09-01 06:15:48,11x9667,"Bangkok Synthetics Co., Ltd. (BST)",19x78,restore
5x9919,192012,Loss,2019-08-07,2026-07-25 15:07:02,11x2802,บริษัท เวิลด์ ไวด์ โซลูชั่นส์ 2014 จำกัด,19x1,ask_admin_owned_account
5x9923,192015,Loss,2019-08-07,2026-07-25 13:23:37,11x9612,PTT Global Chemical Public Company Limited,19x65,ask_shared_account:19x65
5x9928,192017,Loss,2019-08-08,2026-07-25 13:23:38,11x9927,Thai Styrenics Company Limited,19x53,ask_shared_account:19x53
5x9932,192018,Loss,2019-08-08,2026-07-25 13:23:38,11x9930,"M Force Co.,Ltd",19x43,restore
5x9989,192025,Loss,2019-08-08,2026-07-25 13:23:38,11x9987,บริษัท พี พลัส โกลด์ อิเล็คทริคคอล แอนด์ ซัพพลาย จำกัด,19x34,restore
5x9993,192028,Loss,2019-08-08,2026-07-25 13:23:38,11x9992,บริษัท เออร์โก้ เฮลธ์แคร์ โพรดัคส์ จำกัด,19x74,restore
5x10031,192033,Loss,2019-08-09,2026-07-25 13:23:39,11x10030,บริษัท กุลธรพรีเมียร์ จำกัด,19x61,restore
5x10075,192042,Loss,2019-08-09,2026-07-25 13:23:39,11x10074,"TSK Engineering (Thailand) Co.,Ltd.",20x6,restore
5x10136,192055,Loss,2019-08-13,2026-07-25 13:23:40,11x2683,บริษัท คอสเมด อินโนเวชั่น จำกัด,19x1,ask_admin_owned_account
5x11839,192062,Loss,2019-08-14,2026-07-25 13:23:40,11x11838,บริษัท โอตานิ เรเดียล จำกัด,19x38,restore
5x11848,192068,Order,2019-08-14,2026-09-01 06:07:32,11x11847,TPI POLENE,19x22,ask_shared_account:19x22
5x11851,192070,Loss,2019-08-14,2026-07-28 04:25:41,11x1151,บริษัท ไออาร์พีซี จำกัด (มหาชน),19x1,ask_admin_owned_account
5x11892,192082,Loss,2019-08-15,2026-07-28 04:25:41,11x1151,บริษัท ไออาร์พีซี จำกัด (มหาชน),19x1,ask_admin_owned_account
5x11899,192088,Loss,2019-08-15,2026-07-28 04:25:42,11x1151,บริษัท ไออาร์พีซี จำกัด (มหาชน),19x1,ask_admin_owned_account
5x11949,192094,Loss,2019-08-16,2026-07-25 13:23:42,11x1492,บริษัท เบสท์เทรด เทคโนโลยี จำกัด,19x1,ask_admin_owned_account
5x11984,192106,Loss,2019-08-16,2026-07-25 13:23:43,11x11983,Kurita,19x51,restore
5x12173,192109,Order,2019-08-19,2026-09-01 06:11:57,11x12172,JSR BST Elastomer (JBE),19x54,ask_shared_account:19x54
5x12177,192111,Loss,2019-08-19,2026-07-28 04:15:35,11x12176,TOMITA ASIA,20x7,restore
5x12280,192133,Order,2019-08-20,2026-09-01 06:06:19,11x9579,HMC Polymers,19x54,ask_shared_account:19x54
5x12286,192138,Order,2019-08-20,2026-09-01 06:09:20,11x9667,"Bangkok Synthetics Co., Ltd. (BST)",19x78,restore
5x20502,192142,Loss,2019-08-21,2026-07-25 13:23:46,11x20501,momentive,19x78,restore
5x20614,192149,Loss,2019-08-21,2026-07-25 13:23:46,11x20613,พีอีจี อินเตอร์เทค,19x51,restore
5x20870,192183,Loss,2019-08-26,2026-07-25 13:23:49,11x20652,ไก่สดเซนทาโก,19x28,restore
5x20958,192193,Loss,2019-08-27,2026-07-25 13:23:50,11x9612,PTT Global Chemical Public Company Limited,19x65,ask_shared_account:19x65
5x20962,192206,Loss,2019-08-27,2026-07-25 13:23:51,11x21014,BOONKASEM,19x45,restore
5x21024,192215,Order,2019-08-28,2026-09-01 06:07:31,11x21023,น้ำมันพืชปทุม,19x45,restore
5x21043,192222,Loss,2019-08-28,2026-07-25 13:23:52,11x11847,TPI POLENE,19x22,ask_shared_account:19x22
5x21062,192224,Order,2019-08-28,2026-09-01 06:10:19,11x1151,บริษัท ไออาร์พีซี จำกัด (มหาชน),19x1,ask_admin_owned_account
5x21105,192230,Loss,2019-08-29,2026-07-25 13:23:52,11x930,บริษัท ยูนิลีเวอร์ ไทยโฮลดิ้งส์ จำกัด,19x74,restore
5x21161,192234,Loss,2019-08-29,2026-07-28 04:25:42,11x1151,บริษัท ไออาร์พีซี จำกัด (มหาชน),19x1,ask_admin_owned_account
5x21365,192242,Order,2019-08-30,2026-09-01 06:10:04,11x21364,INDORAMA  PETROCHEM LIMITED,19x53,ask_shared_account:19x53
5x21374,192245,Loss,2019-08-30,2026-07-25 13:23:53,11x2769,บริษัท เท็กซ์แมค จำกัด,19x1,ask_admin_owned_account
5x21467,192253,Loss,2019-09-02,2026-07-25 13:23:55,11x20666,ผลิตภัณฑ์ตราเพชร,19x28,restore
5x21473,192259,Loss,2019-09-02,2026-07-25 13:23:55,11x21487,B Living Property (Condo),19x53,ask_shared_account:19x53
5x21483,192260,Loss,2019-09-03,2026-07-25 13:23:55,11x21482,"Advanced Industrial Techno and Services Co.,Ltd.",19x45,restore
5x21519,192273,Order,2019-09-03,2026-09-01 06:08:23,11x11847,TPI POLENE,19x22,ask_shared_account:19x22
5x21587,192286,Order,2019-09-04,2026-09-01 06:08:16,11x11847,TPI POLENE,19x22,ask_shared_account:19x22
5x21589,192288,Loss,2019-09-04,2026-07-25 13:23:57,11x2312,บริษัท เกรทโฟม โปรดักส์ จำกัด,19x1,ask_admin_owned_account
5x21593,192290,Loss,2019-09-04,2026-07-25 13:23:58,11x21592,"SYNERGY SERVICES CO.,LTD.",19x53,ask_shared_account:19x53
5x21596,192292,Order,2019-09-04,2026-09-01 06:09:22,11x12172,JSR BST Elastomer (JBE),19x54,ask_shared_account:19x54
5x21637,192296,Loss,2019-09-05,2026-07-25 13:23:59,11x21636,บริษัท โนวาซิล (ไทยแลนด์) จำกัด,19x74,restore
5x21710,192313,Loss,2019-09-06,2026-07-25 13:24:00,11x21709,บริษัท ปั๊มเซิร์ฟ จำกัด,19x34,restore
5x21724,192318,Order,2019-09-06,2026-09-01 06:11:53,11x2192,บริษัท โรงงานแม่รวย จำกัด,19x1,ask_admin_owned_account
5x21862,192328,Loss,2019-09-09,2026-07-25 13:24:01,11x21861,REPCO,19x78,restore
5x21908,192334,Loss,2019-09-10,2026-07-25 13:24:01,11x2393,สำนักงานเทศบาลนครนนทบุรี,19x1,ask_admin_owned_account
5x21944,192341,Loss,2019-09-11,2026-07-25 13:24:02,11x1080,HMC Polymers Company  Limited,19x90,restore
5x21946,192342,Order,2019-09-11,2026-09-01 06:11:24,11x21945,"Siam Mitsui PTA Co.,Ltd.",19x55,restore
5x21947,192343,Loss,2019-09-11,2026-07-28 04:25:42,11x1151,บริษัท ไออาร์พีซี จำกัด (มหาชน),19x1,ask_admin_owned_account
5x21948,192344,Loss,2019-09-11,2026-07-25 13:24:02,11x14080,HMC Polymers Company Limited (ยกเลิก),19x13,restore
5x21956,192347,Loss,2019-09-11,2026-07-25 13:24:03,11x21954,ATT Consultants,19x43,restore
5x22038,192368,Loss,2019-09-13,2026-07-25 13:24:04,11x21364,INDORAMA  PETROCHEM LIMITED,19x53,ask_shared_account:19x53
5x22042,192371,Loss,2019-09-13,2026-07-25 13:24:04,11x22041,บริษัท เวิลด์ไวด์ โซลูชั่นส์ 2014 จำกัด,19x36,ask_shared_account:19x36
5x22192,192385,Loss,2019-09-16,2026-07-25 13:24:05,11x22191,TACTONIC,19x55,restore
5x22202,192390,Loss,2019-09-16,2026-07-25 13:24:05,11x22201,บริษัท ยูโรเปี้ยนสแนคฟู้ด จำกัด,19x45,restore
5x22262,192397,Loss,2019-09-17,2026-07-28 04:25:42,11x1151,บริษัท ไออาร์พีซี จำกัด (มหาชน),19x1,ask_admin_owned_account
5x22264,192398,Loss,2019-09-17,2026-07-25 13:24:06,11x22263,"Glow Energy Public Co., Ltd.",19x65,ask_shared_account:19x65
5x22282,192406,Loss,2019-09-17,2026-07-25 13:24:07,11x9667,"Bangkok Synthetics Co., Ltd. (BST)",19x78,restore
5x22285,192408,Loss,2019-09-17,2026-07-25 13:24:07,11x22284,SUMITOMO RUBBER,19x53,ask_shared_account:19x53
5x22286,192409,Order,2019-09-17,2026-09-01 06:07:20,11x9667,"Bangkok Synthetics Co., Ltd. (BST)",19x78,restore
5x22288,192411,Loss,2019-09-17,2026-07-25 13:24:08,11x1240,บริษัท ทีโอเอ เพ้นท์ (ประเทศไทย)  จำกัด (มหาชน),19x1,ask_admin_owned_account
5x22289,192412,Loss,2019-09-17,2026-07-25 13:24:08,11x9612,PTT Global Chemical Public Company Limited,19x65,ask_shared_account:19x65
5x22320,192415,Loss,2019-09-18,2026-07-25 13:24:08,11x22247,บริษัท แอบโซลูท แวค จำกัด,19x18,restore
5x22330,192417,Loss,2019-09-18,2026-07-25 13:24:08,11x9635,Thairotary,19x53,ask_shared_account:19x53
5x22338,192420,Order,2019-09-18,2026-09-01 06:09:42,11x9612,PTT Global Chemical Public Company Limited,19x65,ask_shared_account:19x65
5x22403,192437,Loss,2019-09-20,2026-07-25 13:24:11,11x22402,บริษัท เทคนิคัล โซลูชั่น,19x45,restore
5x22417,192441,Loss,2019-09-20,2026-07-25 13:24:11,11x22327,ไทสัน ฟีด (ไทยแลนด์) จำกัด,19x28,restore
5x23503,193004,Loss,2019-10-10,2026-07-25 15:07:02,11x23502,UBE,19x65,ask_shared_account:19x65
5x23505,193006,Order,2019-10-10,2026-09-01 06:10:19,11x1151,บริษัท ไออาร์พีซี จำกัด (มหาชน),19x1,ask_admin_owned_account
5x23509,193008,Order,2019-10-10,2026-09-01 06:11:24,11x9612,PTT Global Chemical Public Company Limited,19x65,ask_shared_account:19x65
5x23533,193018,Loss,2019-10-11,2026-07-25 13:24:13,11x9667,"Bangkok Synthetics Co., Ltd. (BST)",19x78,restore
5x23632,193035,Loss,2019-10-15,2026-07-25 13:24:14,11x9612,PTT Global Chemical Public Company Limited,19x65,ask_shared_account:19x65
5x23672,193041,Loss,2019-10-15,2026-07-25 13:24:15,11x9667,"Bangkok Synthetics Co., Ltd. (BST)",19x78,restore
5x23699,193043,Order,2019-10-16,2026-09-01 06:12:11,11x22263,"Glow Energy Public Co., Ltd.",19x65,ask_shared_account:19x65
5x23707,193047,Order,2019-10-16,2026-09-01 06:06:22,11x3072,ห้างหุ้นส่วนจำกัด ภวรวัฒน์,19x1,ask_admin_owned_account
5x23787,193073,Order,2019-10-18,2026-09-01 06:10:41,11x11847,TPI POLENE,19x22,ask_shared_account:19x22
5x23789,193075,Loss,2019-10-18,2026-07-25 13:24:16,11x9612,PTT Global Chemical Public Company Limited,19x65,ask_shared_account:19x65
5x24029,193107,Order,2019-10-24,2026-09-01 06:11:08,11x1151,บริษัท ไออาร์พีซี จำกัด (มหาชน),19x1,ask_admin_owned_account
5x24032,193108,Loss,2019-10-24,2026-07-25 13:24:18,11x24031,General Motor,19x55,restore
5x24060,193119,Loss,2019-10-24,2026-07-25 13:24:19,11x930,บริษัท ยูนิลีเวอร์ ไทยโฮลดิ้งส์ จำกัด,19x74,restore
5x24067,193122,Loss,2019-10-24,2026-07-25 13:24:20,11x9667,"Bangkok Synthetics Co., Ltd. (BST)",19x78,restore
5x24147,193133,Loss,2019-10-27,2026-07-25 13:24:21,11x24146,ผู้รับเหมา-โครงการไทยฟู้ดส์กบินทร์บุรี,19x27,restore
5x24295,193158,Order,2019-10-29,2026-09-01 06:08:24,11x22263,"Glow Energy Public Co., Ltd.",19x65,ask_shared_account:19x65
5x24373,193160,Loss,2019-10-30,2026-07-25 13:24:23,11x2393,สำนักงานเทศบาลนครนนทบุรี,19x1,ask_admin_owned_account
5x24376,193163,Loss,2019-10-30,2026-07-28 04:25:44,11x1151,บริษัท ไออาร์พีซี จำกัด (มหาชน),19x1,ask_admin_owned_account
5x24384,193165,Loss,2019-10-30,2026-07-28 04:25:44,11x1151,บริษัท ไออาร์พีซี จำกัด (มหาชน),19x1,ask_admin_owned_account
5x24391,193168,Order,2019-10-30,2026-09-01 06:15:22,11x9612,PTT Global Chemical Public Company Limited,19x65,ask_shared_account:19x65
5x24408,193169,Order,2019-10-30,2026-09-01 06:11:17,11x1080,HMC Polymers Company  Limited,19x90,restore
5x24505,193178,Loss,2019-10-31,2026-07-25 13:24:24,11x940,"AGC CHEMICALS (THAILAND) CO., LTD.",19x1,ask_admin_owned_account
5x24506,193179,Order,2019-10-31,2026-09-01 06:08:05,11x9667,"Bangkok Synthetics Co., Ltd. (BST)",19x78,restore
5x24554,193186,Loss,2019-11-01,2026-07-28 04:15:41,11x24553,ธาริกัน,19x44,restore
5x24659,193196,Order,2019-11-04,2026-09-01 06:11:30,11x952,บริษัท คอลเกต-ปาล์มโอลีฟ (ประเทศไทย)  จำกัด,19x74,restore
5x24682,193206,Loss,2019-11-05,2026-07-28 04:15:41,11x24681,บริษัท เพาเวอร์ อะไลน์เม้นท์ จำกัด,19x44,restore
5x24684,193207,Loss,2019-11-05,2026-07-28 04:15:41,11x24683,อายิโนะโมะโต๊ะ เบทาโกร สเปเชียลตี้ ฟู้ดส์,19x44,restore
5x27098,200001,Loss,2020-01-02,2026-07-28 04:43:13,11x27097,CHU Engineering,19x62,restore
5x27106,200004,Loss,2020-01-02,2026-07-28 04:43:13,11x1145,บริษัท พีทีจี เอ็นเนอยี จำกัด (มหาชน),19x43,restore
5x27127,200005,Loss,2020-01-03,2026-08-02 02:43:27,11x27126,Siam PKK Tech,19x62,restore
5x27132,200006,Loss,2020-01-03,2026-08-02 02:38:02,11x9811,PSP Specialty,19x62,restore
5x27136,200008,Loss,2020-01-03,2026-07-25 13:24:28,11x2735,บริษัท เศรษฐสัมพันธ์ แมคคานิค จำกัด,19x1,ask_admin_owned_account
5x27142,200009,Loss,2020-01-03,2026-07-25 13:24:29,11x12172,JSR BST Elastomer (JBE),19x54,ask_shared_account:19x54
5x27144,200010,Loss,2020-01-03,2026-07-28 04:43:14,11x27143,บริษัท เอ็ม.ดี.เอ็กซ์ จำกัด,19x44,restore
5x27195,200015,Loss,2020-01-06,2026-07-25 13:24:29,11x24185,บริษัท ทวีทรัพย์ แมชชินเนอรี่ แอนด์ เซอร์วิส จำกัด,19x36,ask_shared_account:19x36
5x27198,200017,Loss,2020-01-06,2026-07-25 13:24:29,11x27197,บริษัท บัซเท็กซ์ จำกัด,19x37,restore
5x27199,200018.,Loss,2020-01-06,2026-07-31 11:35:12,11x9115,TIB ALL,19x45,restore
5x27212,200021,Loss,2020-01-06,2026-07-25 13:24:29,11x1874,บริษัท ท่าอากาศยานไทย จำกัด (มหาชน)   สาขาท่าอากาศยานสุวรรณภูมิ,19x1,ask_admin_owned_account
5x27262,200022,Loss,2020-01-07,2026-07-25 13:24:30,11x27261,บริษัท ออโตเมชั่น คอนซัลท์ แอนด์ เอ็นจิเนียริ่ง จำกัด,19x19,restore
5x27264,200023,Loss,2020-01-07,2026-07-25 13:24:30,11x27263,MCIC,19x43,restore
5x27266,200024,Loss,2020-01-07,2026-07-25 13:24:30,11x27265,บริษัท โชคประชา อิมพอร์ต แอนด์ เอ็กซ์พอร์ต จำกัด,19x26,restore
5x27271,200027,Loss,2020-01-07,2026-07-25 13:24:30,11x1021,บริษัท โคห์เลอร์ (ประเทศไทย) จำกัด (มหาชน),19x19,restore
5x27276,200028,Order,2020-01-07,2026-09-01 06:13:52,11x9606,DOW CHEMICAL THAILAND LIMITED,19x51,restore
5x27277,200029,Loss,2020-01-07,2026-07-25 13:24:31,11x1021,บริษัท โคห์เลอร์ (ประเทศไทย) จำกัด (มหาชน),19x19,restore
5x27278,200030,Order,2020-01-07,2026-09-01 06:14:37,11x9606,DOW CHEMICAL THAILAND LIMITED,19x51,restore
5x27300,200031,Loss,2020-01-08,2026-07-25 13:24:31,11x2497,บริษัท เอชแอนด์อาร์ เคมฟาร์ม (ประเทศไทย) จำกัด,19x43,restore
5x27313,200037,Loss,2020-01-08,2026-08-02 03:06:28,11x952,บริษัท คอลเกต-ปาล์มโอลีฟ (ประเทศไทย)  จำกัด,19x74,restore
5x27314,200038,Loss,2020-01-08,2026-07-25 13:24:31,11x9852,I mechanic,19x45,restore
5x27315,200039,Order,2020-01-08,2026-09-01 06:12:57,11x1935,บริษัท บางจากไบโอฟูเอล จำกัด,19x1,ask_admin_owned_account
5x27316,200040,Order,2020-01-08,2026-09-01 06:09:53,11x12248,"SCG Chemicals Co.,Ltd.",19x53,ask_shared_account:19x53
5x27338,200043,Loss,2020-01-09,2026-08-02 02:43:27,11x22547,คาร์กิลล์สยาม-ฉะเชิงเทรา,19x27,restore
5x27340,200045,Loss,2020-01-09,2026-08-02 02:43:27,11x1232,บริษัท สุรากระทิงแดง (1988) จำกัด,19x74,restore
5x27341,200046,Loss,2020-01-09,2026-08-02 03:06:28,11x2910,บริษัท โปรวินเนอร์ (ไทยแลนด์) จำกัด,19x1,ask_admin_owned_account
5x27348,200050,Order,2020-01-09,2026-09-01 06:11:53,11x12248,"SCG Chemicals Co.,Ltd.",19x53,ask_shared_account:19x53
5x27350,200051,Loss,2020-01-09,2026-08-02 02:43:27,11x1128,บริษัท ยูบิส (เอเชีย) จำกัด (มหาชน),19x1,ask_admin_owned_account
5x27362,200054,Loss,2020-01-10,2026-07-25 13:24:33,11x9667,"Bangkok Synthetics Co., Ltd. (BST)",19x78,restore
5x27364,200056,Loss,2020-01-10,2026-08-02 03:06:29,11x952,บริษัท คอลเกต-ปาล์มโอลีฟ (ประเทศไทย)  จำกัด,19x74,restore
5x27366,200058,Loss,2020-01-10,2026-07-28 04:43:14,11x1036,บริษัท เชลล์แห่งประเทศไทย จำกัด,19x23,restore
5x27399,200060,Loss,2020-01-13,2026-07-25 13:24:33,11x1361,บริษัท ไทย นิปปอน แพล้นท์  จำกัด,19x1,ask_admin_owned_account
5x27412,200063,Order,2020-01-13,2026-09-01 06:12:11,11x1065,บริษัท รุ่งเรือง (1990) จำกัด,19x1,ask_admin_owned_account
5x27415,200065,Loss,2020-01-13,2026-07-28 04:43:15,11x27414,เอสพีอาร์ แมนทาแน้นท์,19x44,restore
5x27417,200067,Loss,2020-01-13,2026-07-25 13:24:34,11x22041,บริษัท เวิลด์ไวด์ โซลูชั่นส์ 2014 จำกัด,19x36,ask_shared_account:19x36
5x27438,200068,Loss,2020-01-13,2026-08-02 02:43:28,11x27437,บริษัท ไทย ซูปาโก้ เอ็นจิเนียริ่ง แอนด์ ซัพพลาย จำกัด,19x38,restore
5x27467,200070,Order,2020-01-13,2026-09-01 06:16:18,11x12248,"SCG Chemicals Co.,Ltd.",19x53,ask_shared_account:19x53
5x27508,200072,Loss,2020-01-14,2026-07-28 04:43:15,11x2910,บริษัท โปรวินเนอร์ (ไทยแลนด์) จำกัด,19x1,ask_admin_owned_account
5x27512,200073,Loss,2020-01-14,2026-07-28 04:43:15,11x21159,Operational Energy Group Limited,19x45,restore
5x27514,200075,Loss,2020-01-14,2026-08-02 03:06:29,11x952,บริษัท คอลเกต-ปาล์มโอลีฟ (ประเทศไทย)  จำกัด,19x74,restore
5x27516,200076,Order,2020-01-14,2026-09-01 06:10:11,11x27515,"Mitsubishi Chemical Performance Polymers (Thailand) Co., Ltd.",19x65,ask_shared_account:19x65
5x27518,200078,Order,2020-01-14,2026-09-01 06:15:33,11x21227,ซีพีเอฟ-โคกกรวด,19x27,restore
5x27521,200081,Loss,2020-01-14,2026-07-25 13:24:35,11x1320,บริษัท คาร์กิลล์สยาม จำกัด (พิษณุโลก),19x1,ask_admin_owned_account
5x27523,200083,Order,2020-01-14,2026-09-01 06:15:35,11x9612,PTT Global Chemical Public Company Limited,19x65,ask_shared_account:19x65
5x27525,200085,Loss,2020-01-14,2026-07-25 13:24:36,11x1235,บริษัท บีเอเอสเอฟ (ไทย) จำกัด,19x74,restore
5x27529,200088,Loss,2020-01-14,2026-07-27 13:33:34,11x27528,เอสพี เทคโนเทรด,19x44,restore
5x27530,200089,Order,2020-01-14,2026-09-01 06:06:18,11x26567,PTT GSP,19x54,ask_shared_account:19x54
5x27532,200090,Loss,2020-01-14,2026-07-25 13:24:36,11x27531,"TECH  VICE CO., LTD.",19x65,ask_shared_account:19x65
5x27554,200093,Order,2020-01-15,2026-09-01 06:06:56,11x2706,บริษัท เอกศรา ซัพพลายเซอร์วิส จำกัด,19x45,restore
5x27559,200098,Loss,2020-01-15,2026-07-28 04:43:16,11x1749,บริษัท บลูรีฟริกเจอเรชั่น จำกัด,19x45,restore
5x27564,200101,Loss,2020-01-15,2026-07-25 13:24:37,11x2990,บริษัท พี.เอ็น.วี.อินโนเทค จำกัด,19x1,ask_admin_owned_account
5x27565,200102,Loss,2020-01-15,2026-07-25 13:24:37,11x9862,Neuman&Esser,19x51,restore
5x27589,200105,Loss,2020-01-16,2026-08-02 02:43:28,11x936,บริษัท สยามมิชลิน จำกัด,19x34,restore
5x27590,200106,Loss,2020-01-16,2026-07-25 13:24:37,11x21482,"Advanced Industrial Techno and Services Co.,Ltd.",19x45,restore
5x27592,200108,Order,2020-01-16,2026-09-01 06:09:41,11x12288,ซีพีเอฟ-ราชบุรี,19x27,restore
5x27593,200109,Order,2020-01-16,2026-09-01 06:09:17,11x12288,ซีพีเอฟ-ราชบุรี,19x27,restore
5x27594,200110,Loss,2020-01-16,2026-07-25 13:24:38,11x1364,บริษัท กรุงไทยอาหารสัตว์ จำกัด (มหาชน),19x1,ask_admin_owned_account
5x27598,200113,Loss,2020-01-16,2026-08-02 02:59:05,11x27597,Clean Energy System,19x55,restore
5x27610,200119,Order,2020-01-16,2026-09-01 06:14:42,11x9862,Neuman&Esser,19x51,restore
5x27612,200121,Loss,2020-01-16,2026-08-02 02:43:29,11x3095,บริษัท ไทย กลีเซอรีน จำกัด,19x1,ask_admin_owned_account
5x27613,200122,Loss,2020-01-16,2026-07-25 13:24:39,11x1030,บริษัท นิปปอนเพนต์ (ประเทศไทย) จำกัด,19x88,restore
5x27628,200123,Order,2020-01-17,2026-09-01 06:08:56,11x27772,"ACS Technology (Thailand) Co.,Ltd",19x66,restore
5x27630,200125,Loss,2020-01-17,2026-07-28 04:43:16,11x1010,บริษัท บางจาก คอร์ปอเรชั่น จำกัด (มหาชน),19x23,restore
5x27632,200127,Order,2020-01-17,2026-09-01 06:14:29,11x1897,บริษัท วอเตอร์ฟิลด์เอเซีย จำกัด,19x34,restore
5x27633,200128,Loss,2020-01-17,2026-07-28 04:43:16,11x1977,บริษัท ธาริกัน จำกัด,19x1,ask_admin_owned_account
5x27634,200129,Loss,2020-01-17,2026-07-28 04:43:16,11x9567,บริษัท ไอริช จำกัด,19x38,restore
5x27635,200130,Order,2020-01-17,2026-09-01 06:10:35,11x26567,PTT GSP,19x54,ask_shared_account:19x54
5x27637,200131,Loss,2020-01-17,2026-07-28 04:43:17,11x27636,"Unipower Advance Group Co., Ltd.",19x62,restore
5x27638,200132,Loss,2020-01-17,2026-07-28 04:43:17,11x2399,บริษัท ที.ไอ.พี.เกียร์ เอ็นเตอร์ไพรส์ จำกัด,19x1,ask_admin_owned_account
5x27640,200133,Order,2020-01-17,2026-09-01 06:06:58,11x27639,นิคมอุตสาหกรรมนวนคร,19x44,restore
5x27641,200134,Loss,2020-01-17,2026-07-28 04:43:17,11x2986,บริษัท เอ็กเชน ทาวเวอร์ จำกัด,19x1,ask_admin_owned_account
5x27644,200136,Loss,2020-01-17,2026-07-25 13:24:41,11x27643,PTT LNG,19x65,ask_shared_account:19x65
5x77680,213401,Loss,2021-12-02,2026-07-29 03:51:32,11x32805,GCME,19x21,restore
5x156303,232205,Loss,2023-08-11,2026-07-29 03:51:16,11x2969,บริษัท ยูเอซี โกลบอล จำกัด (มหาชน),19x43,restore
5x163590,232822,Loss,2023-10-25,2026-07-25 15:07:12,11x11847,TPI POLENE,19x22,ask_shared_account:19x22
5x169234,233183,Loss,2023-12-06,2026-07-29 03:51:13,11x9051,TTCL,19x53,ask_shared_account:19x53
5x172893,240199,Loss,2024-01-21,2026-07-25 15:07:14,11x172890,Howden (Thailand),19x47,ask_account_is_jom
5x181814,240999,Order,2024-04-03,2026-09-01 06:07:56,11x136336,SES INTERNATIONAL BV,19x90,restore
5x181867,240876,Loss,2024-04-05,2026-07-26 02:46:54,11x2629,บริษัท ทีทีซีแอล จำกัด (มหาชน),19x1,ask_admin_owned_account
5x182173,241046,Loss,2024-04-18,2026-08-02 02:49:16,11x136336,SES INTERNATIONAL BV,19x90,restore
5x195167,242071,Loss,2024-08-22,2026-07-25 15:07:16,11x90835,GULF NLL2,19x65,ask_shared_account:19x65
5x204658,242994,Loss,2024-11-25,2026-07-25 12:45:28,11x9688,PTT Tank Terminal Company Limited,19x65,ask_shared_account:19x65
5x213617,250492,Postpone,2025-02-19,2026-10-06 04:36:54,11x213616,NGV เขาหินซ้อน,19x47,ask_account_is_jom
5x213850,250541,Order,2025-02-22,2026-07-28 02:26:22,11x2982,บริษัท ทรายทอง เอ็นจีวี จำกัด,19x47,ask_account_is_jom
5x225128,251422,Postpone,2025-05-29,2026-10-06 04:39:08,11x225127,บริษัท สุขสมเกียรติขนส่ง (2004) จำกัด,19x47,ask_account_is_jom
5x266309,261556,Pending,2026-06-17,2026-09-21 00:43:47,11x253582,บริษัท เอเนอร์โฟล จำกัด,19x78,restore
5x270889,192121-1,Loss,2026-07-29,2026-07-29 03:31:54,11x21155,NFC,19x78,restore
