account_id,account_name,account_owner_id,quotes_total,top_living_owners
11x21487,B Living Property (Condo),19x53,1,(none)
11x90835,GULF NLL2,19x65,4,(none)
11x22263,"Glow Energy Public Co., Ltd.",19x65,17,(none)
11x9579,HMC Polymers,19x54,38,Patthamanan Pudgajang (19x90) x10; Sarawut Viseshasiri (19x78) x5; Chuanhathai Eakwongsupasarn (19x21) x1
11x172890,Howden (Thailand),19x47,1,(none)
11x21364,INDORAMA  PETROCHEM LIMITED,19x53,22,Sarawut Viseshasiri (19x78) x3
11x12172,JSR BST Elastomer (JBE),19x54,19,(none)
11x27515,"Mitsubishi Chemical Performance Polymers (Thailand) Co., Ltd.",19x65,1,(none)
11x213616,NGV เขาหินซ้อน,19x47,1,(none)
11x26567,PTT GSP,19x54,24,Chuanhathai Eakwongsupasarn (19x21) x3; Sarawut Viseshasiri (19x78) x2
11x9612,PTT Global Chemical Public Company Limited,19x65,419,Chuanhathai Eakwongsupasarn (19x21) x102; Sarawut Viseshasiri (19x78) x35; Benjamas Tanjit (19x51) x1
11x27643,PTT LNG,19x65,1,(none)
11x9688,PTT Tank Terminal Company Limited,19x65,9,(none)
11x12248,"SCG Chemicals Co.,Ltd.",19x53,141,Benjamas Tanjit (19x51) x126; Sarawut Viseshasiri (19x78) x1; Tanaporn Chanchanaroj (19x89) x1
11x22284,SUMITOMO RUBBER,19x53,13,Benjamas Tanjit (19x51) x4
11x21592,"SYNERGY SERVICES CO.,LTD.",19x53,1,(none)
11x27531,"TECH  VICE CO., LTD.",19x65,1,(none)
11x11847,TPI POLENE,19x22,218,Chuanhathai Eakwongsupasarn (19x21) x37; Tanaporn Chanchanaroj (19x89) x20; Sarawut Viseshasiri (19x78) x14; Saovaluck Jangjai (19x19) x2
11x9051,TTCL,19x53,13,Chuanhathai Eakwongsupasarn (19x21) x8; Udomlak Panya-Apiban (19x48) x1; Satika Saengsumrit (19x32) x1
11x9927,Thai Styrenics Company Limited,19x53,1,(none)
11x9635,Thairotary,19x53,2,(none)
11x23502,UBE,19x65,11,(none)
11x2982,บริษัท ทรายทอง เอ็นจีวี จำกัด,19x47,1,(none)
11x24185,บริษัท ทวีทรัพย์ แมชชินเนอรี่ แอนด์ เซอร์วิส จำกัด,19x36,8,(none)
11x225127,บริษัท สุขสมเกียรติขนส่ง (2004) จำกัด,19x47,1,(none)
11x22041,บริษัท เวิลด์ไวด์ โซลูชั่นส์ 2014 จำกัด,19x36,2,(none)
