quote_id,subject,account_id,account_name,status_cf_872,value_thb,created,last_modified,now_assigned_to,account_owner_id,account_owner_name,suspect_reassigned
5x92979,221151,11x92978,ห้างหุ้นส่วนจำกัด บุญรักษา เอ็นจิเนียริ่ง ซัพพลาย,Loss,300000.00000000,2022-04-05,2026-09-28,19x47 Patipan Suksangiam,19x45,Pattamaporn Chadkurupin,YES
5x182325,241059,11x94683,บริษัท ทีดิก เซาท์ จำกัด,Loss,286000.00000000,2024-04-22,2026-09-28,19x47 Patipan Suksangiam,19x77,Thitima Plaibua,YES
5x182512,240926,11x1010,บริษัท บางจาก คอร์ปอเรชั่น จำกัด (มหาชน),Loss,890000.00000000,2024-04-25,2026-09-28,19x47 Patipan Suksangiam,19x23,Vipoo Srisawadi,YES
5x185009,241176,11x26438,SECO ASPHALT,Loss,700000.00000000,2024-05-14,2026-09-28,19x47 Patipan Suksangiam,19x45,Pattamaporn Chadkurupin,YES
5x186386,241325,11x37359,UNITED ASPHALT,Loss,400000.00000000,2024-05-31,2026-09-28,19x47 Patipan Suksangiam,19x45,Pattamaporn Chadkurupin,YES
5x195782,242120,11x930,บริษัท ยูนิลีเวอร์ ไทยโฮลดิ้งส์ จำกัด,Loss,830000.00000000,2024-08-29,2026-09-28,19x47 Patipan Suksangiam,19x74,Sujittra Tungprakobjaroen,YES
5x196168,242129,11x170070,บริษัท สตาร์ ฟูเอลส์ มาร์เก็ตติ้ง จำกัด,Loss,600000.00000000,2024-08-30,2026-09-28,19x47 Patipan Suksangiam,19x23,Vipoo Srisawadi,YES
5x210820,250277,11x1235,บริษัท บีเอเอสเอฟ (ไทย) จำกัด,Loss,712600.00000000,2025-01-29,2026-09-28,19x47 Patipan Suksangiam,19x74,Sujittra Tungprakobjaroen,YES
5x254808,260557,11x2629,บริษัท ทีทีซีแอล จำกัด (มหาชน),Loss,16000.00000000,2026-02-27,2026-09-28,19x47 Patipan Suksangiam,19x1,Administrator,YES
5x204644,242990,11x2629,บริษัท ทีทีซีแอล จำกัด (มหาชน),Postpone,247960000.00000000,2024-11-25,2026-10-06,19x47 Patipan Suksangiam,19x1,Administrator,YES
5x209499,250014,11x9606,DOW CHEMICAL THAILAND LIMITED,Postpone,200000.00000000,2025-01-06,2026-10-06,19x47 Patipan Suksangiam,19x51,Benjamas Tanjit,YES
5x212049,250318,11x2767,บริษัท อุตสาหกรรมมิตรมงคล จำกัด,Postpone,40000.00000000,2025-02-03,2026-10-06,19x47 Patipan Suksangiam,19x74,Sujittra Tungprakobjaroen,YES
5x213617,250492,11x213616,NGV เขาหินซ้อน,Postpone,698200.00000000,2025-02-19,2026-10-06,19x47 Patipan Suksangiam,19x47,Patipan Suksangiam,YES
5x213624,250495,11x47383,GPSC,Postpone,250000.00000000,2025-02-19,2026-10-06,19x47 Patipan Suksangiam,19x65,,YES
5x213993,250543,11x1763,บริษัท คอสมอส บริวเวอรี่ (ประเทศไทย) จำกัด,Postpone,170000.00000000,2025-02-24,2026-10-06,19x47 Patipan Suksangiam,19x74,Sujittra Tungprakobjaroen,YES
5x214066,250556,11x1763,บริษัท คอสมอส บริวเวอรี่ (ประเทศไทย) จำกัด,Postpone,136000.00000000,2025-02-25,2026-10-06,19x47 Patipan Suksangiam,19x74,Sujittra Tungprakobjaroen,YES
5x214089,250569,11x1763,บริษัท คอสมอส บริวเวอรี่ (ประเทศไทย) จำกัด,Postpone,273600.00000000,2025-02-25,2026-10-06,19x47 Patipan Suksangiam,19x74,Sujittra Tungprakobjaroen,YES
5x215973,250647,11x1276,บริษัท ไทยมิตซุยสเปเชียลตี้เคมีคอล จำกัด,Postpone,250000.00000000,2025-03-04,2026-10-06,19x47 Patipan Suksangiam,19x92,Napadol Peoksangthip,YES
5x215996,250652,11x55050,บริษัท เจ.ไอ.ที. อีควิปเม้นท์,Postpone,50000.00000000,2025-03-04,2026-10-06,19x47 Patipan Suksangiam,19x44,Nuttapong Laplumwanich,YES
5x217444,250815,11x1111,บริษัท ไทยเรยอน จำกัด (มหาชน),Postpone,280000.00000000,2025-03-21,2026-10-06,19x47 Patipan Suksangiam,19x92,Napadol Peoksangthip,YES
5x217461,250824,11x200825,บริษัท สุรากระทิงแดง (1988)  จำกัด,Postpone,180000.00000000,2025-03-21,2026-10-06,19x47 Patipan Suksangiam,19x18,Nomjit Suktawee,YES
5x217468,250828,11x9606,DOW CHEMICAL THAILAND LIMITED,Postpone,1000000.00000000,2025-03-21,2026-10-06,19x47 Patipan Suksangiam,19x51,Benjamas Tanjit,YES
5x217677,250855,11x94683,บริษัท ทีดิก เซาท์ จำกัด,Postpone,400000.00000000,2025-03-26,2026-10-06,19x47 Patipan Suksangiam,19x77,Thitima Plaibua,YES
5x217709,250857,11x930,บริษัท ยูนิลีเวอร์ ไทยโฮลดิ้งส์ จำกัด,Postpone,526300.00000000,2025-03-26,2026-10-06,19x47 Patipan Suksangiam,19x74,Sujittra Tungprakobjaroen,YES
5x217946,250881,11x9629,Nueman & Esser,Postpone,300000.00000000,2025-03-27,2026-10-06,19x47 Patipan Suksangiam,19x51,Benjamas Tanjit,YES
5x220589,251001,11x133636,บริษัท ทีเอชซี อะโกรไซแอนส์ จำกัด,Postpone,135000.00000000,2025-04-09,2026-10-06,19x47 Patipan Suksangiam,19x77,Thitima Plaibua,YES
5x221060,251074,11x2419,บริษัท คันไซ เรซิน (ประเทศไทย) จำกัด,Postpone,114000.00000000,2025-04-21,2026-10-06,19x47 Patipan Suksangiam,19x70,Kornthanat Suksalee,YES
5x221177,251098,11x20946,"TKK Corporation Co.,Ltd.",Postpone,80000.00000000,2025-04-23,2026-10-06,19x47 Patipan Suksangiam,19x51,Benjamas Tanjit,YES
5x221628,251137,11x31695,บริษัท จีซีพี แอพพลายด์ เทคโนโลยีส์ โฮลดิ้งส์(ไทยแลนด์) จำกัด,Postpone,100000.00000000,2025-04-28,2026-10-06,19x47 Patipan Suksangiam,19x18,Nomjit Suktawee,YES
5x222472,251174,11x933,บริษัท อีเทอนัล เรซิ่น จำกัด,Postpone,200000.00000000,2025-04-30,2026-10-06,19x47 Patipan Suksangiam,19x77,Thitima Plaibua,YES
5x223348,251190,11x2287,บริษัท น้ำตาลราชบุรี จำกัด,Postpone,500000.00000000,2025-05-06,2026-10-06,19x47 Patipan Suksangiam,19x74,Sujittra Tungprakobjaroen,YES
5x223952,251263,11x21364,INDORAMA  PETROCHEM LIMITED,Postpone,110000.00000000,2025-05-13,2026-10-06,19x47 Patipan Suksangiam,19x53,,YES
5x224865,251393,11x2799,บริษัท หลุยส์ผลิตภัณฑ์กาวเทป จำกัด,Postpone,110000.00000000,2025-05-27,2026-10-06,19x47 Patipan Suksangiam,19x34,Kanittha Cheryhom,YES
5x225128,251422,11x225127,บริษัท สุขสมเกียรติขนส่ง (2004) จำกัด,Postpone,7324664.00000000,2025-05-29,2026-10-06,19x47 Patipan Suksangiam,19x47,Patipan Suksangiam,YES
5x225285,251431,11x35467,THAI POLYETHYLENE,Postpone,200000.00000000,2025-05-30,2026-10-06,19x47 Patipan Suksangiam,19x51,Benjamas Tanjit,YES
5x226180,251453,11x63096,บจก. ไทยทากาซาโก,Postpone,200000.00000000,2025-06-04,2026-10-06,19x47 Patipan Suksangiam,19x43,Katewadee Pratipagorn,YES
5x227222,251496,11x9831,ซีพีเอฟ-ปักธงชัย,Postpone,220000.00000000,2025-06-09,2026-10-06,19x47 Patipan Suksangiam,19x13,Uthen Phutneam,YES
5x227366,251543,11x930,บริษัท ยูนิลีเวอร์ ไทยโฮลดิ้งส์ จำกัด,Postpone,150000.00000000,2025-06-11,2026-10-06,19x47 Patipan Suksangiam,19x74,Sujittra Tungprakobjaroen,YES
5x227689,251594,11x1385,บริษัท วิสเมค จำกัด,Postpone,200000.00000000,2025-06-18,2026-10-06,19x47 Patipan Suksangiam,19x70,Kornthanat Suksalee,YES
5x227758,251610,11x2503,บริษัท ไทย ลีคเลส คอร์ปอเรชั่น จำกัด,Postpone,200000.00000000,2025-06-20,2026-10-06,19x47 Patipan Suksangiam,19x1,Administrator,YES
5x227920,251628,11x2503,บริษัท ไทย ลีคเลส คอร์ปอเรชั่น จำกัด,Postpone,35000.00000000,2025-06-23,2026-10-06,19x47 Patipan Suksangiam,19x1,Administrator,YES
5x227930,251629,11x2161,บริษัท ซันสตาร์ เคมีคัล(ประเทศไทย) จำกัด,Postpone,30000.00000000,2025-06-23,2026-10-06,19x47 Patipan Suksangiam,19x92,Napadol Peoksangthip,YES
5x229161,251701,11x35467,THAI POLYETHYLENE,Postpone,100000.00000000,2025-07-01,2026-10-06,19x47 Patipan Suksangiam,19x51,Benjamas Tanjit,YES
5x230395,251801,11x2824,บริษัท ไทยโพลีเอสเตอร์ จำกัด,Postpone,120000.00000000,2025-07-09,2026-10-06,19x47 Patipan Suksangiam,19x92,Napadol Peoksangthip,YES
5x230491,251813,11x1115,บริษัท ไทคิชา (ประเทศไทย) จำกัด,Postpone,316000.00000000,2025-07-11,2026-10-06,19x47 Patipan Suksangiam,19x77,Thitima Plaibua,YES
5x230603,252781,11x230602,บริษัท เอทู เทคโนโลยี จำกัด,Postpone,500000.00000000,2025-07-15,2026-10-06,19x47 Patipan Suksangiam,19x80,Jidapa Sriwattanakulkij,YES
5x230835,251852,11x30866,NS BLUE SCOPE,Postpone,220000.00000000,2025-07-18,2026-10-06,19x47 Patipan Suksangiam,19x78,Sarawut Viseshasiri,YES
5x231365,251932,11x104587,"Technical Solution Co., Ltd",Postpone,150000.00000000,2025-07-30,2026-10-06,19x47 Patipan Suksangiam,19x89,Tanaporn Chanchanaroj,YES
5x231382,251765,11x40299,กองกษาปณ์,Postpone,900000.00000000,2025-07-30,2026-10-06,19x47 Patipan Suksangiam,19x45,Pattamaporn Chadkurupin,YES
5x231494,251767,11x21636,บริษัท โนวาซิล (ไทยแลนด์) จำกัด,Postpone,500000.00000000,2025-07-31,2026-10-06,19x47 Patipan Suksangiam,19x74,Sujittra Tungprakobjaroen,YES
5x232128,251966,11x1946,บริษัท บางกอกอินดัสเทรียลแก๊ส จำกัด,Postpone,500000.00000000,2025-08-01,2026-10-06,19x47 Patipan Suksangiam,19x90,Patthamanan Pudgajang,YES
5x232779,251974,11x1240,บริษัท ทีโอเอ เพ้นท์ (ประเทศไทย)  จำกัด (มหาชน),Postpone,78000.00000000,2025-08-04,2026-10-06,19x47 Patipan Suksangiam,19x1,Administrator,YES
5x232869,251976,11x9799,Star Petroleum Refining Public Company Limited,Postpone,300000.00000000,2025-08-04,2026-10-06,19x47 Patipan Suksangiam,19x51,Benjamas Tanjit,YES
5x233862,252058,11x1385,บริษัท วิสเมค จำกัด,Postpone,125000.00000000,2025-08-14,2026-10-06,19x47 Patipan Suksangiam,19x70,Kornthanat Suksalee,YES
5x234458,252173,11x1302,บริษัท ไทยออยล์ จำกัด (มหาชน),Postpone,300000.00000000,2025-08-26,2026-10-06,19x47 Patipan Suksangiam,19x45,Pattamaporn Chadkurupin,YES
5x234460,252175,11x226152,"U.A.E. Power Co.,Ltd.",Postpone,15000000.00000000,2025-08-26,2026-10-06,19x47 Patipan Suksangiam,19x89,Tanaporn Chanchanaroj,YES
5x234581,252180,11x234580,บริษัท คุริฮาระ (ประเทศไทย) จำกัด,Postpone,80000.00000000,2025-08-26,2026-10-06,19x47 Patipan Suksangiam,19x43,Katewadee Pratipagorn,YES
5x235227,252286,11x35467,THAI POLYETHYLENE,Postpone,3000000.00000000,2025-08-29,2026-10-06,19x47 Patipan Suksangiam,19x51,Benjamas Tanjit,YES
5x236170,252265,11x21861,REPCO,Postpone,331042.00000000,2025-09-04,2026-10-06,19x47 Patipan Suksangiam,19x78,Sarawut Viseshasiri,YES
5x237634,252997,11x1470,บริษัท เทย์ก้า (ไทยแลนด์) จำกัด,Postpone,275000.00000000,2025-09-17,2026-10-06,19x47 Patipan Suksangiam,19x74,Sujittra Tungprakobjaroen,YES
5x237690,252432,11x79226,Nestlé Purina PetCare,Postpone,200000.00000000,2025-09-17,2026-10-06,19x47 Patipan Suksangiam,19x64,,YES
5x237911,252430,11x21636,บริษัท โนวาซิล (ไทยแลนด์) จำกัด,Postpone,75000.00000000,2025-09-24,2026-10-06,19x47 Patipan Suksangiam,19x74,Sujittra Tungprakobjaroen,YES
5x238914,252555,11x30866,NS BLUE SCOPE,Postpone,80000.00000000,2025-10-02,2026-10-06,19x47 Patipan Suksangiam,19x78,Sarawut Viseshasiri,YES
5x240355,252604,11x21718,PPP GREEN,Postpone,1000000.00000000,2025-10-07,2026-10-06,19x47 Patipan Suksangiam,19x45,Pattamaporn Chadkurupin,YES
5x240371,253020,11x958,บริษัท ทีพีไอ โพลีน จำกัด (มหาชน),Postpone,50000.00000000,2025-10-07,2026-10-06,19x47 Patipan Suksangiam,19x78,Sarawut Viseshasiri,YES
5x240507,252634,11x1053,บริษัท โตโยอิ๊งค์  (ประเทศไทย) จำกัด,Postpone,100000.00000000,2025-10-09,2026-10-06,19x47 Patipan Suksangiam,19x1,Administrator,YES
5x240778,252689,11x2634,บริษัท อัครา รีซอร์สเซส จำกัด (มหาชน),Postpone,350000.00000000,2025-10-17,2026-10-06,19x47 Patipan Suksangiam,19x89,Tanaporn Chanchanaroj,YES
5x241363,252761,11x1818,บริษัท โตชิบาคอนซูมเมอร์โปรดัคส์ (ประเทศไทย) จำกัด,Postpone,67000.00000000,2025-10-28,2026-10-06,19x47 Patipan Suksangiam,19x96,Itsaripharat Kamthong,YES
5x241682,252825,11x121602,บริษัท นทีชัย จำกัด,Postpone,138700.00000000,2025-10-30,2026-10-06,19x47 Patipan Suksangiam,19x74,Sujittra Tungprakobjaroen,YES
5x241683,252826,11x121602,บริษัท นทีชัย จำกัด,Postpone,294500.00000000,2025-10-30,2026-10-06,19x47 Patipan Suksangiam,19x74,Sujittra Tungprakobjaroen,YES
5x242084,252849,11x2824,บริษัท ไทยโพลีเอสเตอร์ จำกัด,Postpone,100000.00000000,2025-10-31,2026-10-06,19x47 Patipan Suksangiam,19x92,Napadol Peoksangthip,YES
5x242691,252878,11x207436,"EEC Engineering Network Co.,Ltd",Postpone,100000.00000000,2025-11-04,2026-10-06,19x47 Patipan Suksangiam,19x23,Vipoo Srisawadi,YES
5x243932,252927,11x29207,บริษัท สีไทยกันไซเพ้นท์ จำกัด,Postpone,100000.00000000,2025-11-10,2026-10-06,19x47 Patipan Suksangiam,19x88,Thanaaran Sirawattanamongkol,YES
5x244401,253093,11x1235,บริษัท บีเอเอสเอฟ (ไทย) จำกัด,Postpone,242440.00000000,2025-11-19,2026-10-06,19x47 Patipan Suksangiam,19x74,Sujittra Tungprakobjaroen,YES
5x244429,253097,11x107738,บริษัท บีบีจีไอ ไบโอเอทานอล จำกัด (มหาชน),Postpone,65075.00000000,2025-11-20,2026-10-06,19x47 Patipan Suksangiam,19x29,Samantha Tanittha Nilsandhi,YES
5x244430,253098,11x107738,บริษัท บีบีจีไอ ไบโอเอทานอล จำกัด (มหาชน),Postpone,3325.00000000,2025-11-20,2026-10-06,19x47 Patipan Suksangiam,19x29,Samantha Tanittha Nilsandhi,YES
5x244518,253109,11x1053,บริษัท โตโยอิ๊งค์  (ประเทศไทย) จำกัด,Postpone,40000.00000000,2025-11-20,2026-10-06,19x47 Patipan Suksangiam,19x1,Administrator,YES
5x244659,253137,11x206902,บริษัท คิงสแปน อินซูเลท พาแนลส์ (ประเทศไทย) จำกัด,Postpone,45200.00000000,2025-11-25,2026-10-06,19x47 Patipan Suksangiam,19x88,Thanaaran Sirawattanamongkol,YES
5x244662,253140,11x206902,บริษัท คิงสแปน อินซูเลท พาแนลส์ (ประเทศไทย) จำกัด,Postpone,45200.00000000,2025-11-25,2026-10-06,19x47 Patipan Suksangiam,19x88,Thanaaran Sirawattanamongkol,YES
5x244796,253145,11x2767,บริษัท อุตสาหกรรมมิตรมงคล จำกัด,Postpone,549600.00000000,2025-11-26,2026-10-06,19x47 Patipan Suksangiam,19x74,Sujittra Tungprakobjaroen,YES
5x244802,253148,11x244800,บริษัท อัลเทค เอเชีย แปซิฟิค จำกัด,Postpone,549600.00000000,2025-11-26,2026-10-06,19x47 Patipan Suksangiam,19x96,Itsaripharat Kamthong,YES
5x244831,253153,11x244830,บริษัท ฟิโก้ โรโบติก จำกัด,Postpone,185000.00000000,2025-11-26,2026-10-06,19x47 Patipan Suksangiam,19x90,Patthamanan Pudgajang,YES
5x245699,253183,11x107738,บริษัท บีบีจีไอ ไบโอเอทานอล จำกัด (มหาชน),Postpone,110000.00000000,2025-12-01,2026-10-06,19x47 Patipan Suksangiam,19x29,Samantha Tanittha Nilsandhi,YES
5x246067,253206,11x39999,"ARTHIT E&C CO., LTD",Postpone,2000000.00000000,2025-12-02,2026-10-06,19x47 Patipan Suksangiam,19x65,,YES
5x247220,253265,11x1766,บริษัท ทรอยสยาม จำกัด,Postpone,50000.00000000,2025-12-09,2026-10-06,19x47 Patipan Suksangiam,19x77,Thitima Plaibua,YES
5x247229,253267,11x29951,บริษัทไทยเบฟเวอเรจ จำกัด (มหาชน),Postpone,720000.00000000,2025-12-10,2026-10-06,19x47 Patipan Suksangiam,19x22,,YES
5x247252,253268,11x1235,บริษัท บีเอเอสเอฟ (ไทย) จำกัด,Postpone,540000.00000000,2025-12-11,2026-10-06,19x47 Patipan Suksangiam,19x74,Sujittra Tungprakobjaroen,YES
5x247361,253290,11x9051,TTCL,Postpone,2000000.00000000,2025-12-12,2026-10-06,19x47 Patipan Suksangiam,19x53,,YES
5x247603,253326,11x2990,บริษัท พี.เอ็น.วี.อินโนเทค จำกัด,Postpone,45200.00000000,2025-12-18,2026-10-06,19x47 Patipan Suksangiam,19x1,Administrator,YES
5x247712,253334,11x24484,บริษัท น้ำตาลและอ้อยตะวันออก จำกัด (มหาชน),Postpone,74000.00000000,2025-12-19,2026-10-06,19x47 Patipan Suksangiam,19x96,Itsaripharat Kamthong,YES
5x247850,253341,11x21249,ซีพีเอฟ-กบินทร์บุรี,Postpone,100000.00000000,2025-12-22,2026-10-06,19x47 Patipan Suksangiam,19x27,Nattawut Junkong,YES
5x247851,253342,11x21249,ซีพีเอฟ-กบินทร์บุรี,Postpone,100000.00000000,2025-12-22,2026-10-06,19x47 Patipan Suksangiam,19x27,Nattawut Junkong,YES
5x247852,253343,11x21249,ซีพีเอฟ-กบินทร์บุรี,Postpone,100000.00000000,2025-12-22,2026-10-06,19x47 Patipan Suksangiam,19x27,Nattawut Junkong,YES
5x248069,253362,11x927,บริษัท ไทยเซ็มคอน จำกัด,Postpone,945000.00000000,2025-12-24,2026-10-06,19x47 Patipan Suksangiam,19x1,Administrator,YES
5x248827,253397,11x86239,บริษัท พินนาเคิล คอร์ปอเรชั่น จำกัด,Postpone,390000.00000000,2025-12-29,2026-10-06,19x47 Patipan Suksangiam,19x18,Nomjit Suktawee,YES
5x249859,260002,11x2003,บริษัท เอไอ เอนเนอร์จี จำกัด (มหาชน),Postpone,6000.00000000,2026-01-05,2026-10-06,19x47 Patipan Suksangiam,19x45,Pattamaporn Chadkurupin,YES
5x250086,260005,11x181544,Akara Resources Public Company Limited,Postpone,200000.00000000,2026-01-05,2026-10-06,19x47 Patipan Suksangiam,19x89,Tanaporn Chanchanaroj,YES
5x250124,260007,11x1240,บริษัท ทีโอเอ เพ้นท์ (ประเทศไทย)  จำกัด (มหาชน),Postpone,500000.00000000,2026-01-05,2026-10-06,19x47 Patipan Suksangiam,19x1,Administrator,YES
5x250128,260008,11x2625,บริษัท เมโทร ปาร์ติเกิล จำกัด,Postpone,1000000.00000000,2026-01-05,2026-10-06,19x47 Patipan Suksangiam,19x34,Kanittha Cheryhom,YES
5x250159,260010,11x79226,Nestlé Purina PetCare,Postpone,56000.00000000,2026-01-06,2026-10-06,19x47 Patipan Suksangiam,19x64,,YES
5x250177,260011,11x2706,บริษัท เอกศรา ซัพพลายเซอร์วิส จำกัด,Postpone,8500.00000000,2026-01-06,2026-10-06,19x47 Patipan Suksangiam,19x45,Pattamaporn Chadkurupin,YES
5x250197,260013,11x33273,GC-M PTA Company Limited,Postpone,80000.00000000,2026-01-06,2026-10-06,19x47 Patipan Suksangiam,19x65,,YES
5x250205,260017,11x1398,บริษัท อุตสาหกรรมทำเครื่องแก้วไทย จำกัด (มหาชน),Postpone,200000.00000000,2026-01-06,2026-10-06,19x47 Patipan Suksangiam,19x19,Saovaluck Jangjai,YES
5x250211,260020,11x250210,บริษัท โปร พัฒนา ยุนิ กรุ๊ป จำกัด,Postpone,12000.00000000,2026-01-07,2026-10-06,19x47 Patipan Suksangiam,19x45,Pattamaporn Chadkurupin,YES
5x250242,260029,11x250241,TECHNICAL THAI SERVICE COMPANY LIMITED,Postpone,500000.00000000,2026-01-07,2026-10-06,19x47 Patipan Suksangiam,19x51,Benjamas Tanjit,YES
5x250249,260031,11x45510,Wood,Postpone,150000.00000000,2026-01-07,2026-10-06,19x47 Patipan Suksangiam,19x51,Benjamas Tanjit,YES
5x250257,260032,11x107738,บริษัท บีบีจีไอ ไบโอเอทานอล จำกัด (มหาชน),Postpone,110000.00000000,2026-01-08,2026-10-06,19x47 Patipan Suksangiam,19x29,Samantha Tanittha Nilsandhi,YES
5x250286,260035,11x32805,GCME,Postpone,650000.00000000,2026-01-08,2026-10-06,19x47 Patipan Suksangiam,19x21,Chuanhathai Eakwongsupasarn,YES
5x250287,260036,11x1441,บริษัท สยามซอร์บิทอล จำกัด,Postpone,452000.00000000,2026-01-08,2026-10-06,19x47 Patipan Suksangiam,19x74,Sujittra Tungprakobjaroen,YES
5x250288,260037,11x1235,บริษัท บีเอเอสเอฟ (ไทย) จำกัด,Postpone,785000.00000000,2026-01-08,2026-10-06,19x47 Patipan Suksangiam,19x74,Sujittra Tungprakobjaroen,YES
5x250289,260038,11x2381,บริษัท ยูบิส พรีมาเทค จำกัด,Postpone,15600.00000000,2026-01-08,2026-10-06,19x47 Patipan Suksangiam,19x88,Thanaaran Sirawattanamongkol,YES
5x250293,260041,11x1240,บริษัท ทีโอเอ เพ้นท์ (ประเทศไทย)  จำกัด (มหาชน),Postpone,40000.00000000,2026-01-08,2026-10-06,19x47 Patipan Suksangiam,19x1,Administrator,YES
5x250300,260043,11x250299,IFS Facillity Service,Postpone,960000.00000000,2026-01-08,2026-10-06,19x47 Patipan Suksangiam,19x23,Vipoo Srisawadi,YES
5x250304,260047,11x214059,บริษัท อควา เอ็นจิเนี่ยริ่งแคร์ จำกัด,Postpone,11200.00000000,2026-01-08,2026-10-06,19x47 Patipan Suksangiam,19x29,Samantha Tanittha Nilsandhi,YES
5x250305,260048,11x2592,บริษัท มาร์แชล ฟลูอิด จำกัด,Postpone,300000.00000000,2026-01-08,2026-10-06,19x47 Patipan Suksangiam,19x1,Administrator,YES
5x250334,260061,11x1240,บริษัท ทีโอเอ เพ้นท์ (ประเทศไทย)  จำกัด (มหาชน),Postpone,200000.00000000,2026-01-09,2026-10-06,19x47 Patipan Suksangiam,19x1,Administrator,YES
5x250427,260066,11x119254,บริษัท บีบีจีไอ ไบโอดีเซล จำกัด,Postpone,100000.00000000,2026-01-12,2026-10-06,19x47 Patipan Suksangiam,19x23,Vipoo Srisawadi,YES
5x250431,260069,11x80773,เบทาโกร-นครปฐม,Postpone,140000.00000000,2026-01-12,2026-10-06,19x47 Patipan Suksangiam,19x27,Nattawut Junkong,YES
5x250441,260074,11x1036,บริษัท เชลล์แห่งประเทศไทย จำกัด,Postpone,80000.00000000,2026-01-12,2026-10-06,19x47 Patipan Suksangiam,19x23,Vipoo Srisawadi,YES
5x250448,260075,11x32198,บริษัท แอ็พพลาย ดีบี จำกัด (มหาชน) จำกัด,Postpone,90000.00000000,2026-01-12,2026-10-06,19x47 Patipan Suksangiam,19x34,Kanittha Cheryhom,YES
5x250449,260076,11x21636,บริษัท โนวาซิล (ไทยแลนด์) จำกัด,Postpone,531250.00000000,2026-01-12,2026-10-06,19x47 Patipan Suksangiam,19x74,Sujittra Tungprakobjaroen,YES
5x250453,260080,11x21636,บริษัท โนวาซิล (ไทยแลนด์) จำกัด,Postpone,132050.00000000,2026-01-12,2026-10-06,19x47 Patipan Suksangiam,19x74,Sujittra Tungprakobjaroen,YES
5x250480,260083,11x21520,"A-WAN ENGINEERING CO.,LTD",Postpone,400000.00000000,2026-01-13,2026-10-06,19x47 Patipan Suksangiam,19x45,Pattamaporn Chadkurupin,YES
5x250485,260085,11x250484,"FTE (Thailand) Co., Ltd.",Postpone,4500.00000000,2026-01-13,2026-10-06,19x47 Patipan Suksangiam,19x43,Katewadee Pratipagorn,YES
5x250486,260086,11x250484,"FTE (Thailand) Co., Ltd.",Postpone,3000.00000000,2026-01-13,2026-10-06,19x47 Patipan Suksangiam,19x43,Katewadee Pratipagorn,YES
5x250489,260088,11x250488,E85,Postpone,1000000.00000000,2026-01-13,2026-10-06,19x47 Patipan Suksangiam,19x34,Kanittha Cheryhom,YES
5x250492,260090,11x250491,บริษัท ทูเดย์ กู๊ดลัค อินเตอร์เทรด จำกัด,Postpone,315000.00000000,2026-01-13,2026-10-06,19x47 Patipan Suksangiam,19x37,Piyanuch Janthanarak,YES
5x250498,260093,11x1169,บริษัท ไทย ซัลไฟท์ส แอนด์ เคมิคัล จำกัด,Postpone,60000.00000000,2026-01-13,2026-10-06,19x47 Patipan Suksangiam,19x1,Administrator,YES
5x250513,260098,11x29460,คาร์กิลล์มีทส์-โคราช,Postpone,130000.00000000,2026-01-13,2026-10-06,19x47 Patipan Suksangiam,19x27,Nattawut Junkong,YES
5x250518,260100,11x93867,บริษัท เอ็กเซล เอ็นเทค จำกัด,Postpone,1500000.00000000,2026-01-13,2026-10-06,19x47 Patipan Suksangiam,19x27,Nattawut Junkong,YES
5x250519,260101,11x1042,บริษัท เทยิน โพลีเอสเตอร์ จำกัด,Postpone,250000.00000000,2026-01-13,2026-10-06,19x47 Patipan Suksangiam,19x92,Napadol Peoksangthip,YES
5x250523,260105,11x1052,บริษัท โตโยอิ๊งค์ (ประเทศไทย) จำกัด,Postpone,150000.00000000,2026-01-13,2026-10-06,19x47 Patipan Suksangiam,19x88,Thanaaran Sirawattanamongkol,YES
5x250557,260108,11x9579,HMC Polymers,Postpone,350000.00000000,2026-01-14,2026-10-06,19x47 Patipan Suksangiam,19x54,,YES
5x250566,260109,11x198786,บริษัท สยามแก๊ส แอนด์ ปิโตรเคมีคัลส์  จำกัด  (มหาชน),Postpone,50000.00000000,2026-01-14,2026-10-06,19x47 Patipan Suksangiam,19x18,Nomjit Suktawee,YES
5x250578,260113,11x2814,บริษัท เจ.ไอ.ที.อีควิปเม้นท์ จำกัด,Postpone,70000.00000000,2026-01-14,2026-10-06,19x47 Patipan Suksangiam,19x77,Thitima Plaibua,YES
5x250579,260114,11x45826,SYSTANO,Postpone,3500.00000000,2026-01-14,2026-10-06,19x47 Patipan Suksangiam,19x51,Benjamas Tanjit,YES
5x250580,260115,11x1240,บริษัท ทีโอเอ เพ้นท์ (ประเทศไทย)  จำกัด (มหาชน),Postpone,100000.00000000,2026-01-14,2026-10-06,19x47 Patipan Suksangiam,19x1,Administrator,YES
5x250589,260123,11x94683,บริษัท ทีดิก เซาท์ จำกัด,Postpone,60000.00000000,2026-01-14,2026-10-06,19x47 Patipan Suksangiam,19x77,Thitima Plaibua,YES
5x250591,260125,11x2097,บริษัท พีพีจี โคทติ้งส์ (ประเทศไทย) จำกัด,Postpone,65200.00000000,2026-01-14,2026-10-06,19x47 Patipan Suksangiam,19x88,Thanaaran Sirawattanamongkol,YES
5x250594,260128,11x24484,บริษัท น้ำตาลและอ้อยตะวันออก จำกัด (มหาชน),Postpone,55500.00000000,2026-01-14,2026-10-06,19x47 Patipan Suksangiam,19x96,Itsaripharat Kamthong,YES
5x250664,260130,11x1128,บริษัท ยูบิส (เอเชีย) จำกัด (มหาชน),Postpone,125600.00000000,2026-01-15,2026-10-06,19x47 Patipan Suksangiam,19x1,Administrator,YES
5x250666,260131,11x1174,บริษัท สไปแร็กซ์ ซาร์โก (ประเทศไทย) จำกัด,Postpone,100000.00000000,2026-01-15,2026-10-06,19x47 Patipan Suksangiam,19x23,Vipoo Srisawadi,YES
5x250670,253400,11x26567,PTT GSP,Postpone,2000000.00000000,2026-01-15,2026-10-06,19x47 Patipan Suksangiam,19x54,,YES
5x250675,260137,11x1574,บริษัท สุราบางยี่ขัน จำกัด,Postpone,33000.00000000,2026-01-15,2026-10-06,19x47 Patipan Suksangiam,19x74,Sujittra Tungprakobjaroen,YES
5x250676,260138,11x136383,endress & Hauser,Postpone,100000.00000000,2026-01-16,2026-10-06,19x47 Patipan Suksangiam,19x43,Katewadee Pratipagorn,YES
5x250686,260140,11x1315,บริษัท ยูไนเต็ด ไวน์เนอรี่ แอนด์ดิสทิลเลอรี่ จำกัด,Postpone,5000000.00000000,2026-01-16,2026-10-06,19x47 Patipan Suksangiam,19x74,Sujittra Tungprakobjaroen,YES
5x250791,260151,11x1235,บริษัท บีเอเอสเอฟ (ไทย) จำกัด,Postpone,20000.00000000,2026-01-19,2026-10-06,19x47 Patipan Suksangiam,19x74,Sujittra Tungprakobjaroen,YES
5x250883,260167,11x21636,บริษัท โนวาซิล (ไทยแลนด์) จำกัด,Postpone,132050.00000000,2026-01-20,2026-10-06,19x47 Patipan Suksangiam,19x74,Sujittra Tungprakobjaroen,YES
5x250886,260169,11x2229,บริษัท กาญจนสิงขร จำกัด,Postpone,268200.00000000,2026-01-20,2026-10-06,19x47 Patipan Suksangiam,19x74,Sujittra Tungprakobjaroen,YES
5x250891,260174,11x77859,บริษัท ทาทา สตีล การผลิต (ประเทศไทย) จำกัด (มหาชน),Postpone,132800.00000000,2026-01-20,2026-10-06,19x47 Patipan Suksangiam,19x27,Nattawut Junkong,YES
5x251057,260221,11x1235,บริษัท บีเอเอสเอฟ (ไทย) จำกัด,Postpone,558320.00000000,2026-01-26,2026-10-06,19x47 Patipan Suksangiam,19x74,Sujittra Tungprakobjaroen,YES
5x251111,260233,11x39941,คาร์กิลล์สยาม-พิษณุโลก,Postpone,50000.00000000,2026-01-27,2026-10-06,19x47 Patipan Suksangiam,19x27,Nattawut Junkong,YES
5x251121,260235,11x251120,VNP Worldwide Trade,Postpone,190000.00000000,2026-01-27,2026-10-06,19x47 Patipan Suksangiam,19x27,Nattawut Junkong,YES
5x251233,260242,11x251232,M.PLUS ENGINEERING COMPANY LIMITED.,Postpone,80000.00000000,2026-01-28,2026-10-06,19x47 Patipan Suksangiam,19x43,Katewadee Pratipagorn,YES
5x251238,260245,11x251237,บริษัท เวลเอ็นจิเนียริ่งเซอร์วิส จำกัด,Postpone,199500.00000000,2026-01-28,2026-10-06,19x47 Patipan Suksangiam,19x37,Piyanuch Janthanarak,YES
5x251379,260258,11x2728,บริษัท ไลอ้อน (ประเทศไทย) จำกัด,Postpone,300000.00000000,2026-01-28,2026-10-06,19x47 Patipan Suksangiam,19x45,Pattamaporn Chadkurupin,YES
5x251398,260263,11x5959,บริษัท ปตท. จำกัด (มหาชน),Postpone,630000.00000000,2026-01-29,2026-10-06,19x47 Patipan Suksangiam,19x1,Administrator,YES
5x251510,260270,11x1857,บริษัท ไทยเคนเปเปอร์ จำกัด (มหาชน),Postpone,50000.00000000,2026-01-30,2026-10-06,19x47 Patipan Suksangiam,19x34,Kanittha Cheryhom,YES
5x252179,260279,11x244380,บริษัท ดานิลี่ จำกัด,Postpone,1000000.00000000,2026-02-02,2026-10-06,19x47 Patipan Suksangiam,19x78,Sarawut Viseshasiri,YES
5x252216,260285,11x252214,บริษัท ศิวกร เคเอสพี จำกัด,Postpone,1350000.00000000,2026-02-02,2026-10-06,19x47 Patipan Suksangiam,19x19,Saovaluck Jangjai,YES
5x252344,260287,11x43248,บริษํท ลัคกี้แคร์ริเออร์ จำกัด,Postpone,20000.00000000,2026-02-02,2026-10-06,19x47 Patipan Suksangiam,19x44,Nuttapong Laplumwanich,YES
5x252351,260290,11x2706,บริษัท เอกศรา ซัพพลายเซอร์วิส จำกัด,Postpone,50000.00000000,2026-02-02,2026-10-06,19x47 Patipan Suksangiam,19x45,Pattamaporn Chadkurupin,YES
5x252475,260298,11x21636,บริษัท โนวาซิล (ไทยแลนด์) จำกัด,Postpone,640000.00000000,2026-02-03,2026-10-06,19x47 Patipan Suksangiam,19x74,Sujittra Tungprakobjaroen,YES
5x252496,260302,11x93867,บริษัท เอ็กเซล เอ็นเทค จำกัด,Postpone,130000.00000000,2026-02-03,2026-10-06,19x47 Patipan Suksangiam,19x27,Nattawut Junkong,YES
5x253385,260318,11x1818,บริษัท โตชิบาคอนซูมเมอร์โปรดัคส์ (ประเทศไทย) จำกัด,Postpone,50000.00000000,2026-02-05,2026-10-06,19x47 Patipan Suksangiam,19x96,Itsaripharat Kamthong,YES
5x253387,260319,11x253386,"Taiwan Union Technology (Thailand) Co., Ltd.",Postpone,67000.00000000,2026-02-05,2026-10-06,19x47 Patipan Suksangiam,19x96,Itsaripharat Kamthong,YES
5x253413,260326,11x25103,ซีพีเอฟ-ลำพูน,Postpone,58500.00000000,2026-02-05,2026-10-06,19x47 Patipan Suksangiam,19x27,Nattawut Junkong,YES
5x253418,260330,11x37369,Standard Manufacturing.co.ltd.,Postpone,826500.00000000,2026-02-05,2026-10-06,19x47 Patipan Suksangiam,19x36,,YES
5x253433,260342,11x43725,บริษัท เฌอร่า จำกัด (มหาชน),Postpone,100000.00000000,2026-02-05,2026-10-06,19x47 Patipan Suksangiam,19x18,Nomjit Suktawee,YES
5x253437,260345,11x253436,บริษัท แกมเมอร์เทค จำกัด,Postpone,10000.00000000,2026-02-05,2026-10-06,19x47 Patipan Suksangiam,19x45,Pattamaporn Chadkurupin,YES
5x253581,260351,11x75253,ซีพีเอฟ-ศรีสะเกษ,Postpone,32500.00000000,2026-02-06,2026-10-06,19x47 Patipan Suksangiam,19x27,Nattawut Junkong,YES
5x253763,260376,11x2097,บริษัท พีพีจี โคทติ้งส์ (ประเทศไทย) จำกัด,Postpone,74000.00000000,2026-02-10,2026-10-06,19x47 Patipan Suksangiam,19x88,Thanaaran Sirawattanamongkol,YES
5x253770,260379,11x2097,บริษัท พีพีจี โคทติ้งส์ (ประเทศไทย) จำกัด,Postpone,75000.00000000,2026-02-10,2026-10-06,19x47 Patipan Suksangiam,19x88,Thanaaran Sirawattanamongkol,YES
5x254115,260462,11x3095,บริษัท ไทย กลีเซอรีน จำกัด,Postpone,11115.00000000,2026-02-18,2026-10-06,19x47 Patipan Suksangiam,19x1,Administrator,YES
5x254117,260463,11x2814,บริษัท เจ.ไอ.ที.อีควิปเม้นท์ จำกัด,Postpone,8000.00000000,2026-02-18,2026-10-06,19x47 Patipan Suksangiam,19x77,Thitima Plaibua,YES
5x254141,260468,11x40320,StarWood Chemical,Postpone,100000.00000000,2026-02-18,2026-10-06,19x47 Patipan Suksangiam,19x51,Benjamas Tanjit,YES
5x254143,260471,11x244313,VS CHEM (1970) LTD.,Postpone,260000.00000000,2026-02-18,2026-10-06,19x47 Patipan Suksangiam,19x89,Tanaporn Chanchanaroj,YES
5x254174,260479,11x2674,บริษัท ซิสทาโน่ จำกัด,Postpone,5000.00000000,2026-02-19,2026-10-06,19x47 Patipan Suksangiam,19x43,Katewadee Pratipagorn,YES
5x254178,260480,11x254177,"Meiji (Thailand) Co., Ltd.",Postpone,61500.00000000,2026-02-19,2026-10-06,19x47 Patipan Suksangiam,19x51,Benjamas Tanjit,YES
5x254183,260482,11x237990,บริษัท เทอร์โบ ซัพพลาย เอ็นจิเนียริ่ง จำกัด,Postpone,135000.00000000,2026-02-20,2026-10-06,19x47 Patipan Suksangiam,19x92,Napadol Peoksangthip,YES
5x254228,260485,11x1232,บริษัท สุรากระทิงแดง (1988) จำกัด,Postpone,75525.00000000,2026-02-20,2026-10-06,19x47 Patipan Suksangiam,19x74,Sujittra Tungprakobjaroen,YES
5x254235,260489,11x2097,บริษัท พีพีจี โคทติ้งส์ (ประเทศไทย) จำกัด,Postpone,15600.00000000,2026-02-20,2026-10-06,19x47 Patipan Suksangiam,19x88,Thanaaran Sirawattanamongkol,YES
5x254243,260497,11x79226,Nestlé Purina PetCare,Postpone,1200000.00000000,2026-02-20,2026-10-06,19x47 Patipan Suksangiam,19x64,,YES
5x254256,260500,11x2568,บริษัท ไทยธุรกิจอุตสาหกรรม จำกัด,Postpone,170000.00000000,2026-02-20,2026-10-06,19x47 Patipan Suksangiam,19x1,Administrator,YES
5x254262,260502,11x224358,Henkel (Thailand) Ltd.,Postpone,100000.00000000,2026-02-20,2026-10-06,19x47 Patipan Suksangiam,19x92,Napadol Peoksangthip,YES
5x254397,260504,11x9780,บริษัท จีซีพี แอพพลายด์ เทคโนโลยีส์ โฮลดิ้งส์ (ไทยแลนด์) จำกัด,Postpone,80000.00000000,2026-02-23,2026-10-06,19x47 Patipan Suksangiam,19x18,Nomjit Suktawee,YES
5x254399,260505,11x254398,บริษัท ไอ-บอร์น ซัพพลาย แอนด์ เซอร์วิส จำกัด,Postpone,321100.00000000,2026-02-23,2026-10-06,19x47 Patipan Suksangiam,19x96,Itsaripharat Kamthong,YES
5x254404,260506,11x2498,บริษัท ทูเอฟ อินเตอร์พาร์ท แอนด์ ซัพพลาย จำกัด,Postpone,12500.00000000,2026-02-23,2026-10-06,19x47 Patipan Suksangiam,19x88,Thanaaran Sirawattanamongkol,YES
5x254405,260507,11x1766,บริษัท ทรอยสยาม จำกัด,Postpone,200000.00000000,2026-02-23,2026-10-06,19x47 Patipan Suksangiam,19x77,Thitima Plaibua,YES
5x254425,260509,11x2814,บริษัท เจ.ไอ.ที.อีควิปเม้นท์ จำกัด,Postpone,50000.00000000,2026-02-23,2026-10-06,19x47 Patipan Suksangiam,19x77,Thitima Plaibua,YES
5x254503,260512,11x29849,BLUE REFRIGERATION,Postpone,150000.00000000,2026-02-23,2026-10-06,19x47 Patipan Suksangiam,19x45,Pattamaporn Chadkurupin,YES
5x254504,260513,11x1270,บริษัท บูรพา เทคโนโลยี่ จำกัด,Postpone,116000.00000000,2026-02-23,2026-10-06,19x47 Patipan Suksangiam,19x27,Nattawut Junkong,YES
5x254537,260515,11x254536,"GLOBAL SEAL CO., LTD.",Postpone,230000.00000000,2026-02-24,2026-10-06,19x47 Patipan Suksangiam,19x78,Sarawut Viseshasiri,YES
5x254587,260516,11x9960,บริษัท โปร-คิว (ไทยแลนด์) จำกัด,Postpone,58000.00000000,2026-02-24,2026-10-06,19x47 Patipan Suksangiam,19x18,Nomjit Suktawee,YES
5x254594,260518,11x1232,บริษัท สุรากระทิงแดง (1988) จำกัด,Postpone,138500.00000000,2026-02-24,2026-10-06,19x47 Patipan Suksangiam,19x74,Sujittra Tungprakobjaroen,YES
5x254620,260520,11x178180,NEUMAN & ESSER South-East Asia Ltd,Postpone,200000.00000000,2026-02-25,2026-10-06,19x47 Patipan Suksangiam,19x51,Benjamas Tanjit,YES
5x254622,260522,11x47614,ITT FLUID,Postpone,785000.00000000,2026-02-25,2026-10-06,19x47 Patipan Suksangiam,19x53,,YES
5x254627,260524,11x1000,บริษัท ฟินิคซ พัลพ แอนด์ เพเพอร์ จำกัด (มหาชน),Postpone,60000.00000000,2026-02-25,2026-10-06,19x47 Patipan Suksangiam,19x34,Kanittha Cheryhom,YES
5x254628,260525,11x2814,บริษัท เจ.ไอ.ที.อีควิปเม้นท์ จำกัด,Postpone,500000.00000000,2026-02-25,2026-10-06,19x47 Patipan Suksangiam,19x77,Thitima Plaibua,YES
5x254631,260527,11x1366,บริษัท ไทยโพลิเมอร์ ซัพพลาย จำกัด,Postpone,150000.00000000,2026-02-25,2026-10-06,19x47 Patipan Suksangiam,19x45,Pattamaporn Chadkurupin,YES
5x254632,260528,11x2734,บริษัท โนวาเท็ค ปั๊ม โซลูชั่น จำกัด,Postpone,24000.00000000,2026-02-25,2026-10-06,19x47 Patipan Suksangiam,19x19,Saovaluck Jangjai,YES
5x254647,260534,11x24484,บริษัท น้ำตาลและอ้อยตะวันออก จำกัด (มหาชน),Postpone,55500.00000000,2026-02-25,2026-10-06,19x47 Patipan Suksangiam,19x96,Itsaripharat Kamthong,YES
5x254684,260536,11x2097,บริษัท พีพีจี โคทติ้งส์ (ประเทศไทย) จำกัด,Postpone,75000.00000000,2026-02-26,2026-10-06,19x47 Patipan Suksangiam,19x88,Thanaaran Sirawattanamongkol,YES
5x254685,260537,11x1232,บริษัท สุรากระทิงแดง (1988) จำกัด,Postpone,2006000.00000000,2026-02-26,2026-10-06,19x47 Patipan Suksangiam,19x74,Sujittra Tungprakobjaroen,YES
5x254693,260538,11x1476,บริษัท บริดจสโตนไทร์ แมนูแฟคเจอริ่ง (ประเทศไทย) จำกัด,Postpone,137000.00000000,2026-02-26,2026-10-06,19x47 Patipan Suksangiam,19x34,Kanittha Cheryhom,YES
5x254735,260543,11x2097,บริษัท พีพีจี โคทติ้งส์ (ประเทศไทย) จำกัด,Postpone,60500.00000000,2026-02-26,2026-10-06,19x47 Patipan Suksangiam,19x88,Thanaaran Sirawattanamongkol,YES
5x254756,260545,11x60490,"Modern Cass International Cosmetics Co., Ltd.",Postpone,102000.00000000,2026-02-26,2026-10-06,19x47 Patipan Suksangiam,19x37,Piyanuch Janthanarak,YES
5x254769,260547,11x104587,"Technical Solution Co., Ltd",Postpone,300000.00000000,2026-02-26,2026-10-06,19x47 Patipan Suksangiam,19x89,Tanaporn Chanchanaroj,YES
5x254776,260552,11x157499,เบทาโกร-รัตภูมิ,Postpone,52000.00000000,2026-02-26,2026-10-06,19x47 Patipan Suksangiam,19x27,Nattawut Junkong,YES
5x254778,260553,11x254777,โรงแรม สมุย 2 จำกัด,Postpone,40000.00000000,2026-02-26,2026-10-06,19x47 Patipan Suksangiam,19x43,Katewadee Pratipagorn,YES
5x254781,260554,11x223791,บริษัท ฟินิกซ์ ปั๊ม แอนด์ เอ็นจิเนียริ่ง จำกัด,Postpone,10000.00000000,2026-02-26,2026-10-06,19x47 Patipan Suksangiam,19x19,Saovaluck Jangjai,YES
5x254783,260555,11x254782,PAE (Thailand) Public Company Limited,Postpone,270000.00000000,2026-02-26,2026-10-06,19x47 Patipan Suksangiam,19x43,Katewadee Pratipagorn,YES
5x254788,260556,11x238092,บริษท นาลโก อินดัสเทรียล เซอร์วิส (ประเทศไทย) จำกัด,Postpone,522000.00000000,2026-02-26,2026-10-06,19x47 Patipan Suksangiam,19x90,Patthamanan Pudgajang,YES
5x254820,260561,11x20576,บริษัท อดิตยา เบอร์ล่า เคมีคัลส์ (ประเทศไทย) จำกัด,Postpone,25000.00000000,2026-02-27,2026-10-06,19x47 Patipan Suksangiam,19x13,Uthen Phutneam,YES
5x254821,260562,11x254819,"Cargo Electric Co., Ltd.",Postpone,500000.00000000,2026-02-27,2026-10-06,19x47 Patipan Suksangiam,19x78,Sarawut Viseshasiri,YES
5x254899,260568,11x254894,"AN Part and Service Co., Ltd.",Postpone,450000.00000000,2026-02-27,2026-10-06,19x47 Patipan Suksangiam,19x89,Tanaporn Chanchanaroj,YES
5x254903,260569,11x79226,Nestlé Purina PetCare,Postpone,290000.00000000,2026-02-27,2026-10-06,19x47 Patipan Suksangiam,19x64,,YES
5x254908,260571,11x254906,บริษัท ไอคอน เทค อินสทรูเม้นท์ จำกัด,Postpone,200000.00000000,2026-02-27,2026-10-06,19x47 Patipan Suksangiam,19x74,Sujittra Tungprakobjaroen,YES
5x254915,260573,11x254913,บริษัท สีมา เอ็นจิเนียริ่ง โปรดักส์  จำกัด,Postpone,200000.00000000,2026-02-27,2026-10-06,19x47 Patipan Suksangiam,19x74,Sujittra Tungprakobjaroen,YES
5x254921,260574,11x254920,tatsuno,Postpone,300000.00000000,2026-02-28,2026-10-06,19x47 Patipan Suksangiam,19x43,Katewadee Pratipagorn,YES
5x255364,260576,11x184834,บริษัท มิตซูบิชิ เคมิคอล (ประเทศไทย) จำกัด,Postpone,95000.00000000,2026-03-02,2026-10-06,19x47 Patipan Suksangiam,19x74,Sujittra Tungprakobjaroen,YES
5x255481,260579,11x253386,"Taiwan Union Technology (Thailand) Co., Ltd.",Postpone,289500.00000000,2026-03-02,2026-10-06,19x47 Patipan Suksangiam,19x96,Itsaripharat Kamthong,YES
5x255485,260583,11x20608,ซีพีเอฟ-หนองแค,Postpone,530000.00000000,2026-03-02,2026-10-06,19x47 Patipan Suksangiam,19x27,Nattawut Junkong,YES
5x255489,260587,11x254819,"Cargo Electric Co., Ltd.",Postpone,758000.00000000,2026-03-02,2026-10-06,19x47 Patipan Suksangiam,19x78,Sarawut Viseshasiri,YES
5x255493,260589,11x128880,บริษัท พีค อินโนวาเทค จำกัด,Postpone,300000.00000000,2026-03-03,2026-10-06,19x47 Patipan Suksangiam,19x31,Panisa Wongrung,YES
5x255508,260590,11x9596,"UGS Sales and Services Co.,Ltd.",Postpone,50000.00000000,2026-03-03,2026-10-06,19x47 Patipan Suksangiam,19x45,Pattamaporn Chadkurupin,YES
5x255547,260591,11x1276,บริษัท ไทยมิตซุยสเปเชียลตี้เคมีคอล จำกัด,Postpone,100000.00000000,2026-03-03,2026-10-06,19x47 Patipan Suksangiam,19x92,Napadol Peoksangthip,YES
5x255549,260592,11x255548,บริษัท วีไทร์ แอนด์ รับเบอร์ จำกัด,Postpone,669000.00000000,2026-03-03,2026-10-06,19x47 Patipan Suksangiam,19x34,Kanittha Cheryhom,YES
5x255608,260593,11x200825,บริษัท สุรากระทิงแดง (1988)  จำกัด,Postpone,3750.00000000,2026-03-03,2026-10-06,19x47 Patipan Suksangiam,19x18,Nomjit Suktawee,YES
5x255653,260598,11x255652,บริษัท เอ เอ แก๊ส จำกัด,Postpone,150000.00000000,2026-03-03,2026-10-06,19x47 Patipan Suksangiam,19x45,Pattamaporn Chadkurupin,YES
5x255659,260601,11x255654,MCKEY FOOD SERVICES (THIALAND) LIMITED,Postpone,50000.00000000,2026-03-03,2026-10-06,19x47 Patipan Suksangiam,19x43,Katewadee Pratipagorn,YES
5x255673,260603,11x156994,"Acteus (Thailand) Co., Ltd",Postpone,10000.00000000,2026-03-03,2026-10-06,19x47 Patipan Suksangiam,19x45,Pattamaporn Chadkurupin,YES
5x255730,260606,11x1145,บริษัท พีทีจี เอ็นเนอยี จำกัด (มหาชน),Postpone,20000.00000000,2026-03-04,2026-10-06,19x47 Patipan Suksangiam,19x43,Katewadee Pratipagorn,YES
5x255731,260607,11x9612,PTT Global Chemical Public Company Limited,Postpone,200000.00000000,2026-03-04,2026-10-06,19x47 Patipan Suksangiam,19x65,,YES
5x255797,260611,11x2410,บริษัท ธนภักดี จำกัด,Postpone,387000.00000000,2026-03-04,2026-10-06,19x47 Patipan Suksangiam,19x74,Sujittra Tungprakobjaroen,YES
5x255870,260612,11x2410,บริษัท ธนภักดี จำกัด,Postpone,400000.00000000,2026-03-04,2026-10-06,19x47 Patipan Suksangiam,19x74,Sujittra Tungprakobjaroen,YES
5x255882,260613,11x2867,บริษัท เอส พี เอช เอ็นจิเนียริ่ง จำกัด,Postpone,52000.00000000,2026-03-04,2026-10-06,19x47 Patipan Suksangiam,19x1,Administrator,YES
5x256039,260618,11x25103,ซีพีเอฟ-ลำพูน,Postpone,25100.00000000,2026-03-04,2026-10-06,19x47 Patipan Suksangiam,19x27,Nattawut Junkong,YES
5x256217,260619,11x2628,บริษัท เอสเอฟซี เอกเซลเล้นซ์ จำกัด,Postpone,400000.00000000,2026-03-05,2026-10-06,19x47 Patipan Suksangiam,19x23,Vipoo Srisawadi,YES
5x256266,260623,11x35411,บริษัท เมคเวิร์ธ จำกัด,Postpone,120000.00000000,2026-03-05,2026-10-06,19x47 Patipan Suksangiam,19x89,Tanaporn Chanchanaroj,YES
5x256271,260627,11x256270,"Siam Pro Relocations Co., Ltd.",Postpone,80000.00000000,2026-03-05,2026-10-06,19x47 Patipan Suksangiam,19x89,Tanaporn Chanchanaroj,YES
5x256273,260628,11x256272,บริษัท ณษิทา จำกัด,Postpone,500000.00000000,2026-03-05,2026-10-06,19x47 Patipan Suksangiam,19x80,Jidapa Sriwattanakulkij,YES
5x256274,260629,11x2814,บริษัท เจ.ไอ.ที.อีควิปเม้นท์ จำกัด,Postpone,50000.00000000,2026-03-05,2026-10-06,19x47 Patipan Suksangiam,19x77,Thitima Plaibua,YES
5x256277,260632,11x204220,ห้างหุ้นส่วนจำกัด วี.พี. วัฒนา วิศวกรรม,Postpone,9000.00000000,2026-03-05,2026-10-06,19x47 Patipan Suksangiam,19x27,Nattawut Junkong,YES
5x256356,260633,11x238316,DVK HEALTHCARE,Postpone,300000.00000000,2026-03-06,2026-10-06,19x47 Patipan Suksangiam,19x92,Napadol Peoksangthip,YES
5x256360,260634,11x9688,PTT Tank Terminal Company Limited,Postpone,50000.00000000,2026-03-06,2026-10-06,19x47 Patipan Suksangiam,19x65,,YES
5x256370,260638,11x2818,บริษัท แพรนด้า จิวเวลรี่ จำกัด (มหาชน),Postpone,30000.00000000,2026-03-06,2026-10-06,19x47 Patipan Suksangiam,19x1,Administrator,YES
5x256420,260643,11x181544,Akara Resources Public Company Limited,Postpone,110000.00000000,2026-03-06,2026-10-06,19x47 Patipan Suksangiam,19x89,Tanaporn Chanchanaroj,YES
5x256437,260645,11x128880,บริษัท พีค อินโนวาเทค จำกัด,Postpone,200000.00000000,2026-03-06,2026-10-06,19x47 Patipan Suksangiam,19x31,Panisa Wongrung,YES
5x256440,260648,11x28277,บริษัท เค ไอ เอทานอล จำกัด,Postpone,351000.00000000,2026-03-06,2026-10-06,19x47 Patipan Suksangiam,19x96,Itsaripharat Kamthong,YES
5x256445,260649,11x227710,"SAPCON Engineering Co.,Ltd.",Postpone,1100000.00000000,2026-03-06,2026-10-06,19x47 Patipan Suksangiam,19x89,Tanaporn Chanchanaroj,YES
5x256579,260655,11x20608,ซีพีเอฟ-หนองแค,Postpone,108000.00000000,2026-03-09,2026-10-06,19x47 Patipan Suksangiam,19x27,Nattawut Junkong,YES
5x256582,260657,11x2818,บริษัท แพรนด้า จิวเวลรี่ จำกัด (มหาชน),Postpone,30000.00000000,2026-03-09,2026-10-06,19x47 Patipan Suksangiam,19x1,Administrator,YES
5x256778,260665,11x256776,บจก.มัลติโคเอ็นจิเนียริ่ง(ประเทศไทย),Postpone,426000.00000000,2026-03-10,2026-10-06,19x47 Patipan Suksangiam,19x23,Vipoo Srisawadi,YES
5x256900,260678,11x11847,TPI POLENE,Postpone,30000.00000000,2026-03-11,2026-10-06,19x47 Patipan Suksangiam,19x22,,YES
5x256905,260680,11x1240,บริษัท ทีโอเอ เพ้นท์ (ประเทศไทย)  จำกัด (มหาชน),Postpone,65000.00000000,2026-03-11,2026-10-06,19x47 Patipan Suksangiam,19x1,Administrator,YES
5x256930,260686,11x975,บริษัท สยามอุตสาหกรรม (1991) จำกัด (สาย 2),Postpone,19000000.00000000,2026-03-12,2026-10-06,19x47 Patipan Suksangiam,19x1,Administrator,YES
5x256935,260690,11x2629,บริษัท ทีทีซีแอล จำกัด (มหาชน),Postpone,17500.00000000,2026-03-12,2026-10-06,19x47 Patipan Suksangiam,19x1,Administrator,YES
5x256951,260694,11x1003,บริษัท สยามคราฟท์อุตสาหกรรม จำกัด,Postpone,119700.00000000,2026-03-12,2026-10-06,19x47 Patipan Suksangiam,19x34,Kanittha Cheryhom,YES
5x256953,260696,11x21482,"Advanced Industrial Techno and Services Co.,Ltd.",Postpone,53000.00000000,2026-03-13,2026-10-06,19x47 Patipan Suksangiam,19x45,Pattamaporn Chadkurupin,YES
5x256957,260697,11x1978,บริษัท เจนเนอเรเตอร์ซิสเต็ม จำกัด,Postpone,300000.00000000,2026-03-13,2026-10-06,19x47 Patipan Suksangiam,19x23,Vipoo Srisawadi,YES
5x256970,260699,11x11847,TPI POLENE,Postpone,1800000.00000000,2026-03-13,2026-10-06,19x47 Patipan Suksangiam,19x22,,YES
5x256974,260701,11x1879,"Thai Tokai Carbon Product Rojana Co., Ltd. (TCP-R)",Postpone,400000.00000000,2026-03-13,2026-10-06,19x47 Patipan Suksangiam,19x1,Administrator,YES
5x256975,260702,11x12248,"SCG Chemicals Co.,Ltd.",Postpone,9500.00000000,2026-03-13,2026-10-06,19x47 Patipan Suksangiam,19x53,,YES
5x257019,260710,11x1640,บริษัท จีเอฟพีที จำกัด (มหาชน),Postpone,6000.00000000,2026-03-16,2026-10-06,19x47 Patipan Suksangiam,19x45,Pattamaporn Chadkurupin,YES
5x257023,260711,11x1232,บริษัท สุรากระทิงแดง (1988) จำกัด,Postpone,296352.50000000,2026-03-16,2026-10-06,19x47 Patipan Suksangiam,19x74,Sujittra Tungprakobjaroen,YES
5x257062,260712,11x36262,Global Green Chemicals Public Company Limited,Postpone,61500.00000000,2026-03-16,2026-10-06,19x47 Patipan Suksangiam,19x78,Sarawut Viseshasiri,YES
5x257063,260713,11x24224,ซีพีเอฟ-ท่าเรือ,Postpone,120000.00000000,2026-03-16,2026-10-06,19x47 Patipan Suksangiam,19x27,Nattawut Junkong,YES
5x257065,260714,11x257064,"LEANTECH SYSTEMS CO.,LTD.",Postpone,200000.00000000,2026-03-16,2026-10-06,19x47 Patipan Suksangiam,19x89,Tanaporn Chanchanaroj,YES
5x257066,260715,11x1232,บริษัท สุรากระทิงแดง (1988) จำกัด,Postpone,378100.00000000,2026-03-16,2026-10-06,19x47 Patipan Suksangiam,19x74,Sujittra Tungprakobjaroen,YES
5x257067,260716,11x1900,บริษัท ไมลอทท์ แลบบอราทอรีส์ จำกัด,Postpone,54150.00000000,2026-03-16,2026-10-06,19x47 Patipan Suksangiam,19x1,Administrator,YES
5x257070,260717,11x101430,บริษัท เออีซี อินดัสเตรียล เซอร์วิส จำกัด,Postpone,200000.00000000,2026-03-17,2026-10-06,19x47 Patipan Suksangiam,19x78,Sarawut Viseshasiri,YES
5x257076,260718,11x257075,บริษัท เอ็นจิเนียริ่ง เทคโนโลยี เมนเทนเเนนซ์ เซอร์วิส จำกัด.,Postpone,10000.00000000,2026-03-17,2026-10-06,19x47 Patipan Suksangiam,19x51,Benjamas Tanjit,YES
5x257079,260721,11x2561,บริษัท เทยิน คอร์ปอเรชั่น (ประเทศไทย) จำกัด,Postpone,56000.00000000,2026-03-17,2026-10-06,19x47 Patipan Suksangiam,19x92,Napadol Peoksangthip,YES
5x257082,260722,11x28277,บริษัท เค ไอ เอทานอล จำกัด,Postpone,390000.00000000,2026-03-17,2026-10-06,19x47 Patipan Suksangiam,19x96,Itsaripharat Kamthong,YES
5x257083,260723,11x9831,ซีพีเอฟ-ปักธงชัย,Postpone,42000.00000000,2026-03-17,2026-10-06,19x47 Patipan Suksangiam,19x13,Uthen Phutneam,YES
5x257084,260724,11x9653,ซีพีเอฟ-กม.21,Postpone,260000.00000000,2026-03-17,2026-10-06,19x47 Patipan Suksangiam,19x27,Nattawut Junkong,YES
5x257086,260725,11x257085,make fluid,Postpone,50000.00000000,2026-03-17,2026-10-06,19x47 Patipan Suksangiam,19x23,Vipoo Srisawadi,YES
5x257087,260726,11x198040,"Perfect Companion Group Co., Ltd.",Postpone,21000.00000000,2026-03-17,2026-10-06,19x47 Patipan Suksangiam,19x51,Benjamas Tanjit,YES
5x257089,260727,11x255654,MCKEY FOOD SERVICES (THIALAND) LIMITED,Postpone,20000.00000000,2026-03-17,2026-10-06,19x47 Patipan Suksangiam,19x43,Katewadee Pratipagorn,YES
5x257110,260731,11x26025,Siegwerk (Thailand) Ltd.,Postpone,50000.00000000,2026-03-18,2026-10-06,19x47 Patipan Suksangiam,19x19,Saovaluck Jangjai,YES
5x257111,260732,11x9612,PTT Global Chemical Public Company Limited,Postpone,10000.00000000,2026-03-18,2026-10-06,19x47 Patipan Suksangiam,19x65,,YES
5x257112,260733,11x137457,GC Maintenance and Engineering Company Limited,Postpone,5000.00000000,2026-03-18,2026-10-06,19x47 Patipan Suksangiam,19x51,Benjamas Tanjit,YES
5x257116,260734,11x257115,the global industry and engineering,Postpone,1626000.00000000,2026-03-18,2026-10-06,19x47 Patipan Suksangiam,19x23,Vipoo Srisawadi,YES
5x257118,260737,11x9612,PTT Global Chemical Public Company Limited,Postpone,180000.00000000,2026-03-18,2026-10-06,19x47 Patipan Suksangiam,19x65,,YES
5x257122,260739,11x12288,ซีพีเอฟ-ราชบุรี,Postpone,3000000.00000000,2026-03-18,2026-10-06,19x47 Patipan Suksangiam,19x27,Nattawut Junkong,YES
5x257125,260740,11x1315,บริษัท ยูไนเต็ด ไวน์เนอรี่ แอนด์ดิสทิลเลอรี่ จำกัด,Postpone,200000.00000000,2026-03-18,2026-10-06,19x47 Patipan Suksangiam,19x74,Sujittra Tungprakobjaroen,YES
5x257131,260742,11x1205,บริษัท ที เอส เค เอ็นจิเนียริ่ง (ไทยแลนด์) จำกัด,Postpone,100000.00000000,2026-03-18,2026-10-06,19x47 Patipan Suksangiam,19x34,Kanittha Cheryhom,YES
5x257132,260743,11x23370,บริษัท ไบร์ท ออโตเมชั่น (ประเทศไทย) จำกัด,Postpone,174000.00000000,2026-03-18,2026-10-06,19x47 Patipan Suksangiam,19x18,Nomjit Suktawee,YES
5x257133,260744,11x2890,บริษัท ไทยอ๊อฟเซท จำกัด,Postpone,50000.00000000,2026-03-18,2026-10-06,19x47 Patipan Suksangiam,19x70,Kornthanat Suksalee,YES
5x257137,260746,11x257136,"PE Automation Co.,Ltd.",Postpone,1200.00000000,2026-03-18,2026-10-06,19x47 Patipan Suksangiam,19x88,Thanaaran Sirawattanamongkol,YES
5x257138,260747,11x1010,บริษัท บางจาก คอร์ปอเรชั่น จำกัด (มหาชน),Postpone,80000.00000000,2026-03-18,2026-10-06,19x47 Patipan Suksangiam,19x23,Vipoo Srisawadi,YES
5x257139,260748,11x32625,เบทาโกร-หนองบุญมาก,Postpone,210000.00000000,2026-03-18,2026-10-06,19x47 Patipan Suksangiam,19x27,Nattawut Junkong,YES
5x257140,260749,11x32625,เบทาโกร-หนองบุญมาก,Postpone,80000.00000000,2026-03-18,2026-10-06,19x47 Patipan Suksangiam,19x27,Nattawut Junkong,YES
5x257142,260751,11x2466,บริษัท เจียไต๋ จำกัด,Postpone,130000.00000000,2026-03-18,2026-10-06,19x47 Patipan Suksangiam,19x92,Napadol Peoksangthip,YES
5x257156,260755,11x1978,บริษัท เจนเนอเรเตอร์ซิสเต็ม จำกัด,Postpone,80000.00000000,2026-03-19,2026-10-06,19x47 Patipan Suksangiam,19x23,Vipoo Srisawadi,YES
5x257157,260756,11x63096,บจก. ไทยทากาซาโก,Postpone,500000.00000000,2026-03-19,2026-10-06,19x47 Patipan Suksangiam,19x43,Katewadee Pratipagorn,YES
5x257158,260757,11x2629,บริษัท ทีทีซีแอล จำกัด (มหาชน),Postpone,800000.00000000,2026-03-19,2026-10-06,19x47 Patipan Suksangiam,19x1,Administrator,YES
5x257160,260759,11x32374,บริษัท ซิกเวอร์ค (ประเทศไทย) จำกัด,Postpone,85200.00000000,2026-03-19,2026-10-06,19x47 Patipan Suksangiam,19x88,Thanaaran Sirawattanamongkol,YES
5x257170,260762,11x11847,TPI POLENE,Postpone,895000.00000000,2026-03-19,2026-10-06,19x47 Patipan Suksangiam,19x22,,YES
5x257194,260764,11x1010,บริษัท บางจาก คอร์ปอเรชั่น จำกัด (มหาชน),Postpone,135000.00000000,2026-03-20,2026-10-06,19x47 Patipan Suksangiam,19x23,Vipoo Srisawadi,YES
5x257197,260767,11x255654,MCKEY FOOD SERVICES (THIALAND) LIMITED,Postpone,8000.00000000,2026-03-20,2026-10-06,19x47 Patipan Suksangiam,19x43,Katewadee Pratipagorn,YES
5x257199,260769,11x185052,บริษัท  โชคประชา  อิมพอร์ต แอนด์ เอ็กซ์พอร์ต จำกัด,Postpone,52000.00000000,2026-03-20,2026-10-06,19x47 Patipan Suksangiam,19x37,Piyanuch Janthanarak,YES
5x257201,260771,11x1115,บริษัท ไทคิชา (ประเทศไทย) จำกัด,Postpone,12000.00000000,2026-03-20,2026-10-06,19x47 Patipan Suksangiam,19x77,Thitima Plaibua,YES
5x257209,260773,11x2890,บริษัท ไทยอ๊อฟเซท จำกัด,Postpone,36000.00000000,2026-03-20,2026-10-06,19x47 Patipan Suksangiam,19x70,Kornthanat Suksalee,YES
5x257228,260775,11x22631,PSS Group of Companies (ONEPSS),Postpone,0.00000000,2026-03-20,2026-10-06,19x47 Patipan Suksangiam,19x48,Udomlak Panya-Apiban,YES
5x257358,260781,11x234527,บริษัท ฟีนิกซ์ คอร์ปเอเซีย จำกัด,Postpone,100000.00000000,2026-03-23,2026-10-06,19x47 Patipan Suksangiam,19x23,Vipoo Srisawadi,YES
5x257361,260782,11x1205,บริษัท ที เอส เค เอ็นจิเนียริ่ง (ไทยแลนด์) จำกัด,Postpone,2000000.00000000,2026-03-23,2026-10-06,19x47 Patipan Suksangiam,19x34,Kanittha Cheryhom,YES
5x257362,260783,11x1030,บริษัท นิปปอนเพนต์ (ประเทศไทย) จำกัด,Postpone,80000.00000000,2026-03-23,2026-10-06,19x47 Patipan Suksangiam,19x88,Thanaaran Sirawattanamongkol,YES
5x257383,260787,11x2628,บริษัท เอสเอฟซี เอกเซลเล้นซ์ จำกัด,Postpone,20000.00000000,2026-03-23,2026-10-06,19x47 Patipan Suksangiam,19x23,Vipoo Srisawadi,YES
5x257396,260790,11x257395,หจก.ธีรวิญญ์ เอ็นจิเนียริ่ง,Postpone,238000.00000000,2026-03-24,2026-10-06,19x47 Patipan Suksangiam,19x37,Piyanuch Janthanarak,YES
5x257413,260799,11x9831,ซีพีเอฟ-ปักธงชัย,Postpone,1000000.00000000,2026-03-24,2026-10-06,19x47 Patipan Suksangiam,19x13,Uthen Phutneam,YES
5x257414,260800,11x9831,ซีพีเอฟ-ปักธงชัย,Postpone,530000.00000000,2026-03-24,2026-10-06,19x47 Patipan Suksangiam,19x13,Uthen Phutneam,YES
5x257415,260801,11x1269,บริษัท แอนเซลล์ (ประเทศไทย) จำกัด,Postpone,119000.00000000,2026-03-24,2026-10-06,19x47 Patipan Suksangiam,19x34,Kanittha Cheryhom,YES
5x257417,260802,11x257416,บริษัท อีลิท เพาเวอร์ โซลูชั่น จำกัด,Postpone,15010.00000000,2026-03-24,2026-10-06,19x47 Patipan Suksangiam,19x37,Piyanuch Janthanarak,YES
5x257437,260816,11x2439,บริษัท ลิกซิล (ประเทศไทย) จำกัด (มหาชน),Postpone,12000.00000000,2026-03-25,2026-10-06,19x47 Patipan Suksangiam,19x19,Saovaluck Jangjai,YES
5x257447,260823,11x2796,บริษัท เพ็ท โฟกัส จำกัด,Postpone,76000.00000000,2026-03-25,2026-10-06,19x47 Patipan Suksangiam,19x27,Nattawut Junkong,YES
5x257448,260824,11x973,บริษัท เพอร์เฟค คอมพาเนียน กรุ๊ป จำกัด,Postpone,120000.00000000,2026-03-25,2026-10-06,19x47 Patipan Suksangiam,19x51,Benjamas Tanjit,YES
5x257503,260833,11x21227,ซีพีเอฟ-โคกกรวด,Postpone,300000.00000000,2026-03-26,2026-10-06,19x47 Patipan Suksangiam,19x27,Nattawut Junkong,YES
5x257521,260834,11x29197,บริษัท เทคโทรนิค จำกัด,Postpone,172000.00000000,2026-03-26,2026-10-06,19x47 Patipan Suksangiam,19x31,Panisa Wongrung,YES
5x257618,260843,11x257617,Piller Thailand,Postpone,95000.00000000,2026-03-27,2026-10-06,19x47 Patipan Suksangiam,19x43,Katewadee Pratipagorn,YES
5x257709,260853,11x3095,บริษัท ไทย กลีเซอรีน จำกัด,Postpone,151525.00000000,2026-03-30,2026-10-06,19x47 Patipan Suksangiam,19x1,Administrator,YES
5x257949,260862,11x2692,บริษัท แอดวานซ์ ไซแอม เทค จำกัด,Postpone,18900.00000000,2026-03-31,2026-10-06,19x47 Patipan Suksangiam,19x34,Kanittha Cheryhom,YES
5x257950,260863,11x2856,ห้างหุ้นส่วนจำกัด เยอ เอ็นจิเนียริ่ง,Postpone,212000.00000000,2026-03-31,2026-10-06,19x47 Patipan Suksangiam,19x27,Nattawut Junkong,YES
5x257952,260864,11x29197,บริษัท เทคโทรนิค จำกัด,Postpone,500000.00000000,2026-03-31,2026-10-06,19x47 Patipan Suksangiam,19x31,Panisa Wongrung,YES
5x257966,260867,11x1102,บริษัท แสงโสม จำกัด,Postpone,240000.00000000,2026-03-31,2026-10-06,19x47 Patipan Suksangiam,19x74,Sujittra Tungprakobjaroen,YES
5x7370,190428,11x2350,บริษัท เอเชียเพาเวอร์ แอนด์ ดีเวลลอปเมนต์ จำกัด,Loss,200000.00000000,2019-07-19,2026-07-25,19x47 Patipan Suksangiam,19x1,Administrator,
5x7382,190452,11x5073,ST,Loss,100000.00000000,2019-07-19,2026-07-25,19x47 Patipan Suksangiam,19x1,Administrator,
5x7403,190522,11x1142,บริษัท เฟ้ลปส์ ดอด์จ อินเตอร์เนชั่นแนล (ไทยแลนด์) จำกัด,Loss,48000.00000000,2019-07-19,2026-07-25,19x47 Patipan Suksangiam,19x1,Administrator,
5x7437,190583,11x2722,บริษัท โกลบอล เอ็นไวรอนเมนทอล เทคโนโลยี จำกัด,Loss,48000.00000000,2019-07-19,2026-07-25,19x47 Patipan Suksangiam,19x74,Sujittra Tungprakobjaroen,
5x7466,190644,11x1492,บริษัท เบสท์เทรด เทคโนโลยี จำกัด,Loss,300000.00000000,2019-07-19,2026-07-25,19x47 Patipan Suksangiam,19x1,Administrator,
5x7495,190712,11x1832,บริษัท ชูบุราชบุรี อีเลคทริคเซอร์วิส จำกัด,Loss,300000.00000000,2019-07-19,2026-07-25,19x47 Patipan Suksangiam,19x1,Administrator,
5x7521,190769,11x1763,บริษัท คอสมอส บริวเวอรี่ (ประเทศไทย) จำกัด,Loss,210000.00000000,2019-07-19,2026-07-25,19x47 Patipan Suksangiam,19x74,Sujittra Tungprakobjaroen,
5x7525,190777,11x2840,บริษัท ไทย โรตารี่ เอ็นจิเนียริ่ง จำกัด (มหาชน),Loss,4000000.00000000,2019-07-19,2026-07-25,19x47 Patipan Suksangiam,19x1,Administrator,
5x7547,190827,11x955,บริษัท ไทยยูเนี่ยน โฟรเซ่นโปรดักส์ จำกัด (มหาชน),Loss,75000.00000000,2019-07-19,2026-07-25,19x47 Patipan Suksangiam,19x1,Administrator,
5x7550,190835,11x924,บริษัท เนาวรัตน์พัฒนาการ จำกัด (มหาชน),Loss,300000.00000000,2019-07-19,2026-07-25,19x47 Patipan Suksangiam,19x1,Administrator,
5x7563,190860,11x2275,บริษัท กรุงเทพ ซินธิติกส์ จำกัด,Loss,100000.00000000,2019-07-19,2026-07-25,19x47 Patipan Suksangiam,19x90,Patthamanan Pudgajang,
5x7565,190868,11x2840,บริษัท ไทย โรตารี่ เอ็นจิเนียริ่ง จำกัด (มหาชน),Loss,0.00000000,2019-07-19,2026-07-25,19x47 Patipan Suksangiam,19x1,Administrator,
5x7576,190894,11x924,บริษัท เนาวรัตน์พัฒนาการ จำกัด (มหาชน),Loss,8846000.00000000,2019-07-19,2026-07-25,19x47 Patipan Suksangiam,19x1,Administrator,
5x7577,190895,11x924,บริษัท เนาวรัตน์พัฒนาการ จำกัด (มหาชน),Loss,986300.00000000,2019-07-19,2026-07-25,19x47 Patipan Suksangiam,19x1,Administrator,
5x7578,190896,11x924,บริษัท เนาวรัตน์พัฒนาการ จำกัด (มหาชน),Loss,2640000.00000000,2019-07-19,2026-07-25,19x47 Patipan Suksangiam,19x1,Administrator,
5x7590,190920,11x2448,บริษัท เจเอสอาร์ บีเอสที อิลาสโตเมอร์ จำกัด,Loss,10000.00000000,2019-07-19,2026-07-25,19x47 Patipan Suksangiam,19x1,Administrator,
5x7605,190947,11x1507,บริษัท ซีโก้แอสฟัลท์ จำกัด,Loss,55000.00000000,2019-07-19,2026-07-25,19x47 Patipan Suksangiam,19x45,Pattamaporn Chadkurupin,
5x7610,190958,11x2814,บริษัท เจ.ไอ.ที.อีควิปเม้นท์ จำกัด,Loss,200000.00000000,2019-07-19,2026-07-25,19x47 Patipan Suksangiam,19x77,Thitima Plaibua,
5x7668,191084,11x3004,บริษัท โมเมนทีฟ เพอร์ฟอร์แมนซ์ แมททีเรียลส์ (ประเทศไทย) จำกัด,Loss,1500000.00000000,2019-07-19,2026-07-25,19x47 Patipan Suksangiam,19x1,Administrator,
5x7677,191103,11x1272,บริษัท คาโออินดัสเตรียล (ประเทศไทย)  จำกัด,Loss,874000.00000000,2019-07-19,2026-07-25,19x47 Patipan Suksangiam,19x74,Sujittra Tungprakobjaroen,
5x7706,191181,11x3004,บริษัท โมเมนทีฟ เพอร์ฟอร์แมนซ์ แมททีเรียลส์ (ประเทศไทย) จำกัด,Loss,2000000.00000000,2019-07-19,2026-07-25,19x47 Patipan Suksangiam,19x1,Administrator,
5x7707,191182,11x3004,บริษัท โมเมนทีฟ เพอร์ฟอร์แมนซ์ แมททีเรียลส์ (ประเทศไทย) จำกัด,Loss,1000000.00000000,2019-07-19,2026-07-25,19x47 Patipan Suksangiam,19x1,Administrator,
5x7708,191183,11x1194,บริษัท เบอร์ลี่ ยุคเกอร์ ฟู้ดส์ จำกัด,Loss,40000.00000000,2019-07-19,2026-07-25,19x47 Patipan Suksangiam,19x1,Administrator,
5x7738,191251,11x1052,บริษัท โตโยอิ๊งค์ (ประเทศไทย) จำกัด,Loss,30000.00000000,2019-07-19,2026-07-25,19x47 Patipan Suksangiam,19x88,Thanaaran Sirawattanamongkol,
5x7749,191271,11x1243,บริษัท แพรกซ์แอร์ (ประเทศไทย) จำกัด,Loss,30000.00000000,2019-07-19,2026-07-25,19x47 Patipan Suksangiam,19x90,Patthamanan Pudgajang,
5x7782,191334,11x2582,บริษัท เอ.พี.วิชั่น เอ็นจิเนียริ่ง จำกัด,Loss,18000.00000000,2019-07-19,2026-07-25,19x47 Patipan Suksangiam,19x1,Administrator,
5x7788,191343,11x3004,บริษัท โมเมนทีฟ เพอร์ฟอร์แมนซ์ แมททีเรียลส์ (ประเทศไทย) จำกัด,Loss,1500000.00000000,2019-07-19,2026-07-25,19x47 Patipan Suksangiam,19x1,Administrator,
5x7796,191366,11x3004,บริษัท โมเมนทีฟ เพอร์ฟอร์แมนซ์ แมททีเรียลส์ (ประเทศไทย) จำกัด,Loss,800000.00000000,2019-07-19,2026-07-25,19x47 Patipan Suksangiam,19x1,Administrator,
5x7857,191502,11x2898,บริษัท โพลีเทค เอเชีย จำกัด,Loss,46000.00000000,2019-07-19,2026-07-25,19x47 Patipan Suksangiam,19x1,Administrator,
5x7872,191537,11x1821,บริษัท เพรซิเดนท์ไรซ์โปรดักส์ จำกัด (มหาชน),Loss,7600.00000000,2019-07-19,2026-07-25,19x47 Patipan Suksangiam,19x1,Administrator,
5x7881,191557,11x955,บริษัท ไทยยูเนี่ยน โฟรเซ่นโปรดักส์ จำกัด (มหาชน),Loss,120000.00000000,2019-07-19,2026-07-25,19x47 Patipan Suksangiam,19x1,Administrator,
5x7944,191701,11x3004,บริษัท โมเมนทีฟ เพอร์ฟอร์แมนซ์ แมททีเรียลส์ (ประเทศไทย) จำกัด,Loss,137000.00000000,2019-07-19,2026-07-25,19x47 Patipan Suksangiam,19x1,Administrator,
5x8000,190033,11x1921,บริษัท มาบตาพุดโอเลฟินส์ จำกัด,Loss,150000.00000000,2019-07-19,2026-07-25,19x47 Patipan Suksangiam,19x51,Benjamas Tanjit,
5x8026,190107,11x1951,บริษัท ทีพีที ปิโตรเคมิคอลส์ จำกัด (มหาชน),Loss,20000.00000000,2019-07-19,2026-07-25,19x47 Patipan Suksangiam,19x92,Napadol Peoksangthip,
5x8044,190145,11x2780,บริษัท อินเด็กซ์ อินเตอร์เนชั่นแนล กรุ๊ป จำกัด,Loss,50000.00000000,2019-07-19,2026-07-25,19x47 Patipan Suksangiam,19x1,Administrator,
5x8053,190167,11x2151,บริษัท พีทีที โกลบอล เคมิคอล จำกัด (มหาชน),Loss,170000.00000000,2019-07-19,2026-07-25,19x47 Patipan Suksangiam,19x78,Sarawut Viseshasiri,
5x8056,190175,11x2151,บริษัท พีทีที โกลบอล เคมิคอล จำกัด (มหาชน),Loss,1500.00000000,2019-07-19,2026-07-25,19x47 Patipan Suksangiam,19x78,Sarawut Viseshasiri,
5x8061,190194,11x2151,บริษัท พีทีที โกลบอล เคมิคอล จำกัด (มหาชน),Loss,400000.00000000,2019-07-19,2026-07-25,19x47 Patipan Suksangiam,19x78,Sarawut Viseshasiri,
5x8062,190195,11x2151,บริษัท พีทีที โกลบอล เคมิคอล จำกัด (มหาชน),Loss,500000.00000000,2019-07-19,2026-07-25,19x47 Patipan Suksangiam,19x78,Sarawut Viseshasiri,
5x8073,190226,11x2698,บริษัท ธิสเซ่นครุปป์ อินดัสเตรียล โซลูชั่น (ประเทศไทย) จำกัด,Loss,0.00000000,2019-07-19,2026-07-25,19x47 Patipan Suksangiam,19x1,Administrator,
5x8074,190227,11x2698,บริษัท ธิสเซ่นครุปป์ อินดัสเตรียล โซลูชั่น (ประเทศไทย) จำกัด,Loss,0.00000000,2019-07-19,2026-07-25,19x47 Patipan Suksangiam,19x1,Administrator,
5x8078,190234,11x2972,บริษัท ระยองเอ็นจิเนียริ่งโซลูชั่น จำกัด,Loss,50000.00000000,2019-07-19,2026-07-25,19x47 Patipan Suksangiam,19x1,Administrator,
5x8081,190237,11x2151,บริษัท พีทีที โกลบอล เคมิคอล จำกัด (มหาชน),Loss,20000.00000000,2019-07-19,2026-07-25,19x47 Patipan Suksangiam,19x78,Sarawut Viseshasiri,
5x8101,190283,11x1330,บริษัท บุญสูงเนิน ปั๊มแอนด์วาล์ว(ประเทศไทย) จำกัด,Loss,3900000.00000000,2019-07-19,2026-07-25,19x47 Patipan Suksangiam,19x19,Saovaluck Jangjai,
5x8103,190287,11x1330,บริษัท บุญสูงเนิน ปั๊มแอนด์วาล์ว(ประเทศไทย) จำกัด,Loss,3500000.00000000,2019-07-19,2026-07-25,19x47 Patipan Suksangiam,19x19,Saovaluck Jangjai,
5x8115,190311,11x931,บริษัท อุตสาหกรรมวิวัฒน์ จำกัด,Loss,100000.00000000,2019-07-19,2026-07-25,19x47 Patipan Suksangiam,19x1,Administrator,
5x8119,190320,11x1311,บริษัท บีเอสที อิลาสโตเมอร์ส จำกัด,Loss,4200.00000000,2019-07-19,2026-07-25,19x47 Patipan Suksangiam,19x90,Patthamanan Pudgajang,
5x8122,190334,11x1951,บริษัท ทีพีที ปิโตรเคมิคอลส์ จำกัด (มหาชน),Loss,0.00000000,2019-07-19,2026-07-25,19x47 Patipan Suksangiam,19x92,Napadol Peoksangthip,
5x8127,190341,11x1311,บริษัท บีเอสที อิลาสโตเมอร์ส จำกัด,Loss,0.00000000,2019-07-19,2026-07-25,19x47 Patipan Suksangiam,19x90,Patthamanan Pudgajang,
5x8178,190441,11x2782,บริษัท ฮ.พัฒนาเอ็นจิเนีย (กรุ๊ป) จำกัด,Loss,350000.00000000,2019-07-19,2026-07-25,19x47 Patipan Suksangiam,19x1,Administrator,
5x8181,190450,11x2151,บริษัท พีทีที โกลบอล เคมิคอล จำกัด (มหาชน),Loss,0.00000000,2019-07-19,2026-07-25,19x47 Patipan Suksangiam,19x78,Sarawut Viseshasiri,
5x8194,190479,11x2246,บริษัท สตาร์ ปิโตรเลียม รีไฟน์นิ่ง จำกัด (มหาชน),Loss,65000.00000000,2019-07-19,2026-07-25,19x47 Patipan Suksangiam,19x51,Benjamas Tanjit,
5x8203,190500,11x3078,บริษัท พีทีที แทงค์ เทอร์มินัล จำกัด,Loss,150000.00000000,2019-07-19,2026-07-25,19x47 Patipan Suksangiam,19x78,Sarawut Viseshasiri,
5x8217,190519,11x3076,บริษัท ทิปโก้ เอฟแอนด์บี จำกัด,Loss,200000.00000000,2019-07-19,2026-07-25,19x47 Patipan Suksangiam,19x1,Administrator,
5x8218,190527,11x3076,บริษัท ทิปโก้ เอฟแอนด์บี จำกัด,Loss,20000.00000000,2019-07-19,2026-07-25,19x47 Patipan Suksangiam,19x1,Administrator,
5x8221,190530,11x1311,บริษัท บีเอสที อิลาสโตเมอร์ส จำกัด,Loss,30000.00000000,2019-07-19,2026-07-25,19x47 Patipan Suksangiam,19x90,Patthamanan Pudgajang,
5x8252,190635,11x2151,บริษัท พีทีที โกลบอล เคมิคอล จำกัด (มหาชน),Loss,20000.00000000,2019-07-19,2026-07-25,19x47 Patipan Suksangiam,19x78,Sarawut Viseshasiri,
5x8253,190637,11x1959,บริษัท มาบตาพุด แทงค์ เทอร์มินัล จำกัด,Loss,4000.00000000,2019-07-19,2026-07-25,19x47 Patipan Suksangiam,19x51,Benjamas Tanjit,
5x8254,190638,11x1921,บริษัท มาบตาพุดโอเลฟินส์ จำกัด,Loss,4500.00000000,2019-07-19,2026-07-25,19x47 Patipan Suksangiam,19x51,Benjamas Tanjit,
5x8269,190682,11x1311,บริษัท บีเอสที อิลาสโตเมอร์ส จำกัด,Loss,5000000.00000000,2019-07-19,2026-07-25,19x47 Patipan Suksangiam,19x90,Patthamanan Pudgajang,
5x8282,190721,11x1273,บริษัท นาลโก อินดัสเทรียล เซอร์วิส (ประเทศไทย) จำกัด,Loss,180000.00000000,2019-07-19,2026-07-25,19x47 Patipan Suksangiam,19x1,Administrator,
5x8287,190730,11x3078,บริษัท พีทีที แทงค์ เทอร์มินัล จำกัด,Loss,0.00000000,2019-07-19,2026-07-25,19x47 Patipan Suksangiam,19x78,Sarawut Viseshasiri,
5x8404,191021,11x1311,บริษัท บีเอสที อิลาสโตเมอร์ส จำกัด,Loss,50000.00000000,2019-07-19,2026-07-25,19x47 Patipan Suksangiam,19x90,Patthamanan Pudgajang,
5x8433,191104,11x2151,บริษัท พีทีที โกลบอล เคมิคอล จำกัด (มหาชน),Loss,8000.00000000,2019-07-19,2026-07-25,19x47 Patipan Suksangiam,19x78,Sarawut Viseshasiri,
5x8435,191106,11x1921,บริษัท มาบตาพุดโอเลฟินส์ จำกัด,Loss,100000.00000000,2019-07-19,2026-07-25,19x47 Patipan Suksangiam,19x51,Benjamas Tanjit,
5x9919,192012,11x2802,บริษัท เวิลด์ ไวด์ โซลูชั่นส์ 2014 จำกัด,Loss,1260000.00000000,2019-08-07,2026-07-25,19x47 Patipan Suksangiam,19x1,Administrator,
5x9923,192015,11x9612,PTT Global Chemical Public Company Limited,Loss,514000.00000000,2019-08-07,2026-07-25,19x47 Patipan Suksangiam,19x65,,
5x9928,192017,11x9927,Thai Styrenics Company Limited,Loss,398000.00000000,2019-08-08,2026-07-25,19x47 Patipan Suksangiam,19x53,,
5x9932,192018,11x9930,"M Force Co.,Ltd",Loss,50000.00000000,2019-08-08,2026-07-25,19x47 Patipan Suksangiam,19x43,Katewadee Pratipagorn,
5x9989,192025,11x9987,บริษัท พี พลัส โกลด์ อิเล็คทริคคอล แอนด์ ซัพพลาย จำกัด,Loss,96500.00000000,2019-08-08,2026-07-25,19x47 Patipan Suksangiam,19x34,Kanittha Cheryhom,
5x9993,192028,11x9992,บริษัท เออร์โก้ เฮลธ์แคร์ โพรดัคส์ จำกัด,Loss,155000.00000000,2019-08-08,2026-07-25,19x47 Patipan Suksangiam,19x74,Sujittra Tungprakobjaroen,
5x10031,192033,11x10030,บริษัท กุลธรพรีเมียร์ จำกัด,Loss,23500.00000000,2019-08-09,2026-07-25,19x47 Patipan Suksangiam,19x61,Peeraya Peeploy,
5x10075,192042,11x10074,"TSK Engineering (Thailand) Co.,Ltd.",Loss,178150.00000000,2019-08-09,2026-07-25,19x47 Patipan Suksangiam,20x6,,
5x10136,192055,11x2683,บริษัท คอสเมด อินโนเวชั่น จำกัด,Loss,5320000.00000000,2019-08-13,2026-07-25,19x47 Patipan Suksangiam,19x1,Administrator,
5x11839,192062,11x11838,บริษัท โอตานิ เรเดียล จำกัด,Loss,2445000.00000000,2019-08-14,2026-07-25,19x47 Patipan Suksangiam,19x38,,
5x11949,192094,11x1492,บริษัท เบสท์เทรด เทคโนโลยี จำกัด,Loss,300000.00000000,2019-08-16,2026-07-25,19x47 Patipan Suksangiam,19x1,Administrator,
5x11984,192106,11x11983,Kurita,Loss,50000.00000000,2019-08-16,2026-07-25,19x47 Patipan Suksangiam,19x51,Benjamas Tanjit,
5x20502,192142,11x20501,momentive,Loss,633000.00000000,2019-08-21,2026-07-25,19x47 Patipan Suksangiam,19x78,Sarawut Viseshasiri,
5x20614,192149,11x20613,พีอีจี อินเตอร์เทค,Loss,0.00000000,2019-08-21,2026-07-25,19x47 Patipan Suksangiam,19x51,Benjamas Tanjit,
5x20870,192183,11x20652,ไก่สดเซนทาโก,Loss,60000.00000000,2019-08-26,2026-07-25,19x47 Patipan Suksangiam,19x28,,
5x20958,192193,11x9612,PTT Global Chemical Public Company Limited,Loss,10000.00000000,2019-08-27,2026-07-25,19x47 Patipan Suksangiam,19x65,,
5x20962,192206,11x21014,BOONKASEM,Loss,90000.00000000,2019-08-27,2026-07-25,19x47 Patipan Suksangiam,19x45,Pattamaporn Chadkurupin,
5x21043,192222,11x11847,TPI POLENE,Loss,200000.00000000,2019-08-28,2026-07-25,19x47 Patipan Suksangiam,19x22,,
5x21105,192230,11x930,บริษัท ยูนิลีเวอร์ ไทยโฮลดิ้งส์ จำกัด,Loss,240000.00000000,2019-08-29,2026-07-25,19x47 Patipan Suksangiam,19x74,Sujittra Tungprakobjaroen,
5x21374,192245,11x2769,บริษัท เท็กซ์แมค จำกัด,Loss,56000.00000000,2019-08-30,2026-07-25,19x47 Patipan Suksangiam,19x1,Administrator,
5x21467,192253,11x20666,ผลิตภัณฑ์ตราเพชร,Loss,23000.00000000,2019-09-02,2026-07-25,19x47 Patipan Suksangiam,19x28,,
5x21473,192259,11x21487,B Living Property (Condo),Loss,136000.00000000,2019-09-02,2026-07-25,19x47 Patipan Suksangiam,19x53,,
5x21483,192260,11x21482,"Advanced Industrial Techno and Services Co.,Ltd.",Loss,100000.00000000,2019-09-03,2026-07-25,19x47 Patipan Suksangiam,19x45,Pattamaporn Chadkurupin,
5x21589,192288,11x2312,บริษัท เกรทโฟม โปรดักส์ จำกัด,Loss,980000.00000000,2019-09-04,2026-07-25,19x47 Patipan Suksangiam,19x1,Administrator,
5x21593,192290,11x21592,"SYNERGY SERVICES CO.,LTD.",Loss,480000.00000000,2019-09-04,2026-07-25,19x47 Patipan Suksangiam,19x53,,
5x21637,192296,11x21636,บริษัท โนวาซิล (ไทยแลนด์) จำกัด,Loss,210000.00000000,2019-09-05,2026-07-25,19x47 Patipan Suksangiam,19x74,Sujittra Tungprakobjaroen,
5x21710,192313,11x21709,บริษัท ปั๊มเซิร์ฟ จำกัด,Loss,120000.00000000,2019-09-06,2026-07-25,19x47 Patipan Suksangiam,19x34,Kanittha Cheryhom,
5x21862,192328,11x21861,REPCO,Loss,40000000.00000000,2019-09-09,2026-07-25,19x47 Patipan Suksangiam,19x78,Sarawut Viseshasiri,
5x21908,192334,11x2393,สำนักงานเทศบาลนครนนทบุรี,Loss,0.00000000,2019-09-10,2026-07-25,19x47 Patipan Suksangiam,19x1,Administrator,
5x21944,192341,11x1080,HMC Polymers Company  Limited,Loss,50000.00000000,2019-09-11,2026-07-25,19x47 Patipan Suksangiam,19x90,Patthamanan Pudgajang,
5x21948,192344,11x14080,HMC Polymers Company Limited (ยกเลิก),Loss,20000.00000000,2019-09-11,2026-07-25,19x47 Patipan Suksangiam,19x13,Uthen Phutneam,
5x21956,192347,11x21954,ATT Consultants,Loss,200000.00000000,2019-09-11,2026-07-25,19x47 Patipan Suksangiam,19x43,Katewadee Pratipagorn,
5x22038,192368,11x21364,INDORAMA  PETROCHEM LIMITED,Loss,250000.00000000,2019-09-13,2026-07-25,19x47 Patipan Suksangiam,19x53,,
5x22042,192371,11x22041,บริษัท เวิลด์ไวด์ โซลูชั่นส์ 2014 จำกัด,Loss,210000.00000000,2019-09-13,2026-07-25,19x47 Patipan Suksangiam,19x36,,
5x22192,192385,11x22191,TACTONIC,Loss,350000.00000000,2019-09-16,2026-07-25,19x47 Patipan Suksangiam,19x55,,
5x22202,192390,11x22201,บริษัท ยูโรเปี้ยนสแนคฟู้ด จำกัด,Loss,300000.00000000,2019-09-16,2026-07-25,19x47 Patipan Suksangiam,19x45,Pattamaporn Chadkurupin,
5x22264,192398,11x22263,"Glow Energy Public Co., Ltd.",Loss,300000.00000000,2019-09-17,2026-07-25,19x47 Patipan Suksangiam,19x65,,
5x22282,192406,11x9667,"Bangkok Synthetics Co., Ltd. (BST)",Loss,270000.00000000,2019-09-17,2026-07-25,19x47 Patipan Suksangiam,19x78,Sarawut Viseshasiri,
5x22285,192408,11x22284,SUMITOMO RUBBER,Loss,295000.00000000,2019-09-17,2026-07-25,19x47 Patipan Suksangiam,19x53,,
5x22288,192411,11x1240,บริษัท ทีโอเอ เพ้นท์ (ประเทศไทย)  จำกัด (มหาชน),Loss,120000.00000000,2019-09-17,2026-07-25,19x47 Patipan Suksangiam,19x1,Administrator,
5x22289,192412,11x9612,PTT Global Chemical Public Company Limited,Loss,22000.00000000,2019-09-17,2026-07-25,19x47 Patipan Suksangiam,19x65,,
5x22320,192415,11x22247,บริษัท แอบโซลูท แวค จำกัด,Loss,600000.00000000,2019-09-18,2026-07-25,19x47 Patipan Suksangiam,19x18,Nomjit Suktawee,
5x22330,192417,11x9635,Thairotary,Loss,600000.00000000,2019-09-18,2026-07-25,19x47 Patipan Suksangiam,19x53,,
5x22403,192437,11x22402,บริษัท เทคนิคัล โซลูชั่น,Loss,100000.00000000,2019-09-20,2026-07-25,19x47 Patipan Suksangiam,19x45,Pattamaporn Chadkurupin,
5x22417,192441,11x22327,ไทสัน ฟีด (ไทยแลนด์) จำกัด,Loss,52000.00000000,2019-09-20,2026-07-25,19x47 Patipan Suksangiam,19x28,,
5x23503,193004,11x23502,UBE,Loss,43000.00000000,2019-10-10,2026-07-25,19x47 Patipan Suksangiam,19x65,,
5x23533,193018,11x9667,"Bangkok Synthetics Co., Ltd. (BST)",Loss,85000.00000000,2019-10-11,2026-07-25,19x47 Patipan Suksangiam,19x78,Sarawut Viseshasiri,
5x23632,193035,11x9612,PTT Global Chemical Public Company Limited,Loss,45000.00000000,2019-10-15,2026-07-25,19x47 Patipan Suksangiam,19x65,,
5x23672,193041,11x9667,"Bangkok Synthetics Co., Ltd. (BST)",Loss,186000.00000000,2019-10-15,2026-07-25,19x47 Patipan Suksangiam,19x78,Sarawut Viseshasiri,
5x23789,193075,11x9612,PTT Global Chemical Public Company Limited,Loss,99980.00000000,2019-10-18,2026-07-25,19x47 Patipan Suksangiam,19x65,,
5x24032,193108,11x24031,General Motor,Loss,9500.00000000,2019-10-24,2026-07-25,19x47 Patipan Suksangiam,19x55,,
5x24060,193119,11x930,บริษัท ยูนิลีเวอร์ ไทยโฮลดิ้งส์ จำกัด,Loss,135000.00000000,2019-10-24,2026-07-25,19x47 Patipan Suksangiam,19x74,Sujittra Tungprakobjaroen,
5x24067,193122,11x9667,"Bangkok Synthetics Co., Ltd. (BST)",Loss,450000.00000000,2019-10-24,2026-07-25,19x47 Patipan Suksangiam,19x78,Sarawut Viseshasiri,
5x24147,193133,11x24146,ผู้รับเหมา-โครงการไทยฟู้ดส์กบินทร์บุรี,Loss,500000.00000000,2019-10-27,2026-07-25,19x47 Patipan Suksangiam,19x27,Nattawut Junkong,
5x24373,193160,11x2393,สำนักงานเทศบาลนครนนทบุรี,Loss,12500000.00000000,2019-10-30,2026-07-25,19x47 Patipan Suksangiam,19x1,Administrator,
5x24505,193178,11x940,"AGC CHEMICALS (THAILAND) CO., LTD.",Loss,100000.00000000,2019-10-31,2026-07-25,19x47 Patipan Suksangiam,19x1,Administrator,
5x27136,200008,11x2735,บริษัท เศรษฐสัมพันธ์ แมคคานิค จำกัด,Loss,45000.00000000,2020-01-03,2026-07-25,19x47 Patipan Suksangiam,19x1,Administrator,
5x27142,200009,11x12172,JSR BST Elastomer (JBE),Loss,143000.00000000,2020-01-03,2026-07-25,19x47 Patipan Suksangiam,19x54,,
5x27195,200015,11x24185,บริษัท ทวีทรัพย์ แมชชินเนอรี่ แอนด์ เซอร์วิส จำกัด,Loss,0.00000000,2020-01-06,2026-07-25,19x47 Patipan Suksangiam,19x36,,
5x27198,200017,11x27197,บริษัท บัซเท็กซ์ จำกัด,Loss,625000.00000000,2020-01-06,2026-07-25,19x47 Patipan Suksangiam,19x37,Piyanuch Janthanarak,
5x27212,200021,11x1874,บริษัท ท่าอากาศยานไทย จำกัด (มหาชน)   สาขาท่าอากาศยานสุวรรณภูมิ,Loss,5000000.00000000,2020-01-06,2026-07-25,19x47 Patipan Suksangiam,19x1,Administrator,
5x27262,200022,11x27261,บริษัท ออโตเมชั่น คอนซัลท์ แอนด์ เอ็นจิเนียริ่ง จำกัด,Loss,35000.00000000,2020-01-07,2026-07-25,19x47 Patipan Suksangiam,19x19,Saovaluck Jangjai,
5x27264,200023,11x27263,MCIC,Loss,120000.00000000,2020-01-07,2026-07-25,19x47 Patipan Suksangiam,19x43,Katewadee Pratipagorn,
5x27266,200024,11x27265,บริษัท โชคประชา อิมพอร์ต แอนด์ เอ็กซ์พอร์ต จำกัด,Loss,15000.00000000,2020-01-07,2026-07-25,19x47 Patipan Suksangiam,19x26,,
5x27271,200027,11x1021,บริษัท โคห์เลอร์ (ประเทศไทย) จำกัด (มหาชน),Loss,24000.00000000,2020-01-07,2026-07-25,19x47 Patipan Suksangiam,19x19,Saovaluck Jangjai,
5x27277,200029,11x1021,บริษัท โคห์เลอร์ (ประเทศไทย) จำกัด (มหาชน),Loss,35000.00000000,2020-01-07,2026-07-25,19x47 Patipan Suksangiam,19x19,Saovaluck Jangjai,
5x27300,200031,11x2497,บริษัท เอชแอนด์อาร์ เคมฟาร์ม (ประเทศไทย) จำกัด,Loss,150000.00000000,2020-01-08,2026-07-25,19x47 Patipan Suksangiam,19x43,Katewadee Pratipagorn,
5x27314,200038,11x9852,I mechanic,Loss,300000.00000000,2020-01-08,2026-07-25,19x47 Patipan Suksangiam,19x45,Pattamaporn Chadkurupin,
5x27362,200054,11x9667,"Bangkok Synthetics Co., Ltd. (BST)",Loss,3500.00000000,2020-01-10,2026-07-25,19x47 Patipan Suksangiam,19x78,Sarawut Viseshasiri,
5x27399,200060,11x1361,บริษัท ไทย นิปปอน แพล้นท์  จำกัด,Loss,355000.00000000,2020-01-13,2026-07-25,19x47 Patipan Suksangiam,19x1,Administrator,
5x27417,200067,11x22041,บริษัท เวิลด์ไวด์ โซลูชั่นส์ 2014 จำกัด,Loss,350000.00000000,2020-01-13,2026-07-25,19x47 Patipan Suksangiam,19x36,,
5x27521,200081,11x1320,บริษัท คาร์กิลล์สยาม จำกัด (พิษณุโลก),Loss,42000.00000000,2020-01-14,2026-07-25,19x47 Patipan Suksangiam,19x1,Administrator,
5x27525,200085,11x1235,บริษัท บีเอเอสเอฟ (ไทย) จำกัด,Loss,934000.00000000,2020-01-14,2026-07-25,19x47 Patipan Suksangiam,19x74,Sujittra Tungprakobjaroen,
5x27532,200090,11x27531,"TECH  VICE CO., LTD.",Loss,400000.00000000,2020-01-14,2026-07-25,19x47 Patipan Suksangiam,19x65,,
5x27564,200101,11x2990,บริษัท พี.เอ็น.วี.อินโนเทค จำกัด,Loss,50000.00000000,2020-01-15,2026-07-25,19x47 Patipan Suksangiam,19x1,Administrator,
5x27565,200102,11x9862,Neuman&Esser,Loss,52000.00000000,2020-01-15,2026-07-25,19x47 Patipan Suksangiam,19x51,Benjamas Tanjit,
5x27590,200106,11x21482,"Advanced Industrial Techno and Services Co.,Ltd.",Loss,40000.00000000,2020-01-16,2026-07-25,19x47 Patipan Suksangiam,19x45,Pattamaporn Chadkurupin,
5x27594,200110,11x1364,บริษัท กรุงไทยอาหารสัตว์ จำกัด (มหาชน),Loss,50000.00000000,2020-01-16,2026-07-25,19x47 Patipan Suksangiam,19x1,Administrator,
5x27613,200122,11x1030,บริษัท นิปปอนเพนต์ (ประเทศไทย) จำกัด,Loss,36000.00000000,2020-01-16,2026-07-25,19x47 Patipan Suksangiam,19x88,Thanaaran Sirawattanamongkol,
5x27644,200136,11x27643,PTT LNG,Loss,200000.00000000,2020-01-17,2026-07-25,19x47 Patipan Suksangiam,19x65,,
5x163590,232822,11x11847,TPI POLENE,Loss,80000000.00000000,2023-10-25,2026-07-25,19x47 Patipan Suksangiam,19x22,,
5x172893,240199,11x172890,Howden (Thailand),Loss,28750.00000000,2024-01-21,2026-07-25,19x47 Patipan Suksangiam,19x47,Patipan Suksangiam,
5x195167,242071,11x90835,GULF NLL2,Loss,100000.00000000,2024-08-22,2026-07-25,19x47 Patipan Suksangiam,19x65,,
5x204658,242994,11x9688,PTT Tank Terminal Company Limited,Loss,1881110000.00000000,2024-11-25,2026-07-25,19x47 Patipan Suksangiam,19x65,,
5x181867,240876,11x2629,บริษัท ทีทีซีแอล จำกัด (มหาชน),Loss,760000.00000000,2024-04-05,2026-07-26,19x47 Patipan Suksangiam,19x1,Administrator,
5x27529,200088,11x27528,เอสพี เทคโนเทรด,Loss,1800000.00000000,2020-01-14,2026-07-27,19x47 Patipan Suksangiam,19x44,Nuttapong Laplumwanich,
5x11851,192070,11x1151,บริษัท ไออาร์พีซี จำกัด (มหาชน),Loss,100000.00000000,2019-08-14,2026-07-28,19x47 Patipan Suksangiam,19x1,Administrator,
5x11892,192082,11x1151,บริษัท ไออาร์พีซี จำกัด (มหาชน),Loss,500000.00000000,2019-08-15,2026-07-28,19x47 Patipan Suksangiam,19x1,Administrator,
5x11899,192088,11x1151,บริษัท ไออาร์พีซี จำกัด (มหาชน),Loss,0.00000000,2019-08-15,2026-07-28,19x47 Patipan Suksangiam,19x1,Administrator,
5x12177,192111,11x12176,TOMITA ASIA,Loss,32000.00000000,2019-08-19,2026-07-28,19x47 Patipan Suksangiam,20x7,,
5x21161,192234,11x1151,บริษัท ไออาร์พีซี จำกัด (มหาชน),Loss,400000.00000000,2019-08-29,2026-07-28,19x47 Patipan Suksangiam,19x1,Administrator,
5x21947,192343,11x1151,บริษัท ไออาร์พีซี จำกัด (มหาชน),Loss,0.00000000,2019-09-11,2026-07-28,19x47 Patipan Suksangiam,19x1,Administrator,
5x22262,192397,11x1151,บริษัท ไออาร์พีซี จำกัด (มหาชน),Loss,50000.00000000,2019-09-17,2026-07-28,19x47 Patipan Suksangiam,19x1,Administrator,
5x24376,193163,11x1151,บริษัท ไออาร์พีซี จำกัด (มหาชน),Loss,98000.00000000,2019-10-30,2026-07-28,19x47 Patipan Suksangiam,19x1,Administrator,
5x24384,193165,11x1151,บริษัท ไออาร์พีซี จำกัด (มหาชน),Loss,4250.00000000,2019-10-30,2026-07-28,19x47 Patipan Suksangiam,19x1,Administrator,
5x24554,193186,11x24553,ธาริกัน,Loss,1500000.00000000,2019-11-01,2026-07-28,19x47 Patipan Suksangiam,19x44,Nuttapong Laplumwanich,
5x24682,193206,11x24681,บริษัท เพาเวอร์ อะไลน์เม้นท์ จำกัด,Loss,98000.00000000,2019-11-05,2026-07-28,19x47 Patipan Suksangiam,19x44,Nuttapong Laplumwanich,
5x24684,193207,11x24683,อายิโนะโมะโต๊ะ เบทาโกร สเปเชียลตี้ ฟู้ดส์,Loss,250000.00000000,2019-11-05,2026-07-28,19x47 Patipan Suksangiam,19x44,Nuttapong Laplumwanich,
5x27098,200001,11x27097,CHU Engineering,Loss,14000.00000000,2020-01-02,2026-07-28,19x47 Patipan Suksangiam,19x62,Nattawut Hirunlalit,
5x27106,200004,11x1145,บริษัท พีทีจี เอ็นเนอยี จำกัด (มหาชน),Loss,352000.00000000,2020-01-02,2026-07-28,19x47 Patipan Suksangiam,19x43,Katewadee Pratipagorn,
5x27144,200010,11x27143,บริษัท เอ็ม.ดี.เอ็กซ์ จำกัด,Loss,70000.00000000,2020-01-03,2026-07-28,19x47 Patipan Suksangiam,19x44,Nuttapong Laplumwanich,
5x27366,200058,11x1036,บริษัท เชลล์แห่งประเทศไทย จำกัด,Loss,342500.00000000,2020-01-10,2026-07-28,19x47 Patipan Suksangiam,19x23,Vipoo Srisawadi,
5x27415,200065,11x27414,เอสพีอาร์ แมนทาแน้นท์,Loss,25000.00000000,2020-01-13,2026-07-28,19x47 Patipan Suksangiam,19x44,Nuttapong Laplumwanich,
5x27508,200072,11x2910,บริษัท โปรวินเนอร์ (ไทยแลนด์) จำกัด,Loss,40000.00000000,2020-01-14,2026-07-28,19x47 Patipan Suksangiam,19x1,Administrator,
5x27512,200073,11x21159,Operational Energy Group Limited,Loss,30000.00000000,2020-01-14,2026-07-28,19x47 Patipan Suksangiam,19x45,Pattamaporn Chadkurupin,
5x27559,200098,11x1749,บริษัท บลูรีฟริกเจอเรชั่น จำกัด,Loss,4650.00000000,2020-01-15,2026-07-28,19x47 Patipan Suksangiam,19x45,Pattamaporn Chadkurupin,
5x27630,200125,11x1010,บริษัท บางจาก คอร์ปอเรชั่น จำกัด (มหาชน),Loss,10000.00000000,2020-01-17,2026-07-28,19x47 Patipan Suksangiam,19x23,Vipoo Srisawadi,
5x27633,200128,11x1977,บริษัท ธาริกัน จำกัด,Loss,200000.00000000,2020-01-17,2026-07-28,19x47 Patipan Suksangiam,19x1,Administrator,
5x27634,200129,11x9567,บริษัท ไอริช จำกัด,Loss,70000.00000000,2020-01-17,2026-07-28,19x47 Patipan Suksangiam,19x38,,
5x27637,200131,11x27636,"Unipower Advance Group Co., Ltd.",Loss,70000.00000000,2020-01-17,2026-07-28,19x47 Patipan Suksangiam,19x62,Nattawut Hirunlalit,
5x27638,200132,11x2399,บริษัท ที.ไอ.พี.เกียร์ เอ็นเตอร์ไพรส์ จำกัด,Loss,70000.00000000,2020-01-17,2026-07-28,19x47 Patipan Suksangiam,19x1,Administrator,
5x27641,200134,11x2986,บริษัท เอ็กเชน ทาวเวอร์ จำกัด,Loss,0.00000000,2020-01-17,2026-07-28,19x47 Patipan Suksangiam,19x1,Administrator,
5x213850,250541,11x2982,บริษัท ทรายทอง เอ็นจีวี จำกัด,Order,535100.00000000,2025-02-22,2026-07-28,19x47 Patipan Suksangiam,19x47,Patipan Suksangiam,
5x77680,213401,11x32805,GCME,Loss,4000000.00000000,2021-12-02,2026-07-29,19x47 Patipan Suksangiam,19x21,Chuanhathai Eakwongsupasarn,
5x156303,232205,11x2969,บริษัท ยูเอซี โกลบอล จำกัด (มหาชน),Loss,43000000.00000000,2023-08-11,2026-07-29,19x47 Patipan Suksangiam,19x43,Katewadee Pratipagorn,
5x169234,233183,11x9051,TTCL,Loss,261000.00000000,2023-12-06,2026-07-29,19x47 Patipan Suksangiam,19x53,,
5x270889,192121-1,11x21155,NFC,Loss,0.00000000,2026-07-29,2026-07-29,19x47 Patipan Suksangiam,19x78,Sarawut Viseshasiri,
5x27199,200018.,11x9115,TIB ALL,Loss,45500.00000000,2020-01-06,2026-07-31,19x47 Patipan Suksangiam,19x45,Pattamaporn Chadkurupin,
5x7601,190939,11x924,บริษัท เนาวรัตน์พัฒนาการ จำกัด (มหาชน),Loss,1936000.00000000,2019-07-19,2026-08-02,19x47 Patipan Suksangiam,19x1,Administrator,
5x27127,200005,11x27126,Siam PKK Tech,Loss,128960.00000000,2020-01-03,2026-08-02,19x47 Patipan Suksangiam,19x62,Nattawut Hirunlalit,
5x27132,200006,11x9811,PSP Specialty,Loss,28000.00000000,2020-01-03,2026-08-02,19x47 Patipan Suksangiam,19x62,Nattawut Hirunlalit,
5x27313,200037,11x952,บริษัท คอลเกต-ปาล์มโอลีฟ (ประเทศไทย)  จำกัด,Loss,118300.00000000,2020-01-08,2026-08-02,19x47 Patipan Suksangiam,19x74,Sujittra Tungprakobjaroen,
5x27338,200043,11x22547,คาร์กิลล์สยาม-ฉะเชิงเทรา,Loss,34500.00000000,2020-01-09,2026-08-02,19x47 Patipan Suksangiam,19x27,Nattawut Junkong,
5x27340,200045,11x1232,บริษัท สุรากระทิงแดง (1988) จำกัด,Loss,38500.00000000,2020-01-09,2026-08-02,19x47 Patipan Suksangiam,19x74,Sujittra Tungprakobjaroen,
5x27341,200046,11x2910,บริษัท โปรวินเนอร์ (ไทยแลนด์) จำกัด,Loss,199500.00000000,2020-01-09,2026-08-02,19x47 Patipan Suksangiam,19x1,Administrator,
5x27350,200051,11x1128,บริษัท ยูบิส (เอเชีย) จำกัด (มหาชน),Loss,32000.00000000,2020-01-09,2026-08-02,19x47 Patipan Suksangiam,19x1,Administrator,
5x27364,200056,11x952,บริษัท คอลเกต-ปาล์มโอลีฟ (ประเทศไทย)  จำกัด,Loss,99050.00000000,2020-01-10,2026-08-02,19x47 Patipan Suksangiam,19x74,Sujittra Tungprakobjaroen,
5x27438,200068,11x27437,บริษัท ไทย ซูปาโก้ เอ็นจิเนียริ่ง แอนด์ ซัพพลาย จำกัด,Loss,105000.00000000,2020-01-13,2026-08-02,19x47 Patipan Suksangiam,19x38,,
5x27514,200075,11x952,บริษัท คอลเกต-ปาล์มโอลีฟ (ประเทศไทย)  จำกัด,Loss,127060.00000000,2020-01-14,2026-08-02,19x47 Patipan Suksangiam,19x74,Sujittra Tungprakobjaroen,
5x27589,200105,11x936,บริษัท สยามมิชลิน จำกัด,Loss,53000.00000000,2020-01-16,2026-08-02,19x47 Patipan Suksangiam,19x34,Kanittha Cheryhom,
5x27598,200113,11x27597,Clean Energy System,Loss,460352.00000000,2020-01-16,2026-08-02,19x47 Patipan Suksangiam,19x55,,
5x27612,200121,11x3095,บริษัท ไทย กลีเซอรีน จำกัด,Loss,37500.00000000,2020-01-16,2026-08-02,19x47 Patipan Suksangiam,19x1,Administrator,
5x182173,241046,11x136336,SES INTERNATIONAL BV,Loss,7900.00000000,2024-04-18,2026-08-02,19x47 Patipan Suksangiam,19x90,Patthamanan Pudgajang,
5x7876,191547,11x952,บริษัท คอลเกต-ปาล์มโอลีฟ (ประเทศไทย)  จำกัด,Loss,8600.00000000,2019-07-19,2026-08-14,19x47 Patipan Suksangiam,19x74,Sujittra Tungprakobjaroen,
5x7304,190256,11x2729,บริษัท โกลบอลกรีนเคมิคอล จำกัด (มหาชน),Order,126600.00000000,2019-07-19,2026-09-01,19x47 Patipan Suksangiam,19x78,Sarawut Viseshasiri,
5x7346,190363,11x2309,บริษัท แฟร์เทค จำกัด,Order,37000.00000000,2019-07-19,2026-09-01,19x47 Patipan Suksangiam,19x51,Benjamas Tanjit,
5x7374,190435,11x2582,บริษัท เอ.พี.วิชั่น เอ็นจิเนียริ่ง จำกัด,Order,468000.00000000,2019-07-19,2026-09-01,19x47 Patipan Suksangiam,19x1,Administrator,
5x7387,190465,11x1562,บริษัท ไตร เอนเนอจี้ จำกัด,Order,185000.00000000,2019-07-19,2026-09-01,19x47 Patipan Suksangiam,19x1,Administrator,
5x7421,190554,11x1080,HMC Polymers Company  Limited,Order,28452.00000000,2019-07-19,2026-09-01,19x47 Patipan Suksangiam,19x90,Patthamanan Pudgajang,
5x7461,190633,11x3088,บริษัท เอ็นเอส-สยามยูไนเต็ดสตีล จำกัด,Order,94050.00000000,2019-07-19,2026-09-01,19x47 Patipan Suksangiam,19x90,Patthamanan Pudgajang,
5x7612,190961,11x1904,บริษัท เอเชีย ซิลิโคนส์ โมโนเมอร์ จำกัด,Order,2140000.00000000,2019-07-19,2026-09-01,19x47 Patipan Suksangiam,19x51,Benjamas Tanjit,
5x7627,190997,11x2448,บริษัท เจเอสอาร์ บีเอสที อิลาสโตเมอร์ จำกัด,Order,46250.00000000,2019-07-19,2026-09-01,19x47 Patipan Suksangiam,19x1,Administrator,
5x7659,191066,11x2025,บริษัท ซูมิโตโม รับเบอร์ (ไทยแลนด์) จำกัด,Order,118000.00000000,2019-07-19,2026-09-01,19x47 Patipan Suksangiam,19x51,Benjamas Tanjit,
5x7667,191083,11x2844,บริษัท เจลลี เบลลี แคนดี้ คอมปานี (ประเทศไทย) จำกัด,Order,42000.00000000,2019-07-19,2026-09-01,19x47 Patipan Suksangiam,19x1,Administrator,
5x7679,191109,11x2840,บริษัท ไทย โรตารี่ เอ็นจิเนียริ่ง จำกัด (มหาชน),Order,37400.00000000,2019-07-19,2026-09-01,19x47 Patipan Suksangiam,19x1,Administrator,
5x7693,191141,11x1186,บริษัท เอส แอนด์ เจ อินเตอร์เนชั่นแนล เอนเตอร์ไพรส์ จำกัด,Order,38000.00000000,2019-07-19,2026-09-01,19x47 Patipan Suksangiam,19x1,Administrator,
5x7727,191228,11x1954,บริษัท ไทยโพลิเอททีลีน  จำกัด,Order,4200.00000000,2019-07-19,2026-09-01,19x47 Patipan Suksangiam,19x1,Administrator,
5x7735,191247,11x1080,HMC Polymers Company  Limited,Order,419923.00000000,2019-07-19,2026-09-01,19x47 Patipan Suksangiam,19x90,Patthamanan Pudgajang,
5x7751,191275,11x2448,บริษัท เจเอสอาร์ บีเอสที อิลาสโตเมอร์ จำกัด,Order,132440.00000000,2019-07-19,2026-09-01,19x47 Patipan Suksangiam,19x1,Administrator,
5x7761,191288,11x2448,บริษัท เจเอสอาร์ บีเอสที อิลาสโตเมอร์ จำกัด,Order,203650.00000000,2019-07-19,2026-09-01,19x47 Patipan Suksangiam,19x1,Administrator,
5x7764,191296,11x1080,HMC Polymers Company  Limited,Order,11000.00000000,2019-07-19,2026-09-01,19x47 Patipan Suksangiam,19x90,Patthamanan Pudgajang,
5x7803,191379,11x1243,บริษัท แพรกซ์แอร์ (ประเทศไทย) จำกัด,Order,4935000.00000000,2019-07-19,2026-09-01,19x47 Patipan Suksangiam,19x90,Patthamanan Pudgajang,
5x7827,191437,11x2582,บริษัท เอ.พี.วิชั่น เอ็นจิเนียริ่ง จำกัด,Order,68350.00000000,2019-07-19,2026-09-01,19x47 Patipan Suksangiam,19x1,Administrator,
5x7912,191633,11x2844,บริษัท เจลลี เบลลี แคนดี้ คอมปานี (ประเทศไทย) จำกัด,Order,49000.20000000,2019-07-19,2026-09-01,19x47 Patipan Suksangiam,19x1,Administrator,
5x7931,191676,11x1904,บริษัท เอเชีย ซิลิโคนส์ โมโนเมอร์ จำกัด,Order,147500.00000000,2019-07-19,2026-09-01,19x47 Patipan Suksangiam,19x51,Benjamas Tanjit,
5x7969,191760,11x9579,HMC Polymers,Order,490000.00000000,2019-07-19,2026-09-01,19x47 Patipan Suksangiam,19x54,,
5x7998,190024,11x1311,บริษัท บีเอสที อิลาสโตเมอร์ส จำกัด,Order,101840.00000000,2019-07-19,2026-09-01,19x47 Patipan Suksangiam,19x90,Patthamanan Pudgajang,
5x8013,190090,11x2151,บริษัท พีทีที โกลบอล เคมิคอล จำกัด (มหาชน),Order,181445.00000000,2019-07-19,2026-09-01,19x47 Patipan Suksangiam,19x78,Sarawut Viseshasiri,
5x8016,190093,11x1951,บริษัท ทีพีที ปิโตรเคมิคอลส์ จำกัด (มหาชน),Order,1500000.00000000,2019-07-19,2026-09-01,19x47 Patipan Suksangiam,19x92,Napadol Peoksangthip,
5x8025,190104,11x1645,บริษัท ทีเคเค คอร์ปอเรชั่น จำกัด,Order,252200.00000000,2019-07-19,2026-09-01,19x47 Patipan Suksangiam,19x77,Thitima Plaibua,
5x8035,190127,11x1311,บริษัท บีเอสที อิลาสโตเมอร์ส จำกัด,Order,95960.00000000,2019-07-19,2026-09-01,19x47 Patipan Suksangiam,19x90,Patthamanan Pudgajang,
5x8041,190140,11x1311,บริษัท บีเอสที อิลาสโตเมอร์ส จำกัด,Order,1500000.00000000,2019-07-19,2026-09-01,19x47 Patipan Suksangiam,19x90,Patthamanan Pudgajang,
5x8047,190152,11x1311,บริษัท บีเอสที อิลาสโตเมอร์ส จำกัด,Order,120160.00000000,2019-07-19,2026-09-01,19x47 Patipan Suksangiam,19x90,Patthamanan Pudgajang,
5x8052,190166,11x2151,บริษัท พีทีที โกลบอล เคมิคอล จำกัด (มหาชน),Order,115000.00000000,2019-07-19,2026-09-01,19x47 Patipan Suksangiam,19x78,Sarawut Viseshasiri,
5x8093,190265,11x1311,บริษัท บีเอสที อิลาสโตเมอร์ส จำกัด,Order,62000.00000000,2019-07-19,2026-09-01,19x47 Patipan Suksangiam,19x90,Patthamanan Pudgajang,
5x8129,190347,11x2151,บริษัท พีทีที โกลบอล เคมิคอล จำกัด (มหาชน),Order,34375.00000000,2019-07-19,2026-09-01,19x47 Patipan Suksangiam,19x78,Sarawut Viseshasiri,
5x8132,190350,11x1311,บริษัท บีเอสที อิลาสโตเมอร์ส จำกัด,Order,19000.00000000,2019-07-19,2026-09-01,19x47 Patipan Suksangiam,19x90,Patthamanan Pudgajang,
5x8134,190352,11x3078,บริษัท พีทีที แทงค์ เทอร์มินัล จำกัด,Order,543027.00000000,2019-07-19,2026-09-01,19x47 Patipan Suksangiam,19x78,Sarawut Viseshasiri,
5x8153,190390,11x2487,บริษัท ยูไนเตดแอสฟัลท์โปรดักซ์ จำกัด,Order,30000.00000000,2019-07-19,2026-09-01,19x47 Patipan Suksangiam,19x45,Pattamaporn Chadkurupin,
5x8157,190398,11x1311,บริษัท บีเอสที อิลาสโตเมอร์ส จำกัด,Order,72100.00000000,2019-07-19,2026-09-01,19x47 Patipan Suksangiam,19x90,Patthamanan Pudgajang,
5x8158,190399,11x1311,บริษัท บีเอสที อิลาสโตเมอร์ส จำกัด,Order,25150.00000000,2019-07-19,2026-09-01,19x47 Patipan Suksangiam,19x90,Patthamanan Pudgajang,
5x8166,190416,11x1311,บริษัท บีเอสที อิลาสโตเมอร์ส จำกัด,Order,136992.00000000,2019-07-19,2026-09-01,19x47 Patipan Suksangiam,19x90,Patthamanan Pudgajang,
5x8168,190420,11x2151,บริษัท พีทีที โกลบอล เคมิคอล จำกัด (มหาชน),Order,141999.50000000,2019-07-19,2026-09-01,19x47 Patipan Suksangiam,19x78,Sarawut Viseshasiri,
5x8188,190467,11x1311,บริษัท บีเอสที อิลาสโตเมอร์ส จำกัด,Order,74573.00000000,2019-07-19,2026-09-01,19x47 Patipan Suksangiam,19x90,Patthamanan Pudgajang,
5x8195,190482,11x2151,บริษัท พีทีที โกลบอล เคมิคอล จำกัด (มหาชน),Order,63240.00000000,2019-07-19,2026-09-01,19x47 Patipan Suksangiam,19x78,Sarawut Viseshasiri,
5x8204,190501,11x2151,บริษัท พีทีที โกลบอล เคมิคอล จำกัด (มหาชน),Order,114660.00000000,2019-07-19,2026-09-01,19x47 Patipan Suksangiam,19x78,Sarawut Viseshasiri,
5x8208,190506,11x1645,บริษัท ทีเคเค คอร์ปอเรชั่น จำกัด,Order,59900.00000000,2019-07-19,2026-09-01,19x47 Patipan Suksangiam,19x77,Thitima Plaibua,
5x8219,190528,11x3076,บริษัท ทิปโก้ เอฟแอนด์บี จำกัด,Order,40000.00000000,2019-07-19,2026-09-01,19x47 Patipan Suksangiam,19x1,Administrator,
5x8231,190577,11x2151,บริษัท พีทีที โกลบอล เคมิคอล จำกัด (มหาชน),Order,75000.00000000,2019-07-19,2026-09-01,19x47 Patipan Suksangiam,19x78,Sarawut Viseshasiri,
5x8244,190615,11x1311,บริษัท บีเอสที อิลาสโตเมอร์ส จำกัด,Order,222050.00000000,2019-07-19,2026-09-01,19x47 Patipan Suksangiam,19x90,Patthamanan Pudgajang,
5x8245,190617,11x3093,บริษัท ยูบีที เอนจิเนียริ่ง จำกัด,Order,96000.00000000,2019-07-19,2026-09-01,19x47 Patipan Suksangiam,19x1,Administrator,
5x8277,190709,11x1951,บริษัท ทีพีที ปิโตรเคมิคอลส์ จำกัด (มหาชน),Order,206666.00000000,2019-07-19,2026-09-01,19x47 Patipan Suksangiam,19x92,Napadol Peoksangthip,
5x8285,190728,11x1143,บริษัท พัทยาฟู้ดอินดัสตรี จำกัด,Order,31700.00000000,2019-07-19,2026-09-01,19x47 Patipan Suksangiam,19x1,Administrator,
5x8399,191005,11x2151,บริษัท พีทีที โกลบอล เคมิคอล จำกัด (มหาชน),Order,27493.00000000,2019-07-19,2026-09-01,19x47 Patipan Suksangiam,19x78,Sarawut Viseshasiri,
5x8402,191018,11x1311,บริษัท บีเอสที อิลาสโตเมอร์ส จำกัด,Order,429041.00000000,2019-07-19,2026-09-01,19x47 Patipan Suksangiam,19x90,Patthamanan Pudgajang,
5x8409,191035,11x2151,บริษัท พีทีที โกลบอล เคมิคอล จำกัด (มหาชน),Order,57300.00000000,2019-07-19,2026-09-01,19x47 Patipan Suksangiam,19x78,Sarawut Viseshasiri,
5x8429,191095,11x9612,PTT Global Chemical Public Company Limited,Order,453936.00000000,2019-07-19,2026-09-01,19x47 Patipan Suksangiam,19x65,,
5x8430,191096,11x2151,บริษัท พีทีที โกลบอล เคมิคอล จำกัด (มหาชน),Order,23926.00000000,2019-07-19,2026-09-01,19x47 Patipan Suksangiam,19x78,Sarawut Viseshasiri,
5x8727,190241,11x9612,PTT Global Chemical Public Company Limited,Order,7200.00000000,2019-07-19,2026-09-01,19x47 Patipan Suksangiam,19x65,,
5x9668,191925,11x9667,"Bangkok Synthetics Co., Ltd. (BST)",Order,5720.00000000,2019-07-31,2026-09-01,19x47 Patipan Suksangiam,19x78,Sarawut Viseshasiri,
5x11848,192068,11x11847,TPI POLENE,Order,420000.00000000,2019-08-14,2026-09-01,19x47 Patipan Suksangiam,19x22,,
5x12173,192109,11x12172,JSR BST Elastomer (JBE),Order,46250.00000000,2019-08-19,2026-09-01,19x47 Patipan Suksangiam,19x54,,
5x12280,192133,11x9579,HMC Polymers,Order,7385400.00000000,2019-08-20,2026-09-01,19x47 Patipan Suksangiam,19x54,,
5x12286,192138,11x9667,"Bangkok Synthetics Co., Ltd. (BST)",Order,131560.00000000,2019-08-20,2026-09-01,19x47 Patipan Suksangiam,19x78,Sarawut Viseshasiri,
5x21024,192215,11x21023,น้ำมันพืชปทุม,Order,420000.00000000,2019-08-28,2026-09-01,19x47 Patipan Suksangiam,19x45,Pattamaporn Chadkurupin,
5x21062,192224,11x1151,บริษัท ไออาร์พีซี จำกัด (มหาชน),Order,85000.00000000,2019-08-28,2026-09-01,19x47 Patipan Suksangiam,19x1,Administrator,
5x21365,192242,11x21364,INDORAMA  PETROCHEM LIMITED,Order,96000.00000000,2019-08-30,2026-09-01,19x47 Patipan Suksangiam,19x53,,
5x21519,192273,11x11847,TPI POLENE,Order,230000.00000000,2019-09-03,2026-09-01,19x47 Patipan Suksangiam,19x22,,
5x21587,192286,11x11847,TPI POLENE,Order,250000.00000000,2019-09-04,2026-09-01,19x47 Patipan Suksangiam,19x22,,
5x21596,192292,11x12172,JSR BST Elastomer (JBE),Order,130000.00000000,2019-09-04,2026-09-01,19x47 Patipan Suksangiam,19x54,,
5x21724,192318,11x2192,บริษัท โรงงานแม่รวย จำกัด,Order,47000.00000000,2019-09-06,2026-09-01,19x47 Patipan Suksangiam,19x1,Administrator,
5x21946,192342,11x21945,"Siam Mitsui PTA Co.,Ltd.",Order,55507.00000000,2019-09-11,2026-09-01,19x47 Patipan Suksangiam,19x55,,
5x22286,192409,11x9667,"Bangkok Synthetics Co., Ltd. (BST)",Order,470780.00000000,2019-09-17,2026-09-01,19x47 Patipan Suksangiam,19x78,Sarawut Viseshasiri,
5x22338,192420,11x9612,PTT Global Chemical Public Company Limited,Order,110000.00000000,2019-09-18,2026-09-01,19x47 Patipan Suksangiam,19x65,,
5x23505,193006,11x1151,บริษัท ไออาร์พีซี จำกัด (มหาชน),Order,84900.00000000,2019-10-10,2026-09-01,19x47 Patipan Suksangiam,19x1,Administrator,
5x23509,193008,11x9612,PTT Global Chemical Public Company Limited,Order,55300.00000000,2019-10-10,2026-09-01,19x47 Patipan Suksangiam,19x65,,
5x23699,193043,11x22263,"Glow Energy Public Co., Ltd.",Order,44175.00000000,2019-10-16,2026-09-01,19x47 Patipan Suksangiam,19x65,,
5x23707,193047,11x3072,ห้างหุ้นส่วนจำกัด ภวรวัฒน์,Order,4400000.02000000,2019-10-16,2026-09-01,19x47 Patipan Suksangiam,19x1,Administrator,
5x23787,193073,11x11847,TPI POLENE,Order,71800.00000000,2019-10-18,2026-09-01,19x47 Patipan Suksangiam,19x22,,
5x24029,193107,11x1151,บริษัท ไออาร์พีซี จำกัด (มหาชน),Order,60000.00000000,2019-10-24,2026-09-01,19x47 Patipan Suksangiam,19x1,Administrator,
5x24295,193158,11x22263,"Glow Energy Public Co., Ltd.",Order,229000.00000000,2019-10-29,2026-09-01,19x47 Patipan Suksangiam,19x65,,
5x24391,193168,11x9612,PTT Global Chemical Public Company Limited,Order,9500.00000000,2019-10-30,2026-09-01,19x47 Patipan Suksangiam,19x65,,
5x24408,193169,11x1080,HMC Polymers Company  Limited,Order,57657.00000000,2019-10-30,2026-09-01,19x47 Patipan Suksangiam,19x90,Patthamanan Pudgajang,
5x24506,193179,11x9667,"Bangkok Synthetics Co., Ltd. (BST)",Order,284096.00000000,2019-10-31,2026-09-01,19x47 Patipan Suksangiam,19x78,Sarawut Viseshasiri,
5x24659,193196,11x952,บริษัท คอลเกต-ปาล์มโอลีฟ (ประเทศไทย)  จำกัด,Order,53440.00000000,2019-11-04,2026-09-01,19x47 Patipan Suksangiam,19x74,Sujittra Tungprakobjaroen,
5x27276,200028,11x9606,DOW CHEMICAL THAILAND LIMITED,Order,23560.00000000,2020-01-07,2026-09-01,19x47 Patipan Suksangiam,19x51,Benjamas Tanjit,
5x27278,200030,11x9606,DOW CHEMICAL THAILAND LIMITED,Order,16104.00000000,2020-01-07,2026-09-01,19x47 Patipan Suksangiam,19x51,Benjamas Tanjit,
5x27315,200039,11x1935,บริษัท บางจากไบโอฟูเอล จำกัด,Order,35000.00000000,2020-01-08,2026-09-01,19x47 Patipan Suksangiam,19x1,Administrator,
5x27316,200040,11x12248,"SCG Chemicals Co.,Ltd.",Order,100000.00000000,2020-01-08,2026-09-01,19x47 Patipan Suksangiam,19x53,,
5x27348,200050,11x12248,"SCG Chemicals Co.,Ltd.",Order,47300.00000000,2020-01-09,2026-09-01,19x47 Patipan Suksangiam,19x53,,
5x27412,200063,11x1065,บริษัท รุ่งเรือง (1990) จำกัด,Order,44020.00000000,2020-01-13,2026-09-01,19x47 Patipan Suksangiam,19x1,Administrator,
5x27467,200070,11x12248,"SCG Chemicals Co.,Ltd.",Order,1260.00000000,2020-01-13,2026-09-01,19x47 Patipan Suksangiam,19x53,,
5x27516,200076,11x27515,"Mitsubishi Chemical Performance Polymers (Thailand) Co., Ltd.",Order,90000.00000000,2020-01-14,2026-09-01,19x47 Patipan Suksangiam,19x65,,
5x27518,200078,11x21227,ซีพีเอฟ-โคกกรวด,Order,7500.00000000,2020-01-14,2026-09-01,19x47 Patipan Suksangiam,19x27,Nattawut Junkong,
5x27523,200083,11x9612,PTT Global Chemical Public Company Limited,Order,7220.00000000,2020-01-14,2026-09-01,19x47 Patipan Suksangiam,19x65,,
5x27530,200089,11x26567,PTT GSP,Order,40000000.00000000,2020-01-14,2026-09-01,19x47 Patipan Suksangiam,19x54,,
5x27554,200093,11x2706,บริษัท เอกศรา ซัพพลายเซอร์วิส จำกัด,Order,724000.00000000,2020-01-15,2026-09-01,19x47 Patipan Suksangiam,19x45,Pattamaporn Chadkurupin,
5x27592,200108,11x12288,ซีพีเอฟ-ราชบุรี,Order,110000.00000000,2020-01-16,2026-09-01,19x47 Patipan Suksangiam,19x27,Nattawut Junkong,
5x27593,200109,11x12288,ซีพีเอฟ-ราชบุรี,Order,135000.00000000,2020-01-16,2026-09-01,19x47 Patipan Suksangiam,19x27,Nattawut Junkong,
5x27610,200119,11x9862,Neuman&Esser,Order,15000.00000000,2020-01-16,2026-09-01,19x47 Patipan Suksangiam,19x51,Benjamas Tanjit,
5x27628,200123,11x27772,"ACS Technology (Thailand) Co.,Ltd",Order,167000.00000000,2020-01-17,2026-09-01,19x47 Patipan Suksangiam,19x66,Preeyathip Janthanarak,
5x27632,200127,11x1897,บริษัท วอเตอร์ฟิลด์เอเซีย จำกัด,Order,18240.00000000,2020-01-17,2026-09-01,19x47 Patipan Suksangiam,19x34,Kanittha Cheryhom,
5x27635,200130,11x26567,PTT GSP,Order,75000.00000000,2020-01-17,2026-09-01,19x47 Patipan Suksangiam,19x54,,
5x27640,200133,11x27639,นิคมอุตสาหกรรมนวนคร,Order,700000.00000000,2020-01-17,2026-09-01,19x47 Patipan Suksangiam,19x44,Nuttapong Laplumwanich,
5x181814,240999,11x136336,SES INTERNATIONAL BV,Order,308247.77000000,2024-04-03,2026-09-01,19x47 Patipan Suksangiam,19x90,Patthamanan Pudgajang,
5x266309,261556,11x253582,บริษัท เอเนอร์โฟล จำกัด,Pending,125000000.00000000,2026-06-17,2026-09-21,19x47 Patipan Suksangiam,19x78,Sarawut Viseshasiri,
