metric,label,value,target,unit,trend,trend_value
FY2026_Hot_Jobs,Hot Jobs (due Oct & Nov 2026),21.92,-,M THB,neutral,63
FY2026_Revenue_YTD,EPS Revenue YTD (2026),172.21,453.55,M THB,up,18.5
FY2026_Active_Customers,Active Customers,355,-,Accounts,neutral,0
FY2026_Sales_Orders,Sales Orders Count,1026,-,Orders,up,966
Group_D_Revenue,Group D (Oil&Gas / Power),20.31,105.00,M THB,up,0
Group_R_Revenue,Group R (Rayong / Eastern Hub),15.41,90.00,M THB,up,0
Group_C_Revenue,Group C (Cosmetic/Pharma/Rubber),17.28,70.50,M THB,up,0
Group_B_Revenue,Group B (Chem & Wastewater),12.39,52.20,M THB,up,0
Group_A_Revenue,Group A (Feed & Agri),23.85,73.85,M THB,up,0
