group,emp_id,name,email,status,so_count_2026,so_value_2026_m,quote_count,visits_2026
B,19x23,Vipoo Srisawadi,vipoo@siamrajplc.com,Active,7,3.55,2100,1187
D,19x23,Vipoo Srisawadi,vipoo@siamrajplc.com,Active,52,6.51,2100,1187
R,19x23,Vipoo Srisawadi,vipoo@siamrajplc.com,Active,5,0.44,2100,1187
U,19x23,Vipoo Srisawadi,vipoo@siamrajplc.com,Active,39,5.44,2100,1187
A,19x18,Nomjit Suktawee,nomjit@siamrajplc.com,Active,108,9.57,10,0
B,19x18,Nomjit Suktawee,nomjit@siamrajplc.com,Active,35,7.93,10,0
C,19x18,Nomjit Suktawee,nomjit@siamrajplc.com,Active,79,11.43,10,0
D,19x18,Nomjit Suktawee,nomjit@siamrajplc.com,Active,33,5.01,10,0
R,19x18,Nomjit Suktawee,nomjit@siamrajplc.com,Active,81,9.03,10,0
U,19x18,Nomjit Suktawee,nomjit@siamrajplc.com,Active,92,30.13,10,0
U,19x54,,,,0,0.00,458,0
A,19x43,Katewadee Pratipagorn,katewadee@siamrajplc.com,Active,3,0.39,1556,962
C,19x43,Katewadee Pratipagorn,katewadee@siamrajplc.com,Active,1,0.10,1556,962
D,19x43,Katewadee Pratipagorn,katewadee@siamrajplc.com,Active,17,2.78,1556,962
U,19x43,Katewadee Pratipagorn,katewadee@siamrajplc.com,Active,37,20.10,1556,962
C,19x45,Pattamaporn Chadkurupin,pattamaporn@siamrajplc.com,Active,10,1.48,2262,1082
D,19x45,Pattamaporn Chadkurupin,pattamaporn@siamrajplc.com,Active,31,5.45,2262,1082
U,19x45,Pattamaporn Chadkurupin,pattamaporn@siamrajplc.com,Active,43,3.02,2262,1082
A,19x27,Nattawut Junkong,nattawut@siamrajplc.com,Active,74,10.17,2329,1282
D,19x27,Nattawut Junkong,nattawut@siamrajplc.com,Active,1,0.02,2329,1282
U,19x27,Nattawut Junkong,nattawut@siamrajplc.com,Active,39,16.08,2329,1282
A,19x51,Benjamas Tanjit,benjamas@siamrajplc.com,Active,1,0.01,1813,1678
B,19x51,Benjamas Tanjit,benjamas@siamrajplc.com,Active,15,0.91,1813,1678
D,19x51,Benjamas Tanjit,benjamas@siamrajplc.com,Active,2,0.06,1813,1678
R,19x51,Benjamas Tanjit,benjamas@siamrajplc.com,Active,44,5.90,1813,1678
U,19x51,Benjamas Tanjit,benjamas@siamrajplc.com,Active,13,2.66,1813,1678
A,19x34,Kanittha Cheryhom,kanittha_c@siamrajplc.com,Active,2,0.06,1559,1222
C,19x34,Kanittha Cheryhom,kanittha_c@siamrajplc.com,Active,24,4.27,1559,1222
D,19x34,Kanittha Cheryhom,kanittha_c@siamrajplc.com,Active,3,0.48,1559,1222
U,19x34,Kanittha Cheryhom,kanittha_c@siamrajplc.com,Active,16,1.84,1559,1222
U,19x44,Nuttapong Laplumwanich,nuttapong_l@siamrajplc.com,Active,0,0.00,906,0
U,19x17,Nussara Boonprasert,nussara@siamrajplc.com,Active,0,0.00,0,0
U,19x21,Chuanhathai Eakwongsupasarn,chuanhathai@siamrajplc.com,Active,0,0.00,1753,0
U,19x24,,,,0,0.00,206,0
A,19x19,Saovaluck Jangjai,saovaluck@siamrajplc.com,Active,60,3.64,1593,1042
U,19x19,Saovaluck Jangjai,saovaluck@siamrajplc.com,Active,45,3.21,1593,1042
U,19x36,,,,0,0.00,592,0
U,19x32,Satika Saengsumrit,satika@siamrajplc.com,Active,0,0.00,4,0
U,19x26,,,,0,0.00,381,0
U,19x31,Panisa Wongrung,panisa@siamrajplc.com,Active,0,0.00,863,0
U,19x22,,,,0,0.00,402,0
U,19x52,,,,0,0.00,72,0
U,19x56,,,,0,0.00,1,0
U,19x28,,,,0,0.00,317,0
U,19x35,,,,0,0.00,157,0
U,19x47,Patipan Suksangiam,patipan@siamrajplc.com,Active,0,0.00,51,1234
U,19x49,,,,0,0.00,10,0
U,19x48,Udomlak Panya-Apiban,udomlak@siamrajplc.com,Active,13,0.49,36,103
R,19x90,Patthamanan Pudgajang,patthamanan@siamrajplc.com,Active,1,0.04,344,1442
U,19x1,Administrator,sysadmin@siamrajplc.com,Active,0,0.00,734,60
U,19x78,Sarawut Viseshasiri,sarawut_v@siamrajplc.com,Active,0,0.00,317,1076
U,19x74,Sujittra Tungprakobjaroen,sujittra@siamrajplc.com,Active,0,0.00,835,1105
U,19x77,Thitima Plaibua,thitima@siamrajplc.com,Active,0,0.00,780,1089
U,19x88,Thanaaran Sirawattanamongkol,thanaaran@siamrajplc.com,Active,0,0.00,486,1107
U,19x61,Peeraya Peeploy,peeraya@siamrajplc.com,Active,0,0.00,21,0
U,19x92,Napadol Peoksangthip,napadol@siamrajplc.com,Active,0,0.00,294,1127
U,19x29,Samantha Tanittha Nilsandhi,samantha_t@siamrajplc.com,Active,0,0.00,188,0
U,19x85,Katewadee Pratipagorn (B),katewadee@siamrajplc.com,Active,0,0.00,11,0
U,19x55,,,,0,0.00,21,0
U,19x30,,,,0,0.00,7,0
U,19x53,,,,0,0.00,33,0
U,19x38,,,,0,0.00,3,0
U,19x13,Uthen Phutneam,uthen@siamrajplc.com,Active,0,0.00,6,0
U,19x33,,,,0,0.00,21,0
U,19x65,,,,0,0.00,519,0
U,19x62,Nattawut Hirunlalit,nattawut_h@siamrajplc.com,Active,0,0.00,5,0
U,19x37,Piyanuch Janthanarak,piyanuch@siamrajplc.com,Active,0,0.00,7,0
U,19x66,Preeyathip Janthanarak,preeyathip@siamrajplc.com,Active,0,0.00,1,0
U,19x68,,,,0,0.00,4,0
U,19x70,Kornthanat Suksalee,kornthanat@siamrajplc.com,Active,0,0.00,1040,0
U,19x64,,,,0,0.00,207,0
U,19x83,,,,0,0.00,15,0
U,19x89,Tanaporn Chanchanaroj,tanaporn@siamrajplc.com,Active,0,0.00,327,1064
U,19x93,Phanuwat Murot,phanuwat@siamrajplc.com,Active,0,0.00,68,557
U,19x80,Jidapa Sriwattanakulkij,jidapa@siamrajplc.com,Active,0,0.00,2,0
U,19x96,Itsaripharat Kamthong,itsaripharat@siamrajplc.com,Active,0,0.00,84,184
U,19x94,Sunisaa Mariram,sunisa_m@siamrajplc.com,Active,0,0.00,1,0
