group,client_id,company_name,province,industry_group,so_count_2026,so_value_2026_m,visits_2026
A,11x926,บริษัท เบทาโกร  จำกัด (มหาชน),สมุทรปราการ,FD05,9,0.99,0
C,11x930,บริษัท ยูนิลีเวอร์ ไทยโฮลดิ้งส์ จำกัด,กรุงเทพมหานคร,CH06,12,1.00,0
C,11x933,บริษัท อีเทอนัล เรซิ่น จำกัด,สมุทรปราการ,CH43,4,2.20,46
C,11x936,บริษัท สยามมิชลิน จำกัด,สมุทรปราการ,AG02,1,0.06,9
R,11x943,บริษัท ไทยโพลิเอททีลีน จำกัด,ระยอง,CH42,3,0.17,0
D,11x950,บริษัท ปตท.สำรวจและผลิตปิโตรเลียม จำกัด (มหาชน),กรุงเทพมหานคร,CH14,0,0.00,22
D,11x956,บริษัท ปตท.สผ. สยาม จำกัด,กรุงเทพมหานคร,CH14,1,0.49,0
B,11x958,บริษัท ทีพีไอ โพลีน จำกัด (มหาชน),ปทุมธานี,MN05,3,0.10,0
A,11x973,บริษัท เพอร์เฟค คอมพาเนียน กรุ๊ป จำกัด,สมุทรปราการ,FD05,3,0.22,7
U,11x975,บริษัท สยามอุตสาหกรรม (1991) จำกัด (สาย 2),,PP03,1,0.02,0
R,11x985,บริษัท ไทยพลาสติกและเคมีภัณฑ์  จำกัด  (มหาชน),ระยอง,CH42,1,0.01,0
D,11x986,บริษัท น้ำมันพืชไทย จำกัด (มหาชน),นครปฐม,FD03,1,0.15,4
D,11x987,บริษัท ธนากรผลิตภัณฑ์น้ำมันพืช จำกัด,สมุทรปราการ,FD03,5,2.01,1
B,11x996,บริษัท ไทยอคริลิค ไฟเบอร์ จำกัด,สระบุรี,CH42,1,0.03,0
U,11x1000,บริษัท ฟินิคซ พัลพ แอนด์ เพเพอร์ จำกัด (มหาชน),ขอนแก่น,PP03,1,0.17,0
U,11x1003,บริษัท สยามคราฟท์อุตสาหกรรม จำกัด,นนทบุรี,PP01,0,0.00,1
D,11x1006,บริษัท อายิโนะโมะโต๊ะ (ประเทศไทย) จำกัด,สมุทรปราการ,FD01,2,0.08,1
D,11x1010,บริษัท บางจาก คอร์ปอเรชั่น จำกัด (มหาชน),กรุงเทพมหานคร,PE00,5,1.08,0
A,11x1011,บริษัท บุญเยี่ยมและสหาย จำกัด,กรุงเทพมหานคร,SV02,2,0.31,0
A,11x1013,บริษัท คาร์กิลล์สยาม จำกัด,ฉะเชิงเทรา,FD05,8,1.69,0
A,11x1021,บริษัท โคห์เลอร์ (ประเทศไทย) จำกัด (มหาชน),สระบุรี,MN03,3,0.11,11
A,11x1030,บริษัท นิปปอนเพนต์ (ประเทศไทย) จำกัด,สมุทรปราการ,CH03,0,0.00,1
D,11x1036,บริษัท เชลล์แห่งประเทศไทย จำกัด,กรุงเทพมหานคร,CH14,11,0.69,120
D,11x1037,บริษัท ซีรอเยลอาหารทะเล จำกัด,สมุทรสาคร,FD01,2,0.06,0
U,11x1038,บริษัท วาย.โอ.เยนเนอรัล ซัพพลาย(1983)  จำกัด,กรุงเทพมหานคร,SV04,4,3.33,7
A,11x1042,บริษัท เทยิน โพลีเอสเตอร์ จำกัด,ปทุมธานี,TT00,2,0.19,6
A,11x1044,บริษัท ไทยดีเอนทีเพนท์ จำกัด,ชลบุรี,CH03,0,0.00,5
A,11x1045,บริษัท เอสซีจี  เซรามิกส์ จำกัด (มหาชน),สระบุรี,MN03,7,0.16,0
U,11x1049,บริษัท ไทยสตีมเซอร์วิส แอนด์ ซัพพลาย จำกัด,สมุทรสาคร,SV01,1,0.00,0
C,11x1050,บริษัท ไทยยูรีเทนพลาสติก จำกัด,สมุทรปราการ,CH43,1,0.52,2
A,11x1051,บริษัท ทีโอเอ เพ้นท์ (ประเทศไทย) จำกัด (มหาชน),สมุทรปราการ,CH03,16,2.19,0
A,11x1052,บริษัท โตโยอิ๊งค์ (ประเทศไทย) จำกัด,กรุงเทพมหานคร,CH03,7,0.50,0
A,11x1053,บริษัท โตโยอิ๊งค์  (ประเทศไทย) จำกัด,กรุงเทพมหานคร,CH03,0,0.00,26
U,11x1058,บริษัท บางกอก พีวีซี. (1996) จำกัด,,SV04,0,0.00,5
D,11x1065,บริษัท รุ่งเรือง (1990) จำกัด,,CH14,12,0.89,0
D,11x1073,บริษัท โดล ไทยแลนด์ จำกัด,ประจวบคีรีขันธ์,FD01,5,0.06,0
D,11x1076,บริษัท แคดเบอรี อาดัมส์ (ประเทศไทย) จำกัด(ยกเลิก),,FD01,0,0.00,1
D,11x1080,HMC Polymers Company  Limited,กรุงเทพมหานคร,CH14,12,1.31,0
A,11x1083,บริษัท ที เค เอส เคมิคอล (ประเทศไทย) จำกัด,สมุทรปราการ,CH03,1,0.05,2
A,11x1086,บริษัท แหลมทองเกษตรภัณฑ์ จำกัด,พระนครศรีอยุธยา,FD05,0,0.00,2
D,11x1091,บริษัท พรีเมียลูบริแค้นท์ จำกัด,ปทุมธานี,CH14,0,0.00,1
D,11x1092,บริษัท ผลิตภัณฑ์อาหารเซ็นทรัล จำกัด,ปทุมธานี,FD01,1,0.02,1
A,11x1111,บริษัท ไทยเรยอน จำกัด (มหาชน),อ่างทอง,TT00,2,0.06,3
U,11x1115,บริษัท ไทคิชา (ประเทศไทย) จำกัด,สมุทรปราการ,SV01,4,0.04,13
B,11x1120,บริษัท อดิตยา เบอร์ล่า เคมีคัลส์ (ประเทศไทย)  จำกัด,สมุทรปราการ,CH12,3,0.07,6
C,11x1128,บริษัท ยูบิส (เอเชีย) จำกัด (มหาชน),กรุงเทพมหานคร,CH09,0,0.00,2
A,11x1133,บริษัท เอ็น เอช เค สปริง (ประเทศไทย)  จำกัด,สมุทรปราการ,CH41,2,0.08,1
U,11x1139,บริษัท โพลีเทคโนโลยี จำกัด,นนทบุรี,SV04,2,5.48,0
D,11x1145,บริษัท พีทีจี เอ็นเนอยี จำกัด (มหาชน),,CH14,4,0.59,46
R,11x1151,บริษัท ไออาร์พีซี จำกัด (มหาชน),ระยอง,CH42,5,1.61,1
B,11x1153,บริษัท ไทย เปอร์อ๊อกไซด์ จำกัด,สระบุรี,CH13,0,0.00,3
A,11x1158,บริษัท คาร์กิลล์มีทส์ (ไทยแลนด์) จำกัด,สระบุรี,FD05,4,0.14,0
U,11x1162,บริษัท คิมเบอร์ลี่ย์-คล๊าค ประเทศไทย จำกัด,กรุงเทพมหานคร,PP03,0,0.00,2
C,11x1165,บริษัท กู๊ดเยียร์ (ประเทศไทย) จำกัด (มหาชน),ปทุมธานี,AG02,4,0.10,0
R,11x1166,บริษัท สยามโพลีสไตรีน จำกัด,ระยอง,CH42,2,0.07,0
D,11x1167,บริษัท ทิปโก้แอสฟัลท์ จำกัด (มหาชน),สมุทรปราการ,CH15,0,0.00,1
D,11x1178,บริษัท ไทยร่วมใจน้ำมันพืช จำกัด,พระนครศรีอยุธยา,FD03,0,0.00,6
A,11x1187,บริษัท สีไทยกันไซเพ้นท์ จำกัด (รง.เทพารักษ์),,CH03,0,0.00,2
A,11x1191,บริษัท บี.เค. ลาเท็กซ์โปรดักส์ จำกัด,สมุทรสาคร,CH41,2,0.06,2
U,11x1205,บริษัท ที เอส เค เอ็นจิเนียริ่ง (ไทยแลนด์) จำกัด,กรุงเทพมหานคร,SV01,2,0.11,11
U,11x1213,บจก. มิตซูบิชิ เฮฟวี่ อินดัสตรี่ส์-มหาจักร แอร์ คอนดิชั่นเนอร์ส,กรุงเทพมหานคร,EL01,1,0.10,1
D,11x1214,บริษัท โอลีน จำกัด,สมุทรสาคร,FD03,0,0.00,4
A,11x1224,บริษัท กังวาลโพลีเอสเตอร์ จำกัด,เพชรบุรี,TT00,1,0.03,12
A,11x1229,พี.เจนเนอรัล ซัพพลาย,,OM00,5,0.25,0
C,11x1234,ห้างหุ้นส่วนจำกัด บี.อาร์.เอส.อินเตอร์เทรด,สมุทรสาคร,CH04,8,1.42,19
C,11x1235,บริษัท บีเอเอสเอฟ (ไทย) จำกัด,สมุทรปราการ,CH07,19,2.43,1
C,11x1238,บริษัท เอ็มอาร์ที เรซิน (ประเทศไทย) จำกัด,สมุทรปราการ,CH43,3,0.09,0
C,11x1240,บริษัท ทีโอเอ เพ้นท์ (ประเทศไทย)  จำกัด (มหาชน),สมุทรปราการ,CH43,4,0.72,112
U,11x1241,บริษัท ปัญจพล เปเปอร์ อินดัสตรี้ จำกัด,กรุงเทพมหานคร,PP01,0,0.00,39
R,11x1243,บริษัท แพรกซ์แอร์ (ประเทศไทย) จำกัด,ระยอง,CH02,1,0.53,0
A,11x1244,บริษัท ลีพัฒนาผลิตภัณฑ์ จำกัด (มหาชน),เพชรบุรี,FD05,0,0.00,3
A,11x1245,บริษัท คาร์เปท อินเตอร์แนชั่นแนล ไทยแลนด์ จำกัด (มหาชน),ปทุมธานี,TT00,2,0.02,19
U,11x1250,บริษัท ด็อทแบมบู (กรุงเทพ) จำกัด,นนทบุรี,SV04,0,0.00,1
B,11x1262,บริษัท ไทยเซ็นทรัลเคมี จำกัด (มหาชน),สมุทรปราการ,CH11,1,0.05,4
C,11x1269,บริษัท แอนเซลล์ (ประเทศไทย) จำกัด,กรุงเทพมหานคร,AG02,1,0.18,16
U,11x1270,บริษัท บูรพา เทคโนโลยี่ จำกัด,นนทบุรี,SV04,6,0.36,2
C,11x1272,บริษัท คาโออินดัสเตรียล (ประเทศไทย)  จำกัด,ชลบุรี,CH06,1,0.19,0
C,11x1275,บริษัท ควอลิเมอร์ จำกัด,ชลบุรี,CH43,0,0.00,7
C,11x1276,บริษัท ไทยมิตซุยสเปเชียลตี้เคมีคอล จำกัด,ฉะเชิงเทรา,CH43,1,0.02,12
D,11x1294,บริษัท อาหารสัตว์ไทยสระบุรี จำกัด,สระบุรี,FD04,0,0.00,3
U,11x1296,ห้างหุ้นส่วนจำกัด วิสรรการช่าง,กรุงเทพมหานคร,SV04,2,0.15,0
D,11x1302,บริษัท ไทยออยล์ จำกัด (มหาชน),ชลบุรี,PE00,1,0.38,7
C,11x1310,บริษัท เป๊ปซี่-โคล่า (ไทย) เทรดดิ้ง จำกัด,พระนครศรีอยุธยา,FD02,0,0.00,2
C,11x1331,บริษัท แก่นขวัญ จำกัด,ขอนแก่น,FD07,1,0.02,0
U,11x1338,บริษัท อินเตอร์โฟลว์ จำกัด,สงขลา,SV04,0,0.00,14
A,11x1353,บริษัท เฌอร่า  จำกัด (มหาชน)-รง.ลพบุรี,สระบุรี,MN06,0,0.00,2
B,11x1364,บริษัท กรุงไทยอาหารสัตว์ จำกัด (มหาชน),,OT99,0,0.00,1
B,11x1365,บริษัท สยาม พีวีเอส เคมิคอลส์ จำกัด,สมุทรปราการ,CH01,1,0.99,0
U,11x1366,บริษัท ไทยโพลิเมอร์ ซัพพลาย จำกัด,สมุทรปราการ,SV04,1,0.02,0
D,11x1370,บริษัท ดารามิค (ประเทศไทย) จำกัด,ปราจีนบุรี,MT03,1,0.14,1
D,11x1372,บริษัท โซล่า แอสฟัลท์ จำกัด,ขอนแก่น,CH15,1,0.95,10
D,11x1381,บริษัท บีพี-คาสตรอล (ประเทศไทย) จำกัด,สมุทรสาคร,CH14,1,0.16,0
U,11x1383,บริษัท สตาร์วอลล์ แมชชินเนอรี่ จำกัด,กรุงเทพมหานคร,SV04,27,1.25,0
U,11x1385,บริษัท วิสเมค จำกัด,นนทบุรี,SV04,0,0.00,1
B,11x1397,บริษัท ปูนซิเมนต์ไทย (ท่าหลวง)  จำกัด (โรงงานเขาวง),สระบุรี,MN05,2,0.57,0
A,11x1398,บริษัท อุตสาหกรรมทำเครื่องแก้วไทย จำกัด (มหาชน),สมุทรปราการ,MN04,3,0.05,0
U,11x1405,บริษัท อี-สแควร์ สิ่งแวดล้อมและวิศวกรรม จำกัด,กรุงเทพมหานคร,SV04,1,0.06,3
U,11x1434,ห้างหุ้นส่วนจำกัด พี แอนด์ พี คอนโทรล ซิสเต็ม,กรุงเทพมหานคร,SV04,0,0.00,1
U,11x1441,บริษัท สยามซอร์บิทอล จำกัด,นครราชสีมา,SV04,2,0.49,0
A,11x1442,บริษัท โฟมเทค อินเตอร์เนชั่นแนล จำกัด,พระนครศรีอยุธยา,CH41,10,2.44,32
A,11x1446,บริษัท ไอดับบลิวซีที จำกัด,ฉะเชิงเทรา,CH41,0,0.00,1
C,11x1455,บริษัท เบียร์ทิพย์ บริวเวอรี่ (1991) จำกัด,พระนครศรีอยุธยา,FD06,2,0.18,0
U,11x1469,บริษัท แท็คโก้ เจนเนอเรชั่น จำกัด,นนทบุรี,SV04,3,1.59,0
C,11x1470,บริษัท เทย์ก้า (ไทยแลนด์) จำกัด,ชลบุรี,CH07,7,1.14,0
U,11x1473,บริษัท นิวสตาร์ อินเตอร์เนชั่นแนล จำกัด,นนทบุรี,SV04,9,0.33,0
U,11x1475,บริษัท โฟคัส แมคคานิค จำกัด,ชลบุรี,SV04,3,0.10,3
C,11x1476,บริษัท บริดจสโตนไทร์ แมนูแฟคเจอริ่ง (ประเทศไทย) จำกัด,ชลบุรี,AG02,10,0.92,2
A,11x1484,บริษัท วอลล์ เทคโนโลยี จำกัด,นครปฐม,SV07,4,0.35,23
B,11x1491,บริษัท ไพโอเนียร์ อีลาสติค (ประเทศไทย) จำกัด,สมุทรสาคร,CH08,1,0.05,14
A,11x1508,บริษัท บราเธอร์โฟม จำกัด (สาขาที่ 3),กรุงเทพมหานคร,CH41,0,0.00,1
D,11x1516,บริษัท เพทราเคม (ประเทศไทย) จำกัด,ชลบุรี,CH14,0,0.00,3
A,11x1531,บริษัท เทคโนโลยี่แอนด์เอ็นจิเนียริ่งสแควร์ จำกัด,กรุงเทพมหานคร,SV02,1,0.03,0
R,11x1620,บริษัท นูมาน แอนด์ เอสเชอร์ เซ้าท์ อีสต์ เอเซีย จำกัด,ระยอง,CH99,2,0.06,0
D,11x1640,บริษัท จีเอฟพีที จำกัด (มหาชน),สมุทรปราการ,FD01,0,0.00,3
U,11x1645,บริษัท ทีเคเค คอร์ปอเรชั่น จำกัด,กรุงเทพมหานคร,SV04,1,0.26,0
A,11x1661,บริษัท ไฮมาสเตอร์โฟมโปรดักส์ จำกัด,สมุทรสาคร,CH41,2,0.07,1
A,11x1664,บริษัท สีไทยกันไซเพ้นท์ จำกัด(รง.อีสเทิร์น),,CH03,0,0.00,5
A,11x1697,บริษัท อีเทอนอล ซากาตะ อิ้งซ์  จำกัด,กรุงเทพมหานคร,CH03,8,0.30,4
U,11x1703,บริษัท ไทย-อิชิ อินเตอร์เทรด จำกัด,,SV04,1,0.18,0
C,11x1725,บริษัท สยามเคมีคอลอินดัสตรี้ จำกัด,สมุทรปราการ,CH43,0,0.00,6
U,11x1732,บริษัท คิวเทค เทคโนโลยี จำกัด,นนทบุรี,OG01,1,0.01,12
U,11x1748,บริษัท ด็อทแบมบู(กรุงเทพ) จำกัด,นนทบุรี,SV04,1,0.33,0
U,11x1749,บริษัท บลูรีฟริกเจอเรชั่น จำกัด,ปทุมธานี,SV04,4,0.07,2
C,11x1763,บริษัท คอสมอส บริวเวอรี่ (ประเทศไทย) จำกัด,พระนครศรีอยุธยา,FD06,2,0.02,0
B,11x1766,บริษัท ทรอยสยาม จำกัด,ปราจีนบุรี,CH01,3,0.08,20
B,11x1774,บริษัท แบนโด แมนูแฟคเจอริ่ง (ประเทศไทย) จำกัด,สมุทรสาคร,UT99,1,0.04,0
C,11x1789,บริษัท ยูนิลีเวอร์ ไทยเทรดดิ้ง จำกัด,กรุงเทพมหานคร,CH06,1,0.17,0
A,11x1791,บริษัท นิคเคสยามอลูมิเนียม จำกัด,ปทุมธานี,MT01,0,0.00,1
A,11x1799,บริษัท แหลมทองสหการ จำกัด,สมุทรปราการ,FD05,0,0.00,2
U,11x1815,บริษัท หลักสี่ออกแบบและวิศวกรรม จำกัด,สมุทรปราการ,SV04,1,0.23,14
U,11x1818,บริษัท โตชิบาคอนซูมเมอร์โปรดัคส์ (ประเทศไทย) จำกัด,ปทุมธานี,EL01,0,0.00,18
A,11x1824,บริษัท มาร์ส เพ็ทแคร์ (ประเทศไทย) จำกัด,ชลบุรี,FD05,3,0.63,4
D,11x1826,บริษัท บี.พี.แอร์ แอนด์ เอ็นจิเนียริ่ง จำกัด,ปทุมธานี,CH14,3,0.16,7
A,11x1834,บริษัท ยูไนเต็ด ซัพพลาย แอนด์ มัลติเทรด จำกัด,สงขลา,OM00,2,0.37,0
B,11x1844,Carbide Chemical (Thailand) Ltd.,กรุงเทพมหานคร,CH42,8,0.55,0
R,11x1846,บริษัท ไออาร์พีซี โพลีออล จำกัด,ระยอง,CH42,1,0.04,0
B,11x1853,DOW  CHEMICAL THAILAND LIMITED,กรุงเทพมหานคร,CH42,6,0.33,0
U,11x1857,บริษัท ไทยเคนเปเปอร์ จำกัด (มหาชน),ปราจีนบุรี,PP01,0,0.00,1
A,11x1859,บริษัท นิปปอนเพนต์ (ประเทศไทย)  จำกัด (อมตะนคร),ชลบุรี,CH03,0,0.00,17
U,11x1861,บริษัท อินเตอร์โฟลว์  จำกัด,สงขลา,SV04,1,0.28,0
C,11x1869,บริษัท วนชัย กรุ๊ป จำกัด (มหาชน),สระบุรี,AG03,2,0.06,0
U,11x1875,บริษัท ไทยชินเรียว จำกัด,กรุงเทพมหานคร,SV04,0,0.00,2
U,11x1889,บริษัท เอนริช (ประเทศไทย) จำกัด,ชลบุรี,SV04,1,0.06,0
A,11x1892,บริษัท ดีไอซี กราฟฟิค (ประเทศไทย) จำกัด,ชลบุรี,CH03,0,0.00,4
R,11x1908,บริษัท ออลเน็กซ์ (ประเทศไทย) จำกัด,ระยอง,CH04,1,1.93,0
U,11x1936,บริษัท อินเตอร์ แปซิฟิค เปเปอร์ จำกัด,ปราจีนบุรี,PP01,0,0.00,2
D,11x1946,บริษัท บางกอกอินดัสเทรียลแก๊ส จำกัด,สระบุรี,CH02,1,0.11,0
A,11x1968,บริษัท โจตันไทย  จำกัด,ชลบุรี,CH03,0,0.00,4
B,11x1978,บริษัท เจนเนอเรเตอร์ซิสเต็ม จำกัด,กรุงเทพมหานคร,UT99,2,0.26,0
B,11x1979,บริษัท ปูนซีเมนต์เอเซีย จำกัด  (มหาชน),สระบุรี,MN05,2,1.83,0
B,11x1992,บริษัท แวนด้าแพค จำกัด,ชลบุรี,CH42,0,0.00,3
D,11x2003,บริษัท เอไอ เอนเนอร์จี จำกัด (มหาชน),สมุทรสาคร,CH14,8,0.95,22
U,11x2006,บริษัท บุญยฤทธิ์ จำกัด,กรุงเทพมหานคร,SV04,1,0.88,0
C,11x2015,บริษัท จูเคียว ยูชิ (ประเทศไทย) จำกัด,ชลบุรี,CH43,0,0.00,9
U,11x2023,บริษัท ไดอะล็อก ซิสเต็มส์ (ประเทศไทย) จำกัด,กรุงเทพมหานคร,SV04,2,0.07,20
R,11x2025,บริษัท ซูมิโตโม รับเบอร์ (ไทยแลนด์) จำกัด,ระยอง,AG02,2,0.38,0
A,11x2068,บริษัท อิมเมจ อิงค์ จำกัด,ฉะเชิงเทรา,CH03,0,0.00,1
D,11x2072,บริษัท แม่สอดพลังงานสะอาด จำกัด,ตาก,CH14,2,0.11,0
D,11x2073,บริษัท บริการเชื้อเพลิงการบินกรุงเทพ จำกัด (มหาชน),กรุงเทพมหานคร,TP00,1,0.01,0
A,11x2097,บริษัท พีพีจี โคทติ้งส์ (ประเทศไทย) จำกัด,สมุทรปราการ,CH03,3,0.36,18
U,11x2102,บริษัท เกษตรภัณฑ์อุตสาหกรรม จำกัด,สมุทรปราการ,SV01,2,9.73,3
U,11x2114,บริษัท คินเดน (ประเทศไทย) จำกัด,กรุงเทพมหานคร,SV04,0,0.00,2
D,11x2125,บริษัท ดับเบิ้ลยูจีซี จำกัด,นครปฐม,FD99,1,0.37,0
B,11x2129,บริษัท บางกอกโคมัตสุ จำกัด,ชลบุรี,UT99,0,0.00,3
B,11x2142,บริษัท อาซาฮีคาเซอิ พลาสติก (ประเทศไทย) จำกัด,พระนครศรีอยุธยา,CH42,0,0.00,1
R,11x2151,บริษัท พีทีที โกลบอล เคมิคอล จำกัด (มหาชน),ระยอง,PE00,16,1.41,0
C,11x2161,บริษัท ซันสตาร์ เคมีคัล(ประเทศไทย) จำกัด,สมุทรปราการ,CH09,1,0.30,0
R,11x2162,บริษัท อิวอนิก ยูไนเต็ด ซิลิกา (สยาม) จำกัด,ระยอง,CH13,7,0.10,0
C,11x2173,บริษัท วนชัย กรุ๊ป จำกัด (มหาชน),สระบุรี,AG03,0,0.00,4
D,11x2174,บริษัท เนสท์เล่ (ไทย) จำกัด,กรุงเทพมหานคร,FD01,3,0.76,9
U,11x2176,บริษัท พี.เอส.ซี.ที.เอ็นจิเนียริ่ง (2009) จำกัด,สมุทรปราการ,SV04,2,0.10,0
A,11x2182,บริษัท ซีพีเอฟ (ประเทศไทย) จำกัด  (มหาชน),กรุงเทพมหานคร,FD05,6,0.49,0
A,11x2184,บริษัท ซีพีเอฟ (ประเทศไทย) จำกัด(มหาชน),กรุงเทพมหานคร,FD05,3,0.31,0
A,11x2185,บริษัท ซีพีเอฟ  ( ประเทศไทย) จำกัด (มหาชน),กรุงเทพมหานคร,FD05,3,0.34,0
A,11x2186,บริษัท ซีพีเอฟ (ประเทศไทย)  จำกัด (มหาชน),กรุงเทพมหานคร,FD05,1,0.47,0
A,11x2187,บริษัท ซีพีเอฟ (ประเทศไทย)  จำกัด(มหาชน),กรุงเทพมหานคร,FD05,2,0.53,0
D,11x2203,บริษัท แซส เทค โซลูชั่น จำกัด,ระยอง,SV04,0,0.00,10
U,11x2212,บริษัท อดิสสิโอ เทรดดิ้ง (ประเทศไทย) จำกัด,กรุงเทพมหานคร,SV04,2,0.13,1
C,11x2229,บริษัท กาญจนสิงขร จำกัด,กรุงเทพมหานคร,FD07,1,0.15,0
A,11x2234,บริษัท  ซีพีเอฟ (ประเทศไทย)  จำกัด (มหาชน),กรุงเทพมหานคร,FD05,6,1.06,0
A,11x2238,บริษัท  ซีพีเอฟ (ประเทศไทย) จำกัด (มหาชน),กรุงเทพมหานคร,FD05,1,0.43,0
R,11x2246,บริษัท สตาร์ ปิโตรเลียม รีไฟน์นิ่ง จำกัด (มหาชน),ระยอง,PE00,1,0.07,0
U,11x2249,บริษัท โบ ทรี เอ็นจิเนียริ่ง จำกัด,กรุงเทพมหานคร,SV01,1,0.10,0
A,11x2259,บริษัท เอ็น เอช เค สปริง (ประเทศไทย) จำกัด,สมุทรปราการ,CH41,0,0.00,1
A,11x2260,บริษัท ซีพีเอฟ (ประเทศไทย)  จำกัด  (มหาชน),กรุงเทพมหานคร,FD05,3,0.46,0
R,11x2275,บริษัท กรุงเทพ ซินธิติกส์ จำกัด,ระยอง,PE00,42,2.83,0
A,11x2277,บริษัท สยามซานิทารีแวร์อินดัสทรี (หนองแค)จำกัด,สระบุรี,MN03,1,0.06,0
U,11x2294,บริษัท พี.เอส.อโกร-อินดัสเตรียล เซอร์วิส จำกัด,กรุงเทพมหานคร,SV01,1,0.09,3
D,11x2298,บริษัท ซอสพริกไทยรุ่งเรือง จำกัด,สมุทรสาคร,FD04,0,0.00,14
U,11x2309,บริษัท แฟร์เทค จำกัด,ชลบุรี,SV04,1,0.03,0
U,11x2312,บริษัท เกรทโฟม โปรดักส์ จำกัด,ฉะเชิงเทรา,SV04,0,0.00,2
A,11x2361,บริษัท เจ.เอส.โฟม จำกัด,นครปฐม,CH41,1,0.01,1
U,11x2378,บริษัท สยามคราฟท์อุตสาหกรรม  จำกัด,นนทบุรี,PP01,3,0.97,70
C,11x2379,บริษัท พานาโซนิค แมนูแฟคเจอริ่ง อยุธยา จำกัด,พระนครศรีอยุธยา,CH04,4,0.13,0
A,11x2384,บริษัท  ซีพีเอฟ  (ประเทศไทย) จำกัด (มหาชน),กรุงเทพมหานคร,FD05,1,0.17,0
B,11x2390,บริษัท กลุ่มสยามบรรจุภัณฑ์ จำกัด,สมุทรปราการ,MN05,1,0.05,0
D,11x2391,บริษัท นอร์ธเทอร์น ฟู้ด คอมเพล็กซ์ จำกัด,เชียงราย,FD04,1,0.02,0
A,11x2409,บริษัท เมเยอร์เรซิ่น จำกัด,สมุทรปราการ,CH03,1,0.06,1
R,11x2419,บริษัท คันไซ เรซิน (ประเทศไทย) จำกัด,ระยอง,CH03,0,0.00,5
U,11x2422,บริษัท เอส พาเนล จำกัด,สมุทรสาคร,SV04,4,0.07,0
A,11x2437,บริษัท เอ็นเอชเค แอนโทลิน (ประเทศไทย) จำกัด,สมุทรปราการ,CH41,0,0.00,3
A,11x2439,บริษัท ลิกซิล (ประเทศไทย) จำกัด (มหาชน),ปทุมธานี,MN03,9,0.45,0
A,11x2451,บริษัท โรงงานเหล็กกรุงเทพฯ จำกัด,สมุทรปราการ,MT01,2,0.08,2
D,11x2452,บริษัท ไทยเพรซิเดนท์ฟูดส์ จำกัด (มหาชน),ชลบุรี,FD99,0,0.00,2
D,11x2456,บริษัท พรีเมียร์ แทงค์ คอร์ปอเรชั่น จำกัด (มหาชน),กรุงเทพมหานคร,CH14,1,0.15,11
D,11x2457,บริษัท ทรัพย์ทิพย์ จำกัด,ลพบุรี,FD04,2,0.08,0
B,11x2466,บริษัท เจียไต๋ จำกัด,พระนครศรีอยุธยา,CH11,3,0.58,10
B,11x2475,บริษัท สยามอุตสาหกรรมยิปซัม (สระบุรี) จำกัด,สระบุรี,MN05,3,0.16,20
A,11x2483,บริษัท งามดี จำกัด,กรุงเทพมหานคร,TT00,1,0.04,0
C,11x2486,บริษัท เฟื่องฟูอนันต์ จำกัด,ปราจีนบุรี,FD07,1,0.01,0
D,11x2496,บริษัท มอนเดลีซ อินเตอร์เนชันแนล (ประเทศไทย) จำกัด,กรุงเทพมหานคร,FD01,0,0.00,1
D,11x2497,บริษัท เอชแอนด์อาร์ เคมฟาร์ม (ประเทศไทย) จำกัด,ชลบุรี,CH14,1,0.04,180
U,11x2498,บริษัท ทูเอฟ อินเตอร์พาร์ท แอนด์ ซัพพลาย จำกัด,สมุทรปราการ,SV04,1,0.02,0
U,11x2510,บริษัท แม็ททอล อินเตอร์ เทคโนโลยี  จำกัด,กรุงเทพมหานคร,SV04,0,0.00,1
A,11x2513,บริษัท กัปตัน โค๊ทติ้ง จำกัด,สมุทรปราการ,CH03,0,0.00,3
U,11x2525,บริษัท ไอเอ็กซ์แอล จำกัด,กรุงเทพมหานคร,SV01,1,0.02,0
A,11x2528,บริษัท สีไทยกันไซเพ้นท์  จำกัด(รง.เกตุเวย์),,CH03,0,0.00,2
U,11x2536,พีทีทีอีพี เอสพี ลิมิเต็ด,,,1,0.01,0
B,11x2543,บริษัท สยาม แท้งค์ เทอร์มินอลส์ จำกัด,สมุทรปราการ,OT99,1,0.01,0
A,11x2546,บริษัท ไทยมัลลิเอเบิลไอออนแอนด์สตีล จำกัด,ปทุมธานี,MT01,1,0.07,1
R,11x2552,บริษัท อเมริกัน แอ็คเซิล แอนด์ แมนูแฟคเจอริ่ง (ประเทศไทย) จำกัด,ระยอง,OM00,2,0.17,0
R,11x2553,บริษัท ทีพีซี เพสต์ เรซิน  จำกัด,ระยอง,CH04,10,0.32,0
A,11x2561,บริษัท เทยิน คอร์ปอเรชั่น (ประเทศไทย) จำกัด,พระนครศรีอยุธยา,TT00,2,0.17,10
A,11x2587,บริษัท ซีพีเอฟ  (ประเทศไทย)  จำกัด (มหาชน),กรุงเทพมหานคร,FD05,4,0.34,0
C,11x2625,บริษัท เมโทร ปาร์ติเกิล จำกัด,นนทบุรี,AG03,1,2.00,0
D,11x2628,บริษัท เอสเอฟซี เอกเซลเล้นซ์ จำกัด,สมุทรปราการ,CH14,5,0.65,0
U,11x2629,บริษัท ทีทีซีแอล จำกัด (มหาชน),กรุงเทพมหานคร,SV01,13,0.49,0
U,11x2634,บริษัท อัครา รีซอร์สเซส จำกัด (มหาชน),พิจิตร,,6,1.94,0
U,11x2645,บริษัท เดลต้า เอลเม็ก จำกัด,กรุงเทพมหานคร,SV04,2,0.30,0
C,11x2651,บริษัท ซีลิค คอร์พ จำกัด,กรุงเทพมหานคร,CH09,0,0.00,1
A,11x2669,บริษัท มากอตโต  จำกัด,สระบุรี,MT99,2,0.07,0
U,11x2674,บริษัท ซิสทาโน่ จำกัด,กรุงเทพมหานคร,SV01,5,0.25,11
C,11x2677,บริษัท ไอกะ หาดใหญ่ จำกัด,สงขลา,AG02,1,0.28,3
U,11x2706,บริษัท เอกศรา ซัพพลายเซอร์วิส จำกัด,กรุงเทพมหานคร,SV04,1,0.02,0
A,11x2715,บริษัท บูม โกลบอล จำกัด,ฉะเชิงเทรา,CH03,0,0.00,2
A,11x2717,บริษัท ซันโก้เคมิคอลส์ จำกัด,กรุงเทพมหานคร,CH03,0,0.00,1
U,11x2718,บริษัท กรีนคอร์ป จำกัด,กรุงเทพมหานคร,SV01,1,0.60,0
D,11x2723,บริษัท เอเชี่ยน แอสฟัลท์ จำกัด,ลำปาง,CH15,1,0.02,0
C,11x2728,บริษัท ไลอ้อน (ประเทศไทย) จำกัด,ชลบุรี,CH06,2,0.05,17
D,11x2729,บริษัท โกลบอลกรีนเคมิคอล จำกัด (มหาชน),ชลบุรี,CH14,17,3.44,0
C,11x2741,บริษัท ไทยรุ่งเรืองพลังงาน จำกัด,สระบุรี,CH04,1,0.07,0
U,11x2749,บริษัท เอเซีย แปซิฟิค ปิโตรเคมิคอล จำกัด,สมุทรปราการ,SV04,1,0.07,0
D,11x2759,ธนาคารไทยพาณิชย์ จำกัด (มหาชน),กรุงเทพมหานคร,UT00,1,0.56,0
C,11x2767,บริษัท อุตสาหกรรมมิตรมงคล จำกัด,กรุงเทพมหานคร,CH06,3,0.71,0
U,11x2792,บริษัท จี อินนอฟ จำกัด,สมุทรสาคร,SV01,1,0.01,0
A,11x2796,บริษัท เพ็ท โฟกัส จำกัด,ลพบุรี,FD05,9,1.38,9
B,11x2797,บริษัท ยูเนี่ยน คอมปาวด์ จำกัด,นครปฐม,TT01,0,0.00,3
A,11x2799,บริษัท หลุยส์ผลิตภัณฑ์กาวเทป จำกัด,สมุทรปราการ,CH03,0,0.00,4
U,11x2805,บริษัท บีเค เอ็นจิเนียริ่ง แอนด์ เซอร์วิส จำกัด,,SV04,1,0.02,0
A,11x2814,บริษัท เจ.ไอ.ที.อีควิปเม้นท์ จำกัด,,SV07,2,0.15,0
B,11x2818,บริษัท แพรนด้า จิวเวลรี่ จำกัด (มหาชน),กรุงเทพมหานคร,MN02,0,0.00,1
A,11x2824,บริษัท ไทยโพลีเอสเตอร์ จำกัด,ชลบุรี,TT00,1,0.04,8
U,11x2856,ห้างหุ้นส่วนจำกัด เยอ เอ็นจิเนียริ่ง,,SV01,3,0.18,11
A,11x2877,บริษัท ไมย์เออร์ อินดัสตรีส์ จำกัด,ชลบุรี,MT99,0,0.00,2
B,11x2878,บริษัท ไฮมิก จำกัด,ชลบุรี,CH42,0,0.00,2
A,11x2890,บริษัท ไทยอ๊อฟเซท จำกัด,กรุงเทพมหานคร,CH03,0,0.00,2
B,11x2904,บริษัท สวนอุตสาหกรรมโรจนะ จำกัด (มหาชน),พระนครศรีอยุธยา,OT99,1,0.64,0
A,11x2907,บริษัท ไท-โย เพนท์ (ประเทศไทย) จำกัด,กรุงเทพมหานคร,CH03,1,0.02,0
U,11x2930,บริษัท จุกเสม็ด พอร์ต จำกัด,,SV01,2,0.29,3
A,11x2936,บริษัท ฮาร์ทฟอร์ด เพ้นท์ จำกัด,สมุทรปราการ,CH03,0,0.00,2
R,11x2937,บริษัท แอคูชเน็ท ไทเทิลลิสท์ (ประเทศไทย) จำกัด,ระยอง,SV01,10,1.81,0
B,11x2941,บริษัท  โรจนะ อินดัสเตรียล แมเนจเม้นท์ จำกัด,พระนครศรีอยุธยา,OT99,4,2.65,0
A,11x2948,บริษัท พนัสโภคภัณฑ์ จำกัด,ชลบุรี,FD05,0,0.00,2
U,11x2988,บริษัท เจ.เอ.พี กรุ๊ป จำกัด,,SV04,1,0.08,0
U,11x2999,บริษัท ไทรอัมฟ์ เอ็นจิเนียริ่ง จำกัด,ราชบุรี,SV01,1,0.50,1
D,11x3014,บริษัท ปตท. น้ำมันและการค้าปลีก จำกัด (มหาชน),กรุงเทพมหานคร,CH14,4,0.19,51
A,11x3021,บริษัท เอสซีจี เซรามิกส์ จำกัด (มหาชน),สระบุรี,MN03,17,0.25,0
B,11x3033,บริษัท ไดอิชิแพคเกจจิ้ง จำกัด,ฉะเชิงเทรา,CH42,0,0.00,2
U,11x3035,บริษัท ดับเบิลยู เอส เค เซอร์วิส จำกัด,,SV01,0,0.00,2
B,11x3045,บริษัท แอมคอร์ เฟล็กซิเบิ้ล เพชรบุรี จำกัด,เพชรบุรี,CH42,1,0.04,0
A,11x3054,บริษัท ไมย์เออร์ อลูมิเนียม (ประเทศไทย) จำกัด,ชลบุรี,MT02,0,0.00,2
B,11x3081,บริษัท สาลี่ คัลเล่อร์ จำกัด (มหาชน),สมุทรปราการ,CH42,0,0.00,2
U,11x3082,บริษัท ไทยเคนเปเปอร์ จำกัด  (มหาชน),ปราจีนบุรี,PP01,1,0.03,0
A,11x3085,บริษัท ซันฟีด จำกัด,สระบุรี,FD05,1,0.05,2
R,11x3088,บริษัท เอ็นเอส-สยามยูไนเต็ดสตีล จำกัด,ระยอง,MT01,2,0.21,0
A,11x3092,บริษัท เอเชีย แคน แมนูแฟคเจอริ่ง จำกัด,ฉะเชิงเทรา,MT99,3,0.19,30
U,11x3098,บริษัท กังวาลเท็กซ์ไทล์ จำกัด,ราชบุรี,,0,0.00,1
U,11x4034,บริษัท มากอตโต จำกัด,สระบุรี,,8,0.23,0
U,11x4281,Linden Bucks Sdn Bhd,,,1,0.04,0
U,11x9027,บริษัท น้ำตาลมิตรผล จำกัด,ชัยภูมิ,,0,0.00,2
A,11x9653,ซีพีเอฟ-กม.21,,FD05,0,0.00,7
A,11x9738,ห้างหุ้นส่วนจำกัด ศิลาเพชรสุพรรณบุรี,สุพรรณบุรี,MN99,1,0.02,0
B,11x9780,บริษัท จีซีพี แอพพลายด์ เทคโนโลยีส์ โฮลดิ้งส์ (ไทยแลนด์) จำกัด,สมุทรปราการ,MN05,0,0.00,5
U,11x9822,บริษัท อาร์ซีไอ แล็บสแกน จำกัด,สมุทรสาคร,,1,0.02,0
A,11x9831,ซีพีเอฟ-ปักธงชัย,,FD05,0,0.00,2
A,11x9885,ซีพีเอฟ-พิษณุโลก,,FD05,0,0.00,1
U,11x9992,บริษัท เออร์โก้ เฮลธ์แคร์ โพรดัคส์ จำกัด,,,1,0.01,0
U,11x10146,บริษัท ยูจีเอส เซลส์ แอนด์ เซอร์วิส จำกัด,,SV04,3,0.32,0
B,11x11884,"Thai Asahi Kasei Spandex Co.,LTD.",,CH42,0,0.00,6
A,11x11961,ซีพีเอฟ-ศรีราชา,,FD05,0,0.00,5
R,11x12157,บริษัท เอ็นเอส บลูสโคป (ประเทศไทย) จำกัด,ระยอง,MT01,2,1.09,0
A,11x12288,ซีพีเอฟ-ราชบุรี,,FD05,0,0.00,9
U,11x14597,บริษัท แม็ททอล อินเตอร์ เทคโนโลยี จำกัด,กรุงเทพมหานคร,,0,0.00,1
A,11x20608,ซีพีเอฟ-หนองแค,,FD05,0,0.00,4
U,11x20888,บริษัท รีฟริเทค  จำกัด,ปทุมธานี,SV04,1,0.08,0
A,11x20891,บริษัท ไทยลักซ์ เอ็นเตอร์ไพรส์ (ประเทศไทย) จำกัด,เพชรบุรี,FD05,0,0.00,2
A,11x21227,ซีพีเอฟ-โคกกรวด,,FD05,0,0.00,3
A,11x21237,มากอตโต-หัวปลวก,,MT01,0,0.00,3
A,11x21239,ซีพีเอฟ-โคกตูม,,FD05,0,0.00,6
A,11x21309,เบทาโกร-รง.3,,FD05,0,0.00,3
B,11x21340,บริษัท ไทย อาซาฮี คาเซอิ สแปนเด็กซ์ จำกัด,ชลบุรี,TT01,1,0.60,0
U,11x21369,บริษัท โอราโนส จำกัด,ฉะเชิงเทรา,,0,0.00,1
U,11x21636,บริษัท โนวาซิล (ไทยแลนด์) จำกัด,สมุทรปราการ,,10,1.34,0
A,11x22067,มากอตโต-หนองแค,,MT01,0,0.00,3
R,11x22237,บริษัท พรีแพค ประเทศไทย จำกัด,ระยอง,CH42,4,0.14,14
A,11x22547,คาร์กิลล์สยาม-ฉะเชิงเทรา,,FD05,0,0.00,6
B,11x22722,บริษัท ฟิล์มมาสเตอร์ จำกัด,สมุทรสาคร,CH42,0,0.00,9
A,11x22766,ซีพีเอฟ-ขอนแก่น,,FD05,0,0.00,1
A,11x23083,บริษัท ซีพีเอฟ  (ประเทศไทย) จำกัด  (มหาชน),กรุงเทพมหานคร,FD05,4,0.75,0
U,11x23469,เบทาโกร-วิศวกรรมส่วนกลาง,,,0,0.00,4
A,11x23927,บริษัท ลิกซิล (ประเทศไทย) จำกัด  (มหาชน),ปทุมธานี,MN03,0,0.00,10
U,11x24224,ซีพีเอฟ-ท่าเรือ,,,0,0.00,3
C,11x24402,บริษัท ไทย เคเค อุตสาหกรรม จำกัด,สมุทรปราการ,CH09,0,0.00,3
C,11x24628,บริษัท สยามมิชลิน จำกัด (สระบุรี),,AG02,0,0.00,1
B,11x24686,LENZING (THAILAND) COMPANY LIMITED,,CH42,0,0.00,2
A,11x24817,บริษัท นิปปอนเพนต์ (ประเทศไทย)  จำกัด,สมุทรปราการ,CH03,18,1.10,2
U,11x27792,บริษัท ซูเทค เอ็นจิเนียริ่ง จำกัด,ราชบุรี,SV01,1,17.27,0
C,11x27970,บริษัท ดันล้อป แอดฮีซีฟส์ (ประเทศไทย) จำกัด,ชลบุรี,CH09,0,0.00,1
C,11x28277,บริษัท เค ไอ เอทานอล จำกัด,นครราชสีมา,CH16,1,0.22,0
A,11x28609,บริษัท กรุงไทยอาหาร จำกัด (มหาชน),สมุทรปราการ,FD05,0,0.00,2
U,11x29299,บริษัท ไทย ฟู้ดส์ อาหารสัตว์ จำกัด,ปราจีนบุรี,,1,0.07,0
U,11x29463,ไทย ฟู้ดส์ อาหารสัตว์-สุพรรณ,,,0,0.00,1
U,11x30383,บริษัท ธนา แอนด์ ปันปัน เอ็นจิเนียริ่ง จำกัด,,SV01,0,0.00,1
U,11x31186,บริษัท สยาม พีเคเค เทค จำกัด,,SV04,2,0.26,0
C,11x32158,บริษัท เฮงเค็ล (ประเทศไทย) จำกัด,สมุทรปราการ,CH09,1,0.03,4
C,11x32198,บริษัท แอ็พพลาย ดีบี จำกัด (มหาชน) จำกัด,,CH09,0,0.00,8
A,11x32374,บริษัท ซิกเวอร์ค (ประเทศไทย) จำกัด,สมุทรสาคร,CH03,1,0.05,6
U,11x32573,คาร์กิลล์มีทส์-สระบุรี,,,0,0.00,1
A,11x33258,บริษัท ไทยไอโซวอลล์ จำกัด,สมุทรปราการ,SV07,0,0.00,2
U,11x33661,บริษัท อัศวิน เทคโนโลยี จำกัด,,SV04,1,0.00,0
A,11x35017,คาร์กิลล์สยาม-นครปฐม,,FD05,0,0.00,3
U,11x35411,บริษัท เมคเวิร์ธ จำกัด,,SV04,1,0.01,0
A,11x35545,บริษัท เฉียวฟู (ไทยแลนด์) จำกัด,สมุทรปราการ,CH41,1,0.03,0
U,11x37571,PS Agro,,,0,0.00,1
B,11x38180,บริษัท ปูนซิเมนต์ไทย (ท่าหลวง) จำกัด,สมุทรปราการ,MN05,3,1.95,0
U,11x39867,บริษัท เอเซีย เอ็นจิเนียริ่งแพค จำกัด,กรุงเทพมหานคร,SV04,1,0.05,0
A,11x39941,คาร์กิลล์สยาม-พิษณุโลก,,FD05,0,0.00,2
U,11x40242,บริษัท บีอาร์เอส พาร์ท เซอร์วิส จำกัด,,SV04,3,0.22,0
U,11x40804,บริษัท ยูวาเทค จำกัด,,SV04,0,0.00,1
U,11x40880,กรุงไทยอาหาร-บ้านบึง,,,0,0.00,1
C,11x41751,บริษัทสยามอุตสาหกรรมเทปกาว จำกัด,ชลบุรี,CH09,0,0.00,1
A,11x42167,บริษัท พนัส ฟีดมิลล์ จำกัด,ชลบุรี,FD05,0,0.00,1
A,11x42720,ที เค เอส เคมิคอล (ประเทศไทย) จำกัด,สมุทรปราการ,CH03,0,0.00,2
U,11x42788,บริษัท บางกอกโคลด์สโตริจเซอร์วิส จำกัด,สมุทรปราการ,????,4,0.06,0
A,11x43723,บริษัท เฌอร่า  จำกัด (มหาชน),ลพบุรี,MN06,13,2.16,0
A,11x43725,บริษัท เฌอร่า จำกัด (มหาชน),ลพบุรี,MN06,4,0.09,0
U,11x43791,บริษัท ยูนิคแก๊ส แอนด์ ปิโตรเคมิคัลส์ จำกัด (มหาชน),ฉะเชิงเทรา,????,1,0.04,1
A,11x45224,บริษัท  ไทยเบฟเวอเรจเเคน จำกัด,,MT02,0,0.00,65
U,11x45888,มิตซูบิชิ คอร์ปอเรชั่น,,????,2,0.86,0
U,11x46464,บริษัท โตโยอิ๊งค์ ( ประเทศไทย )  จำกัด,กรุงเทพมหานคร,????,1,0.01,0
A,11x47152,บริษัท บางกอกแคน แมนนูแฟคเจอริ่ง จำกัด,ปทุมธานี,MT02,0,0.00,4
U,11x48247,บริษัท ดีแอนด์เอ เจเนอรัล ซัพพลาย จำกัด,,SV04,3,0.15,0
C,11x48893,"SOKEN CHEMICAL CO.,LTD",,CH06,0,0.00,4
U,11x49029,บริษัท จีซีพี แอพพลายด์ เทคโนโลยีส์ โฮลดิ้งส์,,????,2,0.18,0
A,11x49847,คาร์กิลล์สยาม-โคราช,,FD05,0,0.00,4
U,11x50554,บริษัท วีทรีพี เอ็นจิเนียริ่ง จำกัด,,SV04,1,0.01,1
U,11x51151,ห้างหุ้นส่วนจำกัด เจเอสเอส ซัพพลาย แอนด์ เซอร์วิส,,????,1,0.03,0
U,11x53966,บริษัท เลอ ครูเซ แมนูแฟคเจอริ่ง (ประเทศไทย) จำกัด,ลำพูน,????,4,0.54,0
B,11x54107,บริษัท ดีไวน์ เทคโนโลยี โซลูชั่นส์ จำกัด,,UT99,0,0.00,1
C,11x54217,"Thai Glycerine Co.,Ltd.",,CH07,0,0.00,1
U,11x57925,บริษัท อีเทอนอล ซากาตะ อิ้งซ์ จำกัด,กรุงเทพมหานคร,????,1,0.03,7
B,11x58195,"Mitsubishi Chemical (Thailand) Co.,Ltd",,CH01,0,0.00,5
U,11x59102,บริษัท ไทยนิปปอน สตีล เอ็นจิเนียริ่ง แอนด์ คอนสตรัคชั่น คอร์ปอเรชั่น จำกัด,สมุทรปราการ,SV01,0,0.00,5
U,11x60481,บริษัท ซีพีเอฟ (ประเทศไทย) จำกัด   (มหาชน),กรุงเทพมหานคร,????,3,0.37,0
B,11x65713,"KPN Green Energy Solution co., ltd.",,UT99,0,0.00,1
U,11x69606,บริษัท เอแอนด์พี อะกริ โปรดักท์ กรุ๊ป จำกัด,,????,0,0.00,1
U,11x71518,บริษัท เอเชีย แพ็คเกจจิ้ง แมนูแฟคเจอริ่ง จำกัด,ฉะเชิงเทรา,????,1,0.03,4
R,11x71540,บริษัท จีซี โพลีออลส์ จำกัด,ระยอง,????,1,0.00,0
U,11x72785,บริษัท ทีเอสเค เอ็นจิเนียริ่ง (ไทยแลนด์) จำกัด,กรุงเทพมหานคร,SV01,0,0.00,14
A,11x75253,ซีพีเอฟ-ศรีสะเกษ,,FD05,0,0.00,1
U,11x76054,บริษัท พีเอพี แก๊ส วัน จำกัด,,????,2,0.04,5
U,11x76105,บริษัท เดอมาสท์ จำกัด,,????,2,2.00,9
U,11x77846,บริษัท ไทยทากาซาโก จำกัด,,????,3,5.79,243
A,11x78331,บริษัท เคที สตีมเทค จำกัด,,SV02,1,0.01,0
U,11x79882,บริษัท โซล่า แอสฟัลท์  จำกัด,ขอนแก่น,????,0,0.00,2
U,11x80575,บริษัท ดี.เอส.ดี เอ็นจิเนียริ่ง 1999 จำกัด,,SV01,1,0.01,0
A,11x81009,บริษัท วี.ซี.เอฟ. กรุ๊ป จำกัด,พิจิตร,FD05,0,0.00,2
D,11x81127,บริษัท ท่อส่งปิโตรเลียมไทย จำกัด,ปทุมธานี,CH14,5,0.49,0
C,11x84032,ศูนย์ผลิตผลิตภัณฑ์จากพลาสมา สภากาชาดไทย,,CH05,0,0.00,2
U,11x85891,บริษัท เคนวา เอ็นจิเนียริ่ง จำกัด,,SV01,2,0.02,1
A,11x86911,บริษัท โพลีเมอร์ อะไบดิ้ง จำกัด,สมุทรสาคร,CH03,0,0.00,1
U,11x92729,บริษัท ชิโยดะ โคฮาน เอเชีย จำกัด,,SV01,1,0.04,0
U,11x93812,บริษัท โอเรียนเต็ลคอปเปอร์ จำกัด,ชลบุรี,????,0,0.00,1
R,11x93899,บริษัท ไออาร์พีซี  จำกัด  (มหาชน),ระยอง,????,5,0.44,0
R,11x93922,บริษัท ชิน-เอทซุ นิวแมททีเรียลส์ (ประเทศไทย) จำกัด,ระยอง,????,1,0.06,0
U,11x94683,บริษัท ทีดิก เซาท์ จำกัด,สงขลา,????,1,0.01,0
U,11x99482,บริษัท สีไดโน   จำกัด,สมุทรปราการ,????,1,0.02,1
U,11x101414,บริษัท พี.ดับบลิว.เอ็นจิเนียริ่งแอนด์เซอร์วิส จำกัด,,????,1,0.11,0
U,11x101709,บริษัท สหมิตร(2014)เอ็นจิเนียริ่งเซอร์วิส จำกัด,,SV01,0,0.00,2
U,11x102168,บริษัท ซันโคคิโค (ประเทศไทย) จำกัด,,SV04,1,0.14,0
U,11x104621,บริษัท พี.เอส.พี. สเปเชียลตี้ส์ จำกัด (มหาชน),สมุทรสาคร,????,2,0.24,0
A,11x105782,เบทาโกร-พระประแดง,,FD05,0,0.00,3
U,11x106324,Hongsa Power Company Limited,,UT01,1,0.32,0
U,11x107615,บริษัท ศรีศรัณย์ เอ็นจิเนียริ่ง จำกัด,กรุงเทพมหานคร,????,3,0.19,0
U,11x108812,บริษัท สไตล์ เอฟ เอ็นจิเนียริ่ง จำกัด,,SV01,1,0.28,0
U,11x109802,บริษัท ลองวิน ไทย จำกัด,,????,1,0.13,0
R,11x110483,บริษัท บีเอสที เอเนออส อิลาสโตเมอร์ จำกัด,ระยอง,????,2,0.04,0
C,11x116185,บริษัท ไทย สพิริท อินดัสทรี จำกัด,ฉะเชิงเทรา,FD02,1,0.09,0
U,11x116390,บริษัท อินโนเวล โฟล์ จำกัด,,????,3,0.32,2
U,11x117667,บริษัท เอทีพี อินโนเวชั่นส์ จำกัด,,UT01,0,0.00,12
D,11x119254,บริษัท บีบีจีไอ ไบโอดีเซล จำกัด,พระนครศรีอยุธยา,CH14,5,2.13,0
U,11x119271,บริษัท เคมิน อินดัสตรีส์ (ประเทศไทย) จำกัด,,????,0,0.00,3
D,11x120944,บริษัท ไทยเมทัลโปรดักส์อินดัสตรีย์ จำกัด,นนทบุรี,CH02,1,0.59,4
U,11x121579,"PEPSI-COLA (THAI) TRADING CO.,LTD",กรุงเทพมหานคร,????,1,0.14,0
B,11x123312,บริษัท บุญช่วยอุตสาหกรรม จำกัด,นครปฐม,CH01,0,0.00,1
U,11x124447,บริษัท พีพีพี กรีน คอมเพล็กซ์ จำกัด (มหาชน),ประจวบคีรีขันธ์,????,1,0.04,0
U,11x124486,บริษัท ปตท.สผ.เอนเนอร์ยี่ ดีเวลลอปเมนท์ จำกัด,,????,2,0.29,0
B,11x128482,บริษัท โตโยต้า ทูโช เอ็ม แอนด์ อี (ประเทศไทย) จำกัด,,UT99,1,0.15,8
A,11x128789,คาร์กิลล์สยาม-เพชรบุรี,,FD05,0,0.00,1
A,11x129923,บริษัท เอส พี เอ็ม อาหารสัตว์ จำกัด,ราชบุรี,FD05,0,0.00,1
U,11x136336,SES INTERNATIONAL BV,,????,1,0.17,0
U,11x144992,บริษัท ไอ- คอนส์ เอเชีย  จำกัด,ขอนแก่น,????,3,0.12,0
A,11x148058,เซนทาโก-หนองแค,,FD05,0,0.00,2
U,11x148133,บริษัท สยามเครื่องชั่งและวิศวกรรม จำกัด,สมุทรปราการ,SV01,0,0.00,1
C,11x148781,บริษัท ไอกะ ไทยเคมีภัณฑ์ จำกัด,สมุทรปราการ,AG03,2,0.56,0
C,11x148856,บริษัท บูรณ์ออริจินส์ จำกัด,กรุงเทพมหานคร,CH04,0,0.00,1
U,11x151054,บริษัท มิสซิเบิล เทคโนโลยี จำกัด,,SV04,1,0.40,4
B,11x153001,บริษัท โตโยต้า มอเตอร์ ประเทศไทย จำกัด (โรงงานเกตเวย์),,UT99,0,0.00,2
U,11x155074,บริษัท เอ็นเดรส แอนด์ เฮาเซอร์(ไทยแลนด์)  จำกัด,,????,1,0.06,0
U,11x155605,บริษัท ฟาสเทน ออยล์ จำกัด,กรุงเทพ,SV01,2,0.10,15
C,11x157867,บริษัท เอส.เอส.การสุรา จำกัด,อุบลราชธานี,FD06,1,0.40,0
B,11x166068,SCG packaging PLC,,CH42,0,0.00,3
A,11x166397,เบทาโกร-ฉะเชิงเทรา,,FD05,0,0.00,4
B,11x166759,"THC AGROSCIENCE CO., LTD.",,CH11,0,0.00,7
U,11x170070,บริษัท สตาร์ ฟูเอลส์ มาร์เก็ตติ้ง จำกัด,,????,7,0.76,0
A,11x172623,บริษัท อินเตอร์ อิ๊งค์ จำกัด,,CH03,0,0.00,1
A,11x172789,ซีพีเอฟ-จัดซื้อส่วนกลาง,,FD05,0,0.00,1
U,11x173315,บริษัท เอเชี่ยน นิวทริชั่น จำกัด,เพชรบุรี,????,2,0.09,3
U,11x173376,บริษัท อินเตอร์อิงค์ จำกัด,,????,1,0.02,1
U,11x173869,บริษัท บียูพีเอส จำกัด,,SV01,1,0.05,0
U,11x175944,บริษัท เค-มาเทค ซัพพลาย จำกัด,,????,1,0.03,0
A,11x176175,บริษัท ดูราโฟม จำกัด,,CH41,3,0.18,5
U,11x176632,บริษัท พรีเมียร์ กรีนเพาเวอร์ จำกัด,,????,0,0.00,15
U,11x182530,บริษัท ไทย เบเวอร์เรจ แคน จำกัด,สระบุรี,????,4,0.64,0
A,11x182621,บริษัท นิปปอนเพนต์ เดคโคเรทีฟ โคทติ้ง (ประเทศไทย) จำกัด,สมุทรปราการ,CH03,0,0.00,2
U,11x183964,บริษัท นิปปอนเพนต์ เดคโคเรทีฟ,,????,1,0.04,0
C,11x184834,บริษัท มิตซูบิชิ เคมิคอล (ประเทศไทย) จำกัด,ชลบุรี,EI00,0,0.00,19
A,11x185228,Knauf Gypsum (Thailand) Limited,,MN99,0,0.00,2
U,11x185363,บริษัท เบเยอร์ จำกัด,สมุทรปราการ,????,0,0.00,9
U,11x185908,"Tietex Asia, Ltd",,SV01,0,0.00,1
U,11x186186,บริษัท บางจาก ศรีราชา จำกัด (มหาชน),กรุงเทพมหานคร,????,1,0.36,0
D,11x192321,ริษัท พี.เอส.พี.สเปเชียลตี้ส์ จำกัด (มหาชน),,CH14,0,0.00,1
C,11x192430,Sika (Thailand) Ltd.,,CH09,0,0.00,3
B,11x193210,บริษัท โตโยต้า มอเตอร์ เอเชีย (ประเทศไทย) จำกัด,ฉะเชิงเทรา,UT99,3,0.33,3
U,11x196463,บริษัท พีโอเอส ไพร์ด จำกัด,,SV04,0,0.00,1
U,11x198786,บริษัท สยามแก๊ส แอนด์ ปิโตรเคมีคัลส์  จำกัด  (มหาชน),ขอนแก่น,????,2,0.14,10
U,11x198879,บริษัท คราวน์ เบ็บแคน แอนด์ โคลสเซอร์ส (ประเทศไทย) จำกัด,,????,1,0.03,0
U,11x200798,บริษัท เอสซีจี เซรามิกส์ จำกัด  (มหาชน),สระบุรี,????,1,0.01,83
U,11x206186,บริษัท โคพีเรียน (ประเทศไทย) จำกัด,สมุทรปราการ,????,3,0.09,13
A,11x206902,บริษัท คิงสแปน อินซูเลท พาแนลส์ (ประเทศไทย) จำกัด,พระนครศรีอยุธยา,SV07,5,0.13,9
C,11x208071,Premier Products Public Company Limited,,UT03,0,0.00,5
U,11x210421,บริษัท อั๊คโซ่ โนเบล เพ้นท์ส (ประเทศไทย)  จำกัด,ชลบุรี,????,1,0.06,0
A,11x210760,บริษัท นิปปอนเพนต์ (ประเทศไทย) จำกัด (PTP : เฟต 8),,CH03,0,0.00,6
C,11x211197,อภิสิทธิ์,,FD07,0,0.00,10
U,11x211439,บริษัท มิตซูบิชิ เคมิคอล (ประเทศไทย)  จำกัด,ชลบุรี,????,1,0.72,0
C,11x213187,บริษัท เวล บอนดิ้ง จำกัด,,AG01,1,0.03,0
U,11x215160,บริษัท วนชัย พาเนล อินดัสทรี่ส์  จำกัด,สุราษฎร์ธานี,????,1,0.02,0
U,11x216700,"THAI OBAYASHI CORP.,LTD.",,SV01,0,0.00,1
D,11x217847,Global Green Chemicals,,CH14,0,0.00,2
C,11x223774,บริษัท มูซาชิ เพ้นท์ แมนูแฟคเจอริ่ง (ประเทศไทย) จำกัด,ชลบุรี,CH04,0,0.00,5
B,11x224358,Henkel (Thailand) Ltd.,,CH99,0,0.00,85
U,11x224430,บริษัท เอสซีจี ซิเมนต์ จำกัด,พระนครศรีอยุธยา,????,2,0.04,0
B,11x225077,บริษัท ศรีไทยซุปเปอร์แวร์ จำกัด,กรุงเทพมหานคร,CH42,0,0.00,1
B,11x225086,Indorama Polymers and AsiaPet (Thailand),,TT01,0,0.00,3
A,11x226929,เบทาโกร-รง.2,,FD05,0,0.00,1
D,11x227683,thaipipeline network,,CH14,0,0.00,20
U,11x228034,บริษัท ยู.เอ.อี. เพาเวอร์ จำกัด,,????,4,2.79,0
C,11x232469,พร,,FD07,0,0.00,6
U,11x234527,บริษัท ฟีนิกซ์ คอร์ปเอเซีย จำกัด,,????,1,0.24,0
A,11x234621,บริษัท คิง โกลบอล อินคอร์ปอเรท จำกัด,ชลบุรี,CH41,0,0.00,5
B,11x235130,บริษัท เทอราโกร เฟอร์ติไลเซอร์ จำกัด (สำนักงาน),,CH11,0,0.00,7
U,11x235894,บริษัท แคส เอ็นจิเนียริ่ง แอนด์ โซลูชั่น จำกัด,,SV01,4,0.03,6
U,11x236190,บริษัท ทีทีเอ็นที ดีเวลลอปเม้นท์ จำกัด,,SV04,0,0.00,2
C,11x236593,บริษัท โปรเกรส เทคโนโลยี ยูทิลิตีส์ จำกัด,,UT03,5,0.37,10
C,11x237570,บริษัท คูโบต้า วอเตอร์ แอนด์ เอ็นไวรอนเม้นท์ (ประเทศไทย) จำกัด,,UT03,0,0.00,8
U,11x237791,"Progress Intertech Co., Ltd.",,SV04,0,0.00,8
C,11x238316,DVK HEALTHCARE,,CH09,0,0.00,7
C,11x239256,ยูนิเวอร์แซล ยูทีลิตี้ส์ จํากัด (มหาชน),,UT03,0,0.00,1
R,11x240943,บริษัท ยูนิเวอร์แซล ยูทีลิตี้ส์ จำกัด (มหาชน),ระยอง,????,1,0.01,0
U,11x240956,บริษัท ทีอาร์อาร์ ฟู้ดโปรดักส์ จำกัด,สมุทรสาคร,????,1,0.00,0
D,11x242155,บริษัท น้ำตาลและอ้อยตะวันออก จำกัด(มหาชน),สระแก้ว,FD04,1,0.07,1
R,11x244380,บริษัท ดานิลี่ จำกัด,ระยอง,SV01,1,1.09,0
C,11x244973,"Microchip Technology (Thailand) Co.,Ltd.",,EL00,0,0.00,1
C,11x244975,บริษัท ไซเอ็นส์โค (บางปู) สเปเชียลตี้ เคมีคอลส์ จำกัด,สมุทรปราการ,CH07,1,0.19,0
B,11x245247,NIHON F.T.B. (THAILAND) COMPANY LIMITED,,CH42,0,0.00,1
B,11x245251,"STB Textiles Industry Co.,LTD",,TT01,0,0.00,1
U,11x245530,"THAI OBAYASHI CORP., LTD.",,SV01,0,0.00,21
U,11x247389,บริษัท พราวด์ อินเตอร์ โปรดักส์ จำกัด,,????,1,0.01,0
U,11x247395,บริษัท ยูเซ็น โลจิสติกส์ (ประเทศไทย)  จำกัด,ชลบุรี,????,4,0.12,0
U,11x248010,"Polytechnology co.,ltd",,SV01,0,0.00,17
B,11x248025,บริษัท ไทยนิสเซ่แพ็คเกจจิ้ง จำกัด,ปราจีนบุรี,CH42,0,0.00,2
U,11x249053,"SNU Solutions Provider Co., Ltd.",,SV01,0,0.00,35
U,11x250662,บริษัท เอสเอ็นยู โซลูชั่น โพรไวด์เดอร์ จำกัด,,????,4,3.68,0
U,11x250912,บริษัท ท่าบ่อ เอ็นเนอร์ยี่ จำกัด,,????,1,0.10,0
U,11x250946,บริษัท เอ็ม พอร์ท ซัพพลายแอนด์เซอร์วิส จำกัด,,SV04,1,0.01,0
D,11x252242,ริษัท เจลลี เบลลี แคนดี้ คอมปานี (ประเทศไทย) จำกัด,,FD99,0,0.00,1
D,11x252355,บริษัท สยามพรีเสิร์ฟฟู้ดส์ จำกัด,ราชบุรี,FD99,3,0.07,6
U,11x253134,"Polytechnology co., ltd.",,SV01,0,0.00,22
C,11x253386,"Taiwan Union Technology (Thailand) Co., Ltd.",,EL00,0,0.00,1
U,11x253582,บริษัท เอเนอร์โฟล จำกัด,,SV01,1,0.32,0
U,11x253589,บริษัท อาร์.พี.เอ็ม. ฟาร์ม แอนด์ ฟีด จำกัด,เชียงใหม่,????,1,0.55,0
C,11x254383,Sika ซิก้า สระบุรี,,CH09,0,0.00,2
A,11x254630,เบทาโกร-รง.1,,FD05,0,0.00,2
U,11x255490,บริษัท ราชพัฒนา เอ็นเนอร์ยี จำกัด (มหาชน),ชลบุรี,UT01,1,0.05,0
U,11x256580,บริษัท ฟาสเทค มอเตอร์ เซอร์วิส จำกัด,นครปฐม,SV01,4,0.13,0
R,11x257442,บริษัท โซลแมกซ์ จีโอซินเทติคส์ จำกัด,ระยอง,CH42,1,0.22,0
C,11x257692,บริษัท จระเข้ คอร์ปอเรชั่น จำกัด,สระบุรี,CH09,0,0.00,1
U,11x257781,บริษัท เว็ลธ์ เวิร์คคิง มารีน จำกัด,สมุทรสาคร,????,1,0.07,0
C,11x257798,บริษัท ไทย ไปป์ไลน์ เน็ตเวิร์ค จำกัด,,EI00,1,0.10,1
U,11x257821,บริษัท เมคฟลูอิด จำกัด,,????,1,0.41,0
R,11x257857,บริษัท ทีพีที ปิโตรเคมิคอลส์  จำกัด  (มหาชน),ระยอง,????,2,0.02,0
U,11x257859,บริษัท แมคคีย์ฟู้ดเซอร์วิสเซส (ประเทศไทย) จำกัด,สมุทรปราการ,????,1,0.18,0
U,11x257865,ห้างหุ้นส่วนจำกัด บุญศิริ สตีล,,????,1,0.02,0
U,11x257869,บริษัท บีเอเอสเอฟ โคทติ้งส์ จํากัด,,????,2,0.28,0
U,11x257884,บริษัท พีเอพี โซลูชั่น จำกัด,,????,1,0.23,0
C,11x258146,HANA SEMICONDUCTOR (AYUTTHAYA) COMPANY LIMITED,,EL00,0,0.00,1
B,11x258159,oyota Parts Center Asia Pacific (TPCAP),,UT99,0,0.00,2
U,11x260005,บริษัท เทคโน คูล (ประเทศไทย) จำกัด,,SV04,2,0.01,2
U,11x260055,MITSUBISHI COMPANY (THAILAND) LTD.,,SV01,0,0.00,1
U,11x260316,ห้างหุ้นส่วนจำกัดคม เอ็นจิเนียริ่ง,สระบุรี,????,1,0.04,0
B,11x260698,บริษัท ซิกโนด (ประเทศไทย) จำกัด,ชลบุรี,CH42,0,0.00,1
B,11x260702,บริษัท ท้อปเทร็นด์ แมนูแฟคเจอริ่ง จำกัด,ชลบุรี,CH42,0,0.00,1
R,11x260778,บริษัท เทคนิคคอล ไทย เซอร์วิส จำกัด,ระยอง,????,1,0.07,0
U,11x260802,บริษัท มิตซูบิชิ (ประเทศไทย) จำกัด,,SV01,0,0.00,1
D,11x261138,บริษัท เอเชียลิงค์ เทอมินัล จำกัด,,CH14,0,0.00,12
U,11x263211,บริษัท ซินเนอจี้ คิว (ประเทศไทย) จำกัด,,SV04,0,0.00,3
C,11x263234,บริษัท เค ไอ ไบโอก๊าซ จำกัด,นครราชสีมา,CH16,1,0.18,0
U,11x264280,SHERA BUILDING SOLUTION (PHILIPPINES) CORP.,,????,1,0.24,0
U,11x264284,บริษัท สีไทยกันไซเพ้นท์  จำกัด,สมุทรปราการ,????,1,0.03,0
U,11x264286,บริษัท ยู-เซอร์วิสเซส (ปราจีนบุรี) จำกัด,,????,1,0.12,0
U,11x264295,บริษัท ซัน เอ็นจิเนียริ่ง แอนด์ ไฟร์ เซอร์วิส จำกัด,,????,1,0.56,0
U,11x264299,บริษัท ไทยออยล์ จำกัด  (มหาชน),ชลบุรี,????,1,0.17,0
U,11x264347,บริษัท โชคสุวรรณ เอ็นจิเนียริ่ง จำกัด,,????,1,0.00,0
U,11x264357,บริษัท อาร์เคม (ประเทศไทย) จำกีด,,????,1,0.09,0
A,11x264698,บริษัท บิ๊ค เคมิคอล จำกัด,นครปฐม,FD05,0,0.00,1
U,11x266035,บริษัท วี.อาร์. โซลูชั่น แอนด์ เซอร์วิส จำกัด,,SV01,2,0.11,0
U,11x266089,บริษัท ไทยเทคนิเชี่ยน โรลเลอร์ จำกัด,,SV04,1,0.00,0
U,11x266229,บจก.ไอทีที ฟลูอิด เทคโนโลยี่ อินเตอร์เนชั่นแนล (ประเทศไทย),,????,3,0.16,0
U,11x266815,บริษัท เอ็กซ์เพิท ทีม จำกัด,สมุทรสาคร,????,1,0.40,0
U,11x266827,บริษัท มัลติโค เอ็นจิเนียริ่ง (ประเทศไทย) จำกัด,,????,1,0.36,0
C,11x267032,"Thai Silicon Adhisive Chemical Co., Ltd.",,CH09,0,0.00,1
B,11x267036,Precision Plastic,,CH42,0,0.00,1
C,11x267041,"NICHIEI (THAILAND) CO.,LTD.",,CH09,0,0.00,1
B,11x267048,บริษัทงามดีอุตสาหกรรม,ราชบุรี,TT01,0,0.00,3
B,11x267054,JIULONGTHAI,,CH42,0,0.00,1
B,11x267057,บริษัท สุพรีม พลาสติก อินดัสตรี้,สมุทรปราการ,CH42,0,0.00,1
A,11x267465,บริษัท เซนทาโก(ประเทศไทย) จำกัด,,FD05,0,0.00,1
R,11x268407,บริษัท อี-โคทติ้งส์ เอเชีย จำกัด,ระยอง,CH43,1,0.01,0
A,11x269227,บริษัท เจ.บี.พี.อินเตอร์เนชั่นแนล เพ็นท์ จำกัด,กรุงเทพมหานคร,CH03,0,0.00,4
U,11x269274,บริษัท เพอร์เฟค คอมพาเนียน  กรุ๊ป  จำกัด,สมุทรปราการ,????,2,0.23,0
B,11x269308,บริษัท วีพีไอ อินดัสตรี จำกัด,นนทบุรี,CH42,1,0.28,1
R,11x269774,บริษัท บริดจสโตน คาร์บอน แบล็ค (ประเทศไทย) จำกัด,ระยอง,????,1,0.50,0
A,11x269820,บริษัท ซัน โอเปอเรชั่น จำกัด,,FD05,0,0.00,2
B,11x270834,Super Grip Company Limited,,CH42,0,0.00,1
B,11x270840,SANKO (PLASTICS) THAILAND,,CH42,0,0.00,1
U,11x271089,บริษัท เอเชี่ยน นิวทริชั่น  จำกัด,เพชรบุรี,????,1,0.22,0
D,11x271772,บริษัท เชฟรอน (ไทย)  จำกัด,กรุงเทพ,CH14,7,0.29,0
D,11x272321,บริษัท พรีเมีย ลูบริแค้นท์ จำกัด,ปทุมธานี,CH14,0,0.00,2
A,11x272393,บริษัท แอสไพร์ พาวเวอร์ จำกัด,,SV07,1,0.02,0
U,11x273554,บริษัท เอสพี เอ็นจิเนียริ่ง แอนด์ ซัพพลาย จำกัด,,????,1,0.45,0
A,11x274494,บริษัท แฟรงคลิน ไบโอเทค จำกัด,,FD05,0,0.00,1
U,11x302896,บริษัท ไทยสเปเชียลตี้ เคมีเคิล จำกัด,,????,1,0.12,0
B,11x302936,บริษัท นำชัยอุตสาหกรรม จำกัด,สมุทรสาคร,CH01,0,0.00,1
U,11x303341,บริษัท ไอ.ที.ซี. (1993) จำกัด,ปทุมธานี,SV01,0,0.00,4
A,11x303355,บริษัท แฟรงคลิน ไบโอเทค จำกัด,,FD05,0,0.00,1
U,11x304271,บริษัท ไทยโตไกคาร์บอนโปรดักท์โรจนะ จำกัด,,????,2,0.68,0
U,11x304304,บริษัท เอสดี กัทธรี อินเตอร์เนชั่นแนล มรกต จำกัด(มหาชน),สมุทรปราการ,????,1,0.05,0
U,11x304308,บริษัท อินโดรามา โพลีเมอร์ส จำกัด (มหาชน),ลพบุรี,????,1,0.02,0
U,11x304314,บริษัท ปูนซีเมนต์นครหลวง  จำกัด (มหาชน),สระบุรี,????,1,0.03,0
U,11x305533,บริษัท คาสตรอล (ประเทศไทย) จำกัด,,????,1,0.13,0
U,11x305696,บริษัท ไฟฟ้าหงสา จำกัด,,UT01,0,0.00,1
U,11x305904,บริษัท ไทยโตไกคาร์บอนโปรดักท์  จำกัด,ชลบุรี,????,1,0.73,0
U,11x306742,บริษัท ฟรอนท์ วีล อินดัสทรี จำกัด,,SV04,0,0.00,1
