group,so_id,client_id,client_name,value_thb,booking_date,delivery_date,delivery_days,status
U,SO19953,11x1732,บริษัท คิวเทค เทคโนโลยี จำกัด,13206.00,2026-01-15,2026-01-09,-6,Created
C,SO19954,11x1165,บริษัท กู๊ดเยียร์ (ประเทศไทย) จำกัด (มหาชน),19200.00,2026-01-15,2025-12-25,-21,Delivered
D,SO19955,11x2072,บริษัท แม่สอดพลังงานสะอาด จำกัด,54320.00,2026-01-15,2026-01-25,10,Created
R,SO19956,11x2937,บริษัท แอคูชเน็ท ไทเทิลลิสท์ (ประเทศไทย) จำกัด,149000.00,2026-01-15,2026-06-10,146,Created
R,SO19957,11x2937,บริษัท แอคูชเน็ท ไทเทิลลิสท์ (ประเทศไทย) จำกัด,370000.00,2026-01-15,2026-06-10,146,Created
U,SO19958,11x94683,บริษัท ทีดิก เซาท์ จำกัด,7000.00,2026-01-15,2026-04-03,78,Created
R,SO19959,11x71540,บริษัท จีซี โพลีออลส์ จำกัด,1800.00,2026-01-15,2026-02-06,22,Delivered
U,SO19960,11x1645,บริษัท ทีเคเค คอร์ปอเรชั่น จำกัด,256500.00,2026-01-15,2026-02-03,19,Created
U,SO19961,11x228034,บริษัท ยู.เอ.อี. เพาเวอร์ จำกัด,2235000.00,2026-01-15,2026-09-11,239,Created
C,SO19962,11x1240,บริษัท ทีโอเอ เพ้นท์ (ประเทศไทย)  จำกัด (มหาชน),364000.00,2026-01-15,2026-01-30,15,Created
U,SO19963,11x21636,บริษัท โนวาซิล (ไทยแลนด์) จำกัด,98800.00,2026-01-15,2026-01-30,15,Created
C,SO19964,11x1050,บริษัท ไทยยูรีเทนพลาสติก จำกัด,520000.00,2026-01-15,2026-06-12,148,Created
C,SO19965,11x1331,บริษัท แก่นขวัญ จำกัด,24500.00,2026-01-15,2026-04-24,99,Created
B,SO19966,11x2941,บริษัท  โรจนะ อินดัสเตรียล แมเนจเม้นท์ จำกัด,57300.00,2026-01-15,2026-02-20,36,Created
C,SO19967,11x1476,บริษัท บริดจสโตนไทร์ แมนูแฟคเจอริ่ง (ประเทศไทย) จำกัด,65400.00,2026-01-15,2026-01-20,5,Created
U,SO19968,11x175944,บริษัท เค-มาเทค ซัพพลาย จำกัด,25000.00,2026-01-15,2026-01-30,15,Created
B,SO19969,11x958,บริษัท ทีพีไอ โพลีน จำกัด (มหาชน),52605.00,2026-01-15,2026-05-15,120,Created
A,SO19970,11x3092,บริษัท เอเชีย แคน แมนูแฟคเจอริ่ง จำกัด,19500.00,2026-01-15,2026-04-25,100,Created
U,SO19971,11x1038,บริษัท วาย.โอ.เยนเนอรัล ซัพพลาย(1983)  จำกัด,21600.00,2026-01-15,2026-02-25,41,Created
B,SO19972,11x1853,DOW  CHEMICAL THAILAND LIMITED,40000.00,2026-01-15,2026-04-07,82,Created
U,SO19973,11x1038,บริษัท วาย.โอ.เยนเนอรัล ซัพพลาย(1983)  จำกัด,322000.00,2026-01-15,2026-04-25,100,Created
R,SO19974,11x110483,บริษัท บีเอสที เอเนออส อิลาสโตเมอร์ จำกัด,14995.00,2026-01-15,2026-03-13,57,Delivered
D,SO19975,11x1010,บริษัท บางจาก คอร์ปอเรชั่น จำกัด (มหาชน),24000.00,2026-01-15,2026-01-23,8,Created
U,SO19976,11x21636,บริษัท โนวาซิล (ไทยแลนด์) จำกัด,68000.00,2026-01-15,2026-03-06,50,Created
R,SO19977,11x1846,บริษัท ไออาร์พีซี โพลีออล จำกัด,35100.00,2026-01-15,2026-03-09,53,Created
U,SO19978,11x1038,บริษัท วาย.โอ.เยนเนอรัล ซัพพลาย(1983)  จำกัด,2184880.00,2026-01-15,2026-04-25,100,Created
A,SO19979,11x1158,บริษัท คาร์กิลล์มีทส์ (ไทยแลนด์) จำกัด,3640.00,2026-01-15,2026-04-25,100,Created
A,SO19980,11x1111,บริษัท ไทยเรยอน จำกัด (มหาชน),26000.00,2026-01-15,2026-01-23,8,Delivered
R,SO19981,11x2553,บริษัท ทีพีซี เพสต์ เรซิน  จำกัด,34770.00,2026-01-15,2026-03-18,62,Created
D,SO19982,11x1010,บริษัท บางจาก คอร์ปอเรชั่น จำกัด (มหาชน),70000.00,2026-01-15,2026-01-30,15,Created
U,SO19983,11x107615,บริษัท ศรีศรัณย์ เอ็นจิเนียริ่ง จำกัด,76000.00,2026-01-15,2026-01-16,1,Created
A,SO19984,11x1045,บริษัท เอสซีจี  เซรามิกส์ จำกัด (มหาชน),20000.00,2026-01-15,2026-01-23,8,Delivered
C,SO19985,11x933,บริษัท อีเทอนัล เรซิ่น จำกัด,495600.00,2026-01-15,2026-05-29,134,Created
C,SO19986,11x1165,บริษัท กู๊ดเยียร์ (ประเทศไทย) จำกัด (มหาชน),19200.00,2026-01-15,2026-02-09,25,Created
D,SO19987,11x1010,บริษัท บางจาก คอร์ปอเรชั่น จำกัด (มหาชน),13600.00,2026-01-15,2026-01-30,15,Created
U,SO19988,11x1383,บริษัท สตาร์วอลล์ แมชชินเนอรี่ จำกัด,84000.00,2026-01-15,2026-04-25,100,Created
U,SO19989,11x1383,บริษัท สตาร์วอลล์ แมชชินเนอรี่ จำกัด,42000.00,2026-01-15,2026-06-25,161,Created
U,SO19990,11x1383,บริษัท สตาร์วอลล์ แมชชินเนอรี่ จำกัด,42000.00,2026-01-15,2026-06-25,161,Created
U,SO19991,11x210421,บริษัท อั๊คโซ่ โนเบล เพ้นท์ส (ประเทศไทย)  จำกัด,64500.00,2026-01-15,2026-02-28,44,Created
A,SO19992,11x1052,บริษัท โตโยอิ๊งค์ (ประเทศไทย) จำกัด,67000.00,2026-01-15,2026-04-24,99,Created
C,SO19993,11x1234,ห้างหุ้นส่วนจำกัด บี.อาร์.เอส.อินเตอร์เทรด,4500.00,2026-01-15,2026-01-27,12,Created
U,SO19994,11x250662,บริษัท เอสเอ็นยู โซลูชั่น โพรไวด์เดอร์ จำกัด,968000.00,2026-01-15,2026-05-18,123,Created
U,SO19995,11x240956,บริษัท ทีอาร์อาร์ ฟู้ดโปรดักส์ จำกัด,3900.00,2026-01-21,2026-02-23,33,Created
U,SO19996,11x124486,บริษัท ปตท.สผ.เอนเนอร์ยี่ ดีเวลลอปเมนท์ จำกัด,186000.00,2026-01-21,2026-03-24,62,Created
U,SO19997,11x1139,บริษัท โพลีเทคโนโลยี จำกัด,80000.00,2026-01-21,2026-04-14,83,Created
D,SO19998,11x1826,บริษัท บี.พี.แอร์ แอนด์ เอ็นจิเนียริ่ง จำกัด,135000.00,2026-01-21,2026-02-13,23,Created
R,SO19999,11x22237,บริษัท พรีแพค ประเทศไทย จำกัด,63000.00,2026-01-21,2026-03-20,58,Created
U,SO20000,11x2930,บริษัท จุกเสม็ด พอร์ต จำกัด,253400.00,2026-01-21,2026-02-18,28,Created
U,SO20001,11x4034,บริษัท มากอตโต จำกัด,12100.00,2026-01-21,2026-01-26,5,Created
C,SO20002,11x236593,บริษัท โปรเกรส เทคโนโลยี ยูทิลิตีส์ จำกัด,8400.00,2026-01-21,2026-01-26,5,Created
A,SO20003,11x1191,บริษัท บี.เค. ลาเท็กซ์โปรดักส์ จำกัด,24800.00,2026-01-21,2026-01-23,2,Delivered
A,SO20004,11x3021,บริษัท เอสซีจี เซรามิกส์ จำกัด (มหาชน),24000.00,2026-01-21,2026-01-23,2,Created
D,SO20005,11x1381,บริษัท บีพี-คาสตรอล (ประเทศไทย) จำกัด,155782.00,2026-01-21,2026-03-19,57,Created
D,SO20006,11x1946,บริษัท บางกอกอินดัสเทรียลแก๊ส จำกัด,114000.00,2026-01-21,2026-05-15,114,Created
U,SO20007,11x250912,บริษัท ท่าบ่อ เอ็นเนอร์ยี่ จำกัด,97250.00,2026-01-21,2026-02-26,36,Created
R,SO20008,11x2275,บริษัท กรุงเทพ ซินธิติกส์ จำกัด,157080.00,2026-01-21,2026-04-03,72,Created
C,SO20009,11x1234,ห้างหุ้นส่วนจำกัด บี.อาร์.เอส.อินเตอร์เทรด,4500.00,2026-01-21,2026-01-21,0,Created
D,SO20010,11x1036,บริษัท เชลล์แห่งประเทศไทย จำกัด,50000.00,2026-01-21,2026-01-30,9,Created
U,SO20011,11x1749,บริษัท บลูรีฟริกเจอเรชั่น จำกัด,27000.00,2026-01-21,2026-01-22,1,Created
C,SO20012,11x930,บริษัท ยูนิลีเวอร์ ไทยโฮลดิ้งส์ จำกัด,20625.00,2026-01-21,2026-03-25,63,Created
C,SO20013,11x116185,บริษัท ไทย สพิริท อินดัสทรี จำกัด,94050.00,2026-01-21,2026-03-25,63,Created
U,SO20014,11x2634,บริษัท อัครา รีซอร์สเซส จำกัด (มหาชน),113000.00,2026-01-21,2026-01-23,2,Delivered
A,SO20015,11x1042,บริษัท เทยิน โพลีเอสเตอร์ จำกัด,39000.00,2026-01-21,2026-01-26,5,Created
R,SO20016,11x2937,บริษัท แอคูชเน็ท ไทเทิลลิสท์ (ประเทศไทย) จำกัด,110850.00,2026-01-21,2026-04-20,89,Created
R,SO20017,11x2937,บริษัท แอคูชเน็ท ไทเทิลลิสท์ (ประเทศไทย) จำกัด,127300.00,2026-01-21,2026-01-20,-1,Created
U,SO20018,11x53966,บริษัท เลอ ครูเซ แมนูแฟคเจอริ่ง (ประเทศไทย) จำกัด,124110.00,2026-01-21,2026-05-25,124,Created
R,SO20019,11x1620,บริษัท นูมาน แอนด์ เอสเชอร์ เซ้าท์ อีสต์ เอเซีย จำกัด,37000.00,2026-01-21,2026-03-31,69,Created
A,SO20020,11x1052,บริษัท โตโยอิ๊งค์ (ประเทศไทย) จำกัด,187000.00,2026-01-21,2026-02-25,35,Created
A,SO20021,11x1052,บริษัท โตโยอิ๊งค์ (ประเทศไทย) จำกัด,106485.00,2026-01-21,2026-02-25,35,Created
A,SO20022,11x2814,บริษัท เจ.ไอ.ที.อีควิปเม้นท์ จำกัด,73000.00,2026-01-21,2026-01-27,6,Created
A,SO20023,11x1245,บริษัท คาร์เปท อินเตอร์แนชั่นแนล ไทยแลนด์ จำกัด (มหาชน),7600.00,2026-01-21,2026-02-06,16,Created
R,SO20024,11x22237,บริษัท พรีแพค ประเทศไทย จำกัด,23000.00,2026-01-21,2026-03-20,58,Created
D,SO20025,11x242155,บริษัท น้ำตาลและอ้อยตะวันออก จำกัด(มหาชน),75000.00,2026-02-06,2026-01-25,-12,Delivered
D,SO20026,11x1065,บริษัท รุ่งเรือง (1990) จำกัด,135000.00,2026-02-06,2026-04-30,83,Created
U,SO20027,11x1270,บริษัท บูรพา เทคโนโลยี่ จำกัด,64800.00,2026-02-06,2026-04-05,58,Created
A,SO20028,11x1042,บริษัท เทยิน โพลีเอสเตอร์ จำกัด,150000.00,2026-02-06,2026-03-20,42,Created
A,SO20029,11x1158,บริษัท คาร์กิลล์มีทส์ (ไทยแลนด์) จำกัด,81600.00,2026-02-06,2026-04-25,78,Created
A,SO20030,11x1045,บริษัท เอสซีจี  เซรามิกส์ จำกัด (มหาชน),20000.00,2026-02-06,2026-02-13,7,Delivered
U,SO20031,11x253589,บริษัท อาร์.พี.เอ็ม. ฟาร์ม แอนด์ ฟีด จำกัด,550000.00,2026-02-06,2026-01-26,-11,Delivered
R,SO20032,11x2275,บริษัท กรุงเทพ ซินธิติกส์ จำกัด,117939.00,2026-02-06,2026-04-03,56,Created
D,SO20033,11x1073,บริษัท โดล ไทยแลนด์ จำกัด,15000.00,2026-02-06,2026-02-06,0,Delivered
D,SO20034,11x3014,บริษัท ปตท. น้ำมันและการค้าปลีก จำกัด (มหาชน),53500.00,2026-02-06,2026-02-16,10,Created
C,SO20035,11x157867,บริษัท เอส.เอส.การสุรา จำกัด,397500.00,2026-02-06,2026-07-25,169,Created
R,SO20036,11x2151,บริษัท พีทีที โกลบอล เคมิคอล จำกัด (มหาชน),19475.00,2026-02-06,2026-03-23,45,Created
U,SO20037,,,38000.00,2026-02-06,2026-04-03,56,Created
U,SO20038,11x186186,บริษัท บางจาก ศรีราชา จำกัด (มหาชน),364720.00,2026-02-06,2026-04-27,80,Created
A,SO20039,11x3021,บริษัท เอสซีจี เซรามิกส์ จำกัด (มหาชน),900.00,2026-02-06,2026-03-25,47,Created
U,SO20040,11x211439,บริษัท มิตซูบิชิ เคมิคอล (ประเทศไทย)  จำกัด,716000.00,2026-02-06,2026-02-25,19,Created
U,SO20041,11x228034,บริษัท ยู.เอ.อี. เพาเวอร์ จำกัด,127000.00,2026-02-06,2026-02-06,0,Delivered
U,SO20042,11x2023,บริษัท ไดอะล็อก ซิสเต็มส์ (ประเทศไทย) จำกัด,47200.00,2026-02-06,2026-02-13,7,Created
D,SO20043,11x119254,บริษัท บีบีจีไอ ไบโอดีเซล จำกัด,195000.00,2026-02-06,2026-04-30,83,Created
A,SO20044,11x43723,บริษัท เฌอร่า  จำกัด (มหาชน),184000.00,2026-02-06,2026-03-25,47,Created
R,SO20045,11x22237,บริษัท พรีแพค ประเทศไทย จำกัด,37000.00,2026-02-06,2026-02-06,0,Created
U,SO20046,11x2629,บริษัท ทีทีซีแอล จำกัด (มหาชน),39000.00,2026-02-06,2026-02-27,21,Delivered
U,SO20047,11x155074,บริษัท เอ็นเดรส แอนด์ เฮาเซอร์(ไทยแลนด์)  จำกัด,60000.00,2026-02-06,2026-02-27,21,Created
D,SO20048,11x2003,บริษัท เอไอ เอนเนอร์จี จำกัด (มหาชน),27000.00,2026-02-06,2026-02-06,0,Delivered
D,SO20049,11x1036,บริษัท เชลล์แห่งประเทศไทย จำกัด,36000.00,2026-02-06,2026-02-27,21,Created
A,SO20050,11x24817,บริษัท นิปปอนเพนต์ (ประเทศไทย)  จำกัด,20385.60,2026-02-06,2026-03-25,47,Created
A,SO20051,11x24817,บริษัท นิปปอนเพนต์ (ประเทศไทย)  จำกัด,65000.00,2026-02-06,2026-03-13,35,Created
A,SO20052,11x24817,บริษัท นิปปอนเพนต์ (ประเทศไทย)  จำกัด,65000.00,2026-02-06,2026-02-13,7,Delivered
U,SO20053,11x92729,บริษัท ชิโยดะ โคฮาน เอเชีย จำกัด,41500.00,2026-02-06,2026-02-25,19,Created
R,SO20054,11x2937,บริษัท แอคูชเน็ท ไทเทิลลิสท์ (ประเทศไทย) จำกัด,127500.00,2026-02-06,2026-04-20,73,Created
D,SO20055,11x1080,HMC Polymers Company  Limited,325695.00,2026-02-06,2026-05-25,108,Created
U,SO20056,11x4034,บริษัท มากอตโต จำกัด,51000.00,2026-02-06,2026-02-06,0,Created
R,SO20057,11x2275,บริษัท กรุงเทพ ซินธิติกส์ จำกัด,13800.00,2026-02-06,2026-04-03,56,Created
R,SO20058,11x2553,บริษัท ทีพีซี เพสต์ เรซิน  จำกัด,10250.00,2026-02-06,2026-04-10,63,Created
A,SO20059,11x3021,บริษัท เอสซีจี เซรามิกส์ จำกัด (มหาชน),1200.00,2026-02-06,2026-03-13,35,Created
C,SO20060,11x1235,บริษัท บีเอเอสเอฟ (ไทย) จำกัด,723000.00,2026-02-06,2026-03-25,47,Created
U,SO20061,11x170070,บริษัท สตาร์ ฟูเอลส์ มาร์เก็ตติ้ง จำกัด,64000.00,2026-02-06,2026-10-01,237,Created
U,SO20062,11x42788,บริษัท บางกอกโคลด์สโตริจเซอร์วิส จำกัด,20000.00,2026-02-06,2026-02-27,21,Created
U,SO20063,11x42788,บริษัท บางกอกโคลด์สโตริจเซอร์วิส จำกัด,5650.00,2026-02-06,2026-02-27,21,Created
U,SO20064,11x2212,บริษัท อดิสสิโอ เทรดดิ้ง (ประเทศไทย) จำกัด,44710.00,2026-02-06,2026-03-25,47,Created
R,SO20065,11x2151,บริษัท พีทีที โกลบอล เคมิคอล จำกัด (มหาชน),32800.00,2026-02-06,2026-04-24,77,Created
U,SO20066,11x2805,บริษัท บีเค เอ็นจิเนียริ่ง แอนด์ เซอร์วิส จำกัด,24000.00,2026-02-06,2026-02-06,0,Delivered
U,SO20067,11x76054,บริษัท พีเอพี แก๊ส วัน จำกัด,20000.00,2026-02-06,2026-02-27,21,Created
U,SO20068,11x76054,บริษัท พีเอพี แก๊ส วัน จำกัด,20000.00,2026-02-06,2026-02-27,21,Created
U,SO20069,11x3082,บริษัท ไทยเคนเปเปอร์ จำกัด  (มหาชน),29300.00,2026-02-06,2026-04-25,78,Created
A,SO20070,11x1442,บริษัท โฟมเทค อินเตอร์เนชั่นแนล จำกัด,12500.00,2026-02-06,2026-04-25,78,Created
R,SO20071,11x2553,บริษัท ทีพีซี เพสต์ เรซิน  จำกัด,45192.00,2026-02-06,2026-04-09,62,Created
D,SO20072,11x1065,บริษัท รุ่งเรือง (1990) จำกัด,56000.00,2026-02-06,2026-02-20,14,Created
A,SO20073,11x1051,บริษัท ทีโอเอ เพ้นท์ (ประเทศไทย) จำกัด (มหาชน),51300.00,2026-02-06,2026-04-16,69,Created
A,SO20074,11x78331,บริษัท เคที สตีมเทค จำกัด,9800.00,2026-02-06,2026-04-25,78,Created
D,SO20075,11x2497,บริษัท เอชแอนด์อาร์ เคมฟาร์ม (ประเทศไทย) จำกัด,38800.00,2026-02-06,2026-02-27,21,Created
A,SO20076,11x1398,บริษัท อุตสาหกรรมทำเครื่องแก้วไทย จำกัด (มหาชน),30000.00,2026-02-06,2026-03-13,35,Created
D,SO20077,11x1302,บริษัท ไทยออยล์ จำกัด (มหาชน),380000.00,2026-02-06,2026-04-27,80,Created
R,SO20078,11x2275,บริษัท กรุงเทพ ซินธิติกส์ จำกัด,131190.00,2026-02-06,2026-04-09,62,Created
U,SO20079,11x124486,บริษัท ปตท.สผ.เอนเนอร์ยี่ ดีเวลลอปเมนท์ จำกัด,106000.00,2026-02-06,2026-07-13,157,Created
B,SO20080,11x1853,DOW  CHEMICAL THAILAND LIMITED,148880.00,2026-02-06,2026-04-27,80,Created
R,SO20081,11x1166,บริษัท สยามโพลีสไตรีน จำกัด,73000.00,2026-02-06,2026-04-27,80,Created
U,SO20082,11x1383,บริษัท สตาร์วอลล์ แมชชินเนอรี่ จำกัด,42000.00,2026-02-06,2026-08-25,200,Created
U,SO20083,11x1383,บริษัท สตาร์วอลล์ แมชชินเนอรี่ จำกัด,42000.00,2026-02-06,2026-08-28,203,Created
U,SO20084,11x1383,บริษัท สตาร์วอลล์ แมชชินเนอรี่ จำกัด,42000.00,2026-02-06,2026-08-25,200,Created
U,SO20085,11x1383,บริษัท สตาร์วอลล์ แมชชินเนอรี่ จำกัด,42000.00,2026-02-06,2026-08-25,200,Created
A,SO20086,11x1021,บริษัท โคห์เลอร์ (ประเทศไทย) จำกัด (มหาชน),6100.00,2026-02-06,2026-02-20,14,Created
C,SO20087,11x213187,บริษัท เวล บอนดิ้ง จำกัด,32870.00,2026-02-13,2026-03-25,40,Created
D,SO20088,11x81127,บริษัท ท่อส่งปิโตรเลียมไทย จำกัด,150400.00,2026-02-13,2026-04-17,63,Created
D,SO20089,11x1145,บริษัท พีทีจี เอ็นเนอยี จำกัด (มหาชน),272800.00,2026-02-13,2026-04-13,59,Created
U,SO20090,11x173869,บริษัท บียูพีเอส จำกัด,45900.00,2026-02-13,2026-12-12,302,Created
U,SO20091,,,192000.00,2026-02-13,2026-05-22,98,Created
U,SO20092,11x21636,บริษัท โนวาซิล (ไทยแลนด์) จำกัด,531250.00,2026-02-13,2026-02-27,14,Created
U,SO20093,11x9992,บริษัท เออร์โก้ เฮลธ์แคร์ โพรดัคส์ จำกัด,14000.00,2026-02-13,2026-02-25,12,Created
C,SO20094,11x1476,บริษัท บริดจสโตนไทร์ แมนูแฟคเจอริ่ง (ประเทศไทย) จำกัด,130000.00,2026-02-13,2026-04-30,76,Created
D,SO20095,11x1080,HMC Polymers Company  Limited,10175.00,2026-02-13,2026-05-04,80,Created
D,SO20096,11x1080,HMC Polymers Company  Limited,11960.00,2026-02-13,2026-05-04,80,Created
U,SO20097,11x215160,บริษัท วนชัย พาเนล อินดัสทรี่ส์  จำกัด,21000.00,2026-02-13,2026-03-06,21,Created
A,SO20098,11x24817,บริษัท นิปปอนเพนต์ (ประเทศไทย)  จำกัด,7000.00,2026-02-13,2026-04-25,71,Created
D,SO20099,11x2628,บริษัท เอสเอฟซี เอกเซลเล้นซ์ จำกัด,118000.00,2026-02-13,2026-02-27,14,Created
A,SO20100,11x1051,บริษัท ทีโอเอ เพ้นท์ (ประเทศไทย) จำกัด (มหาชน),102600.00,2026-02-13,2026-04-25,71,Created
U,SO20101,11x250946,บริษัท เอ็ม พอร์ท ซัพพลายแอนด์เซอร์วิส จำกัด,12300.00,2026-02-13,2026-02-25,12,Created
R,SO20102,11x1151,บริษัท ไออาร์พีซี จำกัด (มหาชน),812690.00,2026-02-13,2026-06-12,119,Created
U,SO20103,11x206186,บริษัท โคพีเรียน (ประเทศไทย) จำกัด,74600.00,2026-02-13,2026-03-31,46,Created
A,SO20104,11x2824,บริษัท ไทยโพลีเอสเตอร์ จำกัด,39000.00,2026-02-13,2026-03-20,35,Created
R,SO20105,11x2275,บริษัท กรุงเทพ ซินธิติกส์ จำกัด,67740.00,2026-02-13,2026-04-30,76,Created
R,SO20106,11x2275,บริษัท กรุงเทพ ซินธิติกส์ จำกัด,28560.00,2026-02-13,2026-04-30,76,Created
A,SO20107,11x24817,บริษัท นิปปอนเพนต์ (ประเทศไทย)  จำกัด,36336.00,2026-02-13,2026-02-25,12,Created
B,SO20108,11x2941,บริษัท  โรจนะ อินดัสเตรียล แมเนจเม้นท์ จำกัด,960000.00,2026-02-13,2026-05-22,98,Created
B,SO20109,11x2941,บริษัท  โรจนะ อินดัสเตรียล แมเนจเม้นท์ จำกัด,800000.00,2026-02-13,2026-05-22,98,Created
A,SO20110,11x43723,บริษัท เฌอร่า  จำกัด (มหาชน),8700.00,2026-02-13,2026-02-12,-1,Delivered
U,SO20111,11x1296,ห้างหุ้นส่วนจำกัด วิสรรการช่าง,137000.00,2026-02-13,2026-04-10,56,Created
A,SO20112,11x2097,บริษัท พีพีจี โคทติ้งส์ (ประเทศไทย) จำกัด,102410.00,2026-02-13,2026-03-06,21,Created
C,SO20113,11x2625,บริษัท เมโทร ปาร์ติเกิล จำกัด,2000000.00,2026-02-13,2026-04-23,69,Created
A,SO20114,11x2097,บริษัท พีพีจี โคทติ้งส์ (ประเทศไทย) จำกัด,114500.00,2026-02-13,2026-04-25,71,Created
R,SO20115,11x2937,บริษัท แอคูชเน็ท ไทเทิลลิสท์ (ประเทศไทย) จำกัด,25000.00,2026-02-13,2026-05-18,94,Created
U,SO20116,11x170070,บริษัท สตาร์ ฟูเอลส์ มาร์เก็ตติ้ง จำกัด,22200.00,2026-02-13,2026-04-30,76,Created
U,SO20117,11x85891,บริษัท เคนวา เอ็นจิเนียริ่ง จำกัด,11600.00,2026-02-13,2026-02-25,12,Created
U,SO20118,11x170070,บริษัท สตาร์ ฟูเอลส์ มาร์เก็ตติ้ง จำกัด,96000.00,2026-02-13,2026-03-27,42,Created
U,SO20119,11x170070,บริษัท สตาร์ ฟูเอลส์ มาร์เก็ตติ้ง จำกัด,245000.00,2026-02-13,2026-10-01,230,Created
R,SO20120,11x244380,บริษัท ดานิลี่ จำกัด,1086000.00,2026-02-13,2026-06-30,137,Created
A,SO20121,11x24817,บริษัท นิปปอนเพนต์ (ประเทศไทย)  จำกัด,42500.00,2026-02-13,2026-02-25,12,Created
U,SO20122,11x104621,บริษัท พี.เอส.พี. สเปเชียลตี้ส์ จำกัด (มหาชน),192000.00,2026-02-20,2026-02-25,5,Created
U,SO20123,11x247395,บริษัท ยูเซ็น โลจิสติกส์ (ประเทศไทย)  จำกัด,14500.00,2026-02-20,2026-03-11,19,Created
R,SO20124,11x2937,บริษัท แอคูชเน็ท ไทเทิลลิสท์ (ประเทศไทย) จำกัด,227000.00,2026-02-20,2026-06-30,130,Created
U,SO20125,11x104621,บริษัท พี.เอส.พี. สเปเชียลตี้ส์ จำกัด (มหาชน),47000.00,2026-02-20,2026-03-30,38,Created
U,SO20126,11x1366,บริษัท ไทยโพลิเมอร์ ซัพพลาย จำกัด,19200.00,2026-02-20,2026-03-16,24,Created
D,SO20127,11x2003,บริษัท เอไอ เอนเนอร์จี จำกัด (มหาชน),41000.00,2026-02-20,2026-03-30,38,Created
R,SO20128,11x2275,บริษัท กรุงเทพ ซินธิติกส์ จำกัด,196830.00,2026-02-20,2026-04-10,49,Created
R,SO20129,11x12157,บริษัท เอ็นเอส บลูสโคป (ประเทศไทย) จำกัด,1050000.00,2026-02-20,2026-07-28,158,Created
A,SO20130,11x2439,บริษัท ลิกซิล (ประเทศไทย) จำกัด (มหาชน),44000.00,2026-02-20,2026-04-25,64,Created
A,SO20131,11x2439,บริษัท ลิกซิล (ประเทศไทย) จำกัด (มหาชน),21000.00,2026-02-20,2026-04-25,64,Created
R,SO20132,11x2151,บริษัท พีทีที โกลบอล เคมิคอล จำกัด (มหาชน),14860.00,2026-02-20,2026-05-07,76,Created
R,SO20133,11x2151,บริษัท พีทีที โกลบอล เคมิคอล จำกัด (มหาชน),71400.00,2026-02-20,2026-05-06,75,Created
D,SO20134,11x2729,บริษัท โกลบอลกรีนเคมิคอล จำกัด (มหาชน),56700.00,2026-02-20,2026-05-08,77,Created
U,SO20135,11x2930,บริษัท จุกเสม็ด พอร์ต จำกัด,40000.00,2026-02-20,2026-02-21,1,Delivered
B,SO20136,11x1853,DOW  CHEMICAL THAILAND LIMITED,12500.00,2026-02-20,2026-03-09,17,Created
A,SO20137,11x1051,บริษัท ทีโอเอ เพ้นท์ (ประเทศไทย) จำกัด (มหาชน),50000.00,2026-02-20,2026-02-26,6,Created
A,SO20138,11x1484,บริษัท วอลล์ เทคโนโลยี จำกัด,15300.00,2026-02-20,2026-03-25,33,Created
U,SO20139,11x1815,บริษัท หลักสี่ออกแบบและวิศวกรรม จำกัด,233000.00,2026-02-20,2026-04-25,64,Created
D,SO20140,11x119254,บริษัท บีบีจีไอ ไบโอดีเซล จำกัด,348000.00,2026-02-20,2026-05-29,98,Created
U,SO20141,11x151054,บริษัท มิสซิเบิล เทคโนโลยี จำกัด,400000.00,2026-02-20,2026-03-25,33,Created
U,SO20142,11x155605,บริษัท ฟาสเทน ออยล์ จำกัด,27800.00,2026-02-20,2026-03-06,14,Created
C,SO20143,11x32158,บริษัท เฮงเค็ล (ประเทศไทย) จำกัด,25000.00,2026-02-20,2026-04-10,49,Created
R,SO20144,11x2162,บริษัท อิวอนิก ยูไนเต็ด ซิลิกา (สยาม) จำกัด,9250.00,2026-02-20,2026-04-24,63,Created
R,SO20145,11x2151,บริษัท พีทีที โกลบอล เคมิคอล จำกัด (มหาชน),22320.00,2026-02-20,2026-05-12,81,Created
A,SO20146,11x2182,บริษัท ซีพีเอฟ (ประเทศไทย) จำกัด  (มหาชน),116000.00,2026-02-20,2026-03-25,33,Created
C,SO20147,11x1276,บริษัท ไทยมิตซุยสเปเชียลตี้เคมีคอล จำกัด,16000.00,2026-02-20,2026-02-26,6,Created
A,SO20148,11x2439,บริษัท ลิกซิล (ประเทศไทย) จำกัด (มหาชน),23000.00,2026-02-20,2026-04-25,64,Created
U,SO20149,11x71518,บริษัท เอเชีย แพ็คเกจจิ้ง แมนูแฟคเจอริ่ง จำกัด,32000.00,2026-02-20,2026-04-25,64,Created
A,SO20150,11x1191,บริษัท บี.เค. ลาเท็กซ์โปรดักส์ จำกัด,34800.00,2026-02-20,2026-03-25,33,Created
U,SO20151,11x1270,บริษัท บูรพา เทคโนโลยี่ จำกัด,48500.00,2026-02-20,2026-04-25,64,Created
U,SO20152,11x1270,บริษัท บูรพา เทคโนโลยี่ จำกัด,48500.00,2026-02-20,2026-04-25,64,Created
A,SO20153,11x2796,บริษัท เพ็ท โฟกัส จำกัด,72200.00,2026-02-20,2026-03-06,14,Created
A,SO20154,11x2796,บริษัท เพ็ท โฟกัส จำกัด,78800.00,2026-03-30,2026-04-25,26,Created
U,SO20155,11x2634,บริษัท อัครา รีซอร์สเซส จำกัด (มหาชน),1108000.00,2026-03-30,2026-08-28,151,Created
A,SO20156,11x1021,บริษัท โคห์เลอร์ (ประเทศไทย) จำกัด (มหาชน),16600.00,2026-03-30,2026-02-24,-34,Delivered
A,SO20157,11x43725,บริษัท เฌอร่า จำกัด (มหาชน),27720.00,2026-03-30,2026-03-06,-24,Delivered
U,SO20158,11x200798,บริษัท เอสซีจี เซรามิกส์ จำกัด  (มหาชน),10000.00,2026-03-30,2026-03-06,-24,Delivered
A,SO20159,11x43723,บริษัท เฌอร่า  จำกัด (มหาชน),591600.00,2026-03-30,2026-04-30,31,Created
C,SO20160,11x1476,บริษัท บริดจสโตนไทร์ แมนูแฟคเจอริ่ง (ประเทศไทย) จำกัด,38000.00,2026-03-30,2026-03-26,-4,Created
C,SO20161,11x1476,บริษัท บริดจสโตนไทร์ แมนูแฟคเจอริ่ง (ประเทศไทย) จำกัด,62500.00,2026-03-30,2026-04-25,26,Created
U,SO20162,11x1383,บริษัท สตาร์วอลล์ แมชชินเนอรี่ จำกัด,42000.00,2026-03-30,2026-08-25,148,Delivered
U,SO20163,11x1383,บริษัท สตาร์วอลล์ แมชชินเนอรี่ จำกัด,42000.00,2026-03-30,2026-08-25,148,Created
U,SO20164,11x1383,บริษัท สตาร์วอลล์ แมชชินเนอรี่ จำกัด,42000.00,2026-03-30,2026-08-25,148,Created
U,SO20165,11x2645,บริษัท เดลต้า เอลเม็ก จำกัด,131000.00,2026-03-30,2026-06-01,63,Created
U,SO20166,11x2023,บริษัท ไดอะล็อก ซิสเต็มส์ (ประเทศไทย) จำกัด,25000.00,2026-03-30,2026-02-27,-31,Delivered
D,SO20167,11x119254,บริษัท บีบีจีไอ ไบโอดีเซล จำกัด,334000.00,2026-03-30,2026-05-06,37,Created
D,SO20168,11x2628,บริษัท เอสเอฟซี เอกเซลเล้นซ์ จำกัด,7200.00,2026-03-30,2026-03-13,-17,Delivered
C,SO20169,11x2229,บริษัท กาญจนสิงขร จำกัด,149000.00,2026-03-30,2026-07-24,116,Created
B,SO20170,11x2475,บริษัท สยามอุตสาหกรรมยิปซัม (สระบุรี) จำกัด,130000.00,2026-03-30,2026-05-25,56,Created
R,SO20171,11x2275,บริษัท กรุงเทพ ซินธิติกส์ จำกัด,67740.00,2026-03-30,2026-06-01,63,Created
D,SO20172,11x1065,บริษัท รุ่งเรือง (1990) จำกัด,10000.00,2026-03-30,2026-03-31,1,Delivered
U,SO20173,11x2378,บริษัท สยามคราฟท์อุตสาหกรรม  จำกัด,9500.00,2026-03-30,2026-05-25,56,Created
C,SO20174,11x244975,บริษัท ไซเอ็นส์โค (บางปู) สเปเชียลตี้ เคมีคอลส์ จำกัด,193000.00,2026-03-30,2026-04-20,21,Created
D,SO20175,11x2729,บริษัท โกลบอลกรีนเคมิคอล จำกัด (มหาชน),61500.00,2026-03-30,2026-06-15,77,Created
U,SO20176,11x250662,บริษัท เอสเอ็นยู โซลูชั่น โพรไวด์เดอร์ จำกัด,890000.00,2026-03-30,2026-08-07,130,Created
U,SO20177,11x250662,บริษัท เอสเอ็นยู โซลูชั่น โพรไวด์เดอร์ จำกัด,890000.00,2026-03-30,2026-08-07,130,Created
C,SO20178,11x1234,ห้างหุ้นส่วนจำกัด บี.อาร์.เอส.อินเตอร์เทรด,150000.00,2026-03-30,2026-03-06,-24,Delivered
D,SO20179,11x1065,บริษัท รุ่งเรือง (1990) จำกัด,54000.00,2026-03-30,2026-05-31,62,Created
D,SO20180,11x81127,บริษัท ท่อส่งปิโตรเลียมไทย จำกัด,123000.00,2026-03-30,2026-07-13,105,Created
U,SO20181,11x257781,บริษัท เว็ลธ์ เวิร์คคิง มารีน จำกัด,65000.00,2026-03-30,2026-06-26,88,Created
A,SO20182,11x1045,บริษัท เอสซีจี  เซรามิกส์ จำกัด (มหาชน),11200.00,2026-03-30,2026-04-21,22,Created
C,SO20183,11x1234,ห้างหุ้นส่วนจำกัด บี.อาร์.เอส.อินเตอร์เทรด,12050.00,2026-03-30,2026-03-13,-17,Delivered
R,SO20184,11x2275,บริษัท กรุงเทพ ซินธิติกส์ จำกัด,10320.00,2026-03-30,2026-06-01,63,Created
R,SO20185,11x943,บริษัท ไทยโพลิเอททีลีน จำกัด,6600.00,2026-03-30,2026-03-26,-4,Delivered
D,SO20186,11x1080,HMC Polymers Company  Limited,10800.00,2026-03-30,2026-05-22,53,Created
A,SO20187,11x1484,บริษัท วอลล์ เทคโนโลยี จำกัด,307615.00,2026-03-30,2026-06-25,87,Created
D,SO20188,11x2003,บริษัท เอไอ เอนเนอร์จี จำกัด (มหาชน),27000.00,2026-03-30,2026-03-06,-24,Delivered
U,SO20189,11x198786,บริษัท สยามแก๊ส แอนด์ ปิโตรเคมีคัลส์  จำกัด  (มหาชน),101323.50,2026-03-30,2026-04-24,25,Created
U,SO20190,11x198786,บริษัท สยามแก๊ส แอนด์ ปิโตรเคมีคัลส์  จำกัด  (มหาชน),38781.00,2026-03-30,2026-04-24,25,Created
C,SO20191,11x236593,บริษัท โปรเกรส เทคโนโลยี ยูทิลิตีส์ จำกัด,189000.00,2026-03-30,2026-05-15,46,Created
C,SO20192,11x1476,บริษัท บริดจสโตนไทร์ แมนูแฟคเจอริ่ง (ประเทศไทย) จำกัด,86000.00,2026-03-30,2026-04-25,26,Created
C,SO20193,11x1476,บริษัท บริดจสโตนไทร์ แมนูแฟคเจอริ่ง (ประเทศไทย) จำกัด,107500.00,2026-03-30,2026-04-10,11,Created
U,SO20194,11x975,บริษัท สยามอุตสาหกรรม (1991) จำกัด (สาย 2),18500.00,2026-03-30,2026-03-13,-17,Delivered
A,SO20195,11x3021,บริษัท เอสซีจี เซรามิกส์ จำกัด (มหาชน),9040.00,2026-03-30,2026-03-06,-24,Delivered
A,SO20196,11x1013,บริษัท คาร์กิลล์สยาม จำกัด,48500.00,2026-03-30,2026-03-06,-24,Delivered
C,SO20197,11x257798,บริษัท ไทย ไปป์ไลน์ เน็ตเวิร์ค จำกัด,99000.00,2026-03-30,2026-06-12,74,Created
D,SO20198,11x987,บริษัท ธนากรผลิตภัณฑ์น้ำมันพืช จำกัด,153000.00,2026-03-30,2026-05-01,32,Created
C,SO20199,11x28277,บริษัท เค ไอ เอทานอล จำกัด,217800.00,2026-03-30,2026-06-04,66,Created
R,SO20200,11x2553,บริษัท ทีพีซี เพสต์ เรซิน  จำกัด,55150.00,2026-03-30,2026-05-05,36,Created
D,SO20201,11x2003,บริษัท เอไอ เอนเนอร์จี จำกัด (มหาชน),352000.00,2026-03-30,2026-09-07,161,Created
U,SO20202,11x224430,บริษัท เอสซีจี ซิเมนต์ จำกัด,33000.00,2026-03-30,2026-03-25,-5,Delivered
U,SO20203,11x224430,บริษัท เอสซีจี ซิเมนต์ จำกัด,10000.00,2026-03-30,2026-04-17,18,Created
C,SO20204,11x1470,บริษัท เทย์ก้า (ไทยแลนด์) จำกัด,58950.00,2026-03-30,2026-04-10,11,Delivered
C,SO20205,11x1235,บริษัท บีเอเอสเอฟ (ไทย) จำกัด,283010.00,2026-03-30,2026-12-15,260,Created
U,SO20206,11x39867,บริษัท เอเซีย เอ็นจิเนียริ่งแพค จำกัด,47500.00,2026-03-30,2026-03-10,-20,Delivered
U,SO20207,,,240000.00,2026-03-30,2026-05-22,53,Created
A,SO20208,11x1011,บริษัท บุญเยี่ยมและสหาย จำกัด,260000.00,2026-03-30,2026-05-25,56,Created
U,SO20209,11x2629,บริษัท ทีทีซีแอล จำกัด (มหาชน),16000.00,2026-03-30,2026-03-19,-11,Delivered
U,SO20210,11x2629,บริษัท ทีทีซีแอล จำกัด (มหาชน),25000.00,2026-03-30,2026-03-19,-11,Delivered
U,SO20211,11x2629,บริษัท ทีทีซีแอล จำกัด (มหาชน),30000.00,2026-03-30,2026-03-19,-11,Delivered
U,SO20212,11x2629,บริษัท ทีทีซีแอล จำกัด (มหาชน),60000.00,2026-03-30,2026-03-19,-11,Delivered
D,SO20213,11x2729,บริษัท โกลบอลกรีนเคมิคอล จำกัด (มหาชน),32700.00,2026-03-30,2026-07-09,101,Created
R,SO20214,11x1620,บริษัท นูมาน แอนด์ เอสเชอร์ เซ้าท์ อีสต์ เอเซีย จำกัด,26500.00,2026-03-30,2026-05-28,59,Created
R,SO20215,11x93899,บริษัท ไออาร์พีซี  จำกัด  (มหาชน),91700.00,2026-03-30,2026-06-17,79,Created
A,SO20216,11x2439,บริษัท ลิกซิล (ประเทศไทย) จำกัด (มหาชน),148000.00,2026-03-30,2026-03-20,-10,Delivered
C,SO20217,11x1763,บริษัท คอสมอส บริวเวอรี่ (ประเทศไทย) จำกัด,5400.00,2026-03-30,2026-04-06,7,Created
U,SO20218,11x121579,"PEPSI-COLA (THAI) TRADING CO.,LTD",142500.00,2026-03-30,2026-03-21,-9,Delivered
U,SO20219,11x257821,บริษัท เมคฟลูอิด จำกัด,410000.00,2026-03-30,2026-05-08,39,Created
A,SO20220,11x1697,บริษัท อีเทอนอล ซากาตะ อิ้งซ์  จำกัด,53000.00,2026-03-30,2026-04-10,11,Delivered
U,SO20221,11x247389,บริษัท พราวด์ อินเตอร์ โปรดักส์ จำกัด,5300.00,2026-03-30,2026-05-08,39,Created
D,SO20222,11x2628,บริษัท เอสเอฟซี เอกเซลเล้นซ์ จำกัด,440000.00,2026-03-30,2026-04-24,25,Created
B,SO20223,11x1120,บริษัท อดิตยา เบอร์ล่า เคมีคัลส์ (ประเทศไทย)  จำกัด,31000.00,2026-03-30,2026-04-10,11,Created
C,SO20224,11x930,บริษัท ยูนิลีเวอร์ ไทยโฮลดิ้งส์ จำกัด,64600.00,2026-03-30,2026-04-25,26,Created
B,SO20225,11x38180,บริษัท ปูนซิเมนต์ไทย (ท่าหลวง) จำกัด,1780000.00,2026-03-30,2026-08-31,154,Created
R,SO20226,11x2162,บริษัท อิวอนิก ยูไนเต็ด ซิลิกา (สยาม) จำกัด,44260.00,2026-03-30,2026-04-03,4,Delivered
U,SO20227,11x4034,บริษัท มากอตโต จำกัด,4850.00,2026-03-30,2026-05-25,56,Created
A,SO20228,11x973,บริษัท เพอร์เฟค คอมพาเนียน กรุ๊ป จำกัด,14000.00,2026-03-30,2026-06-12,74,Created
D,SO20229,11x2174,บริษัท เนสท์เล่ (ไทย) จำกัด,47250.00,2026-03-30,2026-06-26,88,Created
R,SO20230,11x2553,บริษัท ทีพีซี เพสต์ เรซิน  จำกัด,19800.00,2026-03-30,2026-05-22,53,Created
C,SO20231,11x2728,บริษัท ไลอ้อน (ประเทศไทย) จำกัด,2200.00,2026-03-30,2026-05-04,35,Created
A,SO20232,11x23083,บริษัท ซีพีเอฟ  (ประเทศไทย) จำกัด  (มหาชน),314000.00,2026-03-30,2026-06-25,87,Created
U,SO20233,11x29299,บริษัท ไทย ฟู้ดส์ อาหารสัตว์ จำกัด,70000.00,2026-03-30,2026-05-25,56,Created
R,SO20234,11x2275,บริษัท กรุงเทพ ซินธิติกส์ จำกัด,79026.00,2026-03-30,2026-07-31,123,Created
R,SO20235,11x2275,บริษัท กรุงเทพ ซินธิติกส์ จำกัด,22240.00,2026-03-30,2026-07-31,123,Created
A,SO20236,11x2796,บริษัท เพ็ท โฟกัส จำกัด,460000.00,2026-03-30,2026-06-25,87,Created
C,SO20237,11x236593,บริษัท โปรเกรส เทคโนโลยี ยูทิลิตีส์ จำกัด,68000.00,2026-03-30,2026-05-25,56,Created
U,SO20238,11x1115,บริษัท ไทคิชา (ประเทศไทย) จำกัด,14500.00,2026-03-30,2026-03-20,-10,Delivered
C,SO20239,11x1240,บริษัท ทีโอเอ เพ้นท์ (ประเทศไทย)  จำกัด (มหาชน),320000.00,2026-03-30,2026-07-31,123,Created
R,SO20240,11x3088,บริษัท เอ็นเอส-สยามยูไนเต็ดสตีล จำกัด,165000.00,2026-03-30,2026-08-30,153,Created
U,SO20241,11x1038,บริษัท วาย.โอ.เยนเนอรัล ซัพพลาย(1983)  จำกัด,800000.00,2026-03-30,2026-07-24,116,Created
B,SO20242,11x2475,บริษัท สยามอุตสาหกรรมยิปซัม (สระบุรี) จำกัด,10000.00,2026-03-30,2026-04-03,4,Created
D,SO20243,11x2729,บริษัท โกลบอลกรีนเคมิคอล จำกัด (มหาชน),6400.00,2026-03-30,2026-06-12,74,Created
D,SO20244,11x1080,HMC Polymers Company  Limited,188600.00,2026-03-30,2026-07-24,116,Created
B,SO20245,11x1978,บริษัท เจนเนอเรเตอร์ซิสเต็ม จำกัด,240000.00,2026-03-30,2026-04-17,18,Created
B,SO20246,11x1766,บริษัท ทรอยสยาม จำกัด,24000.00,2026-03-30,2026-09-30,184,Created
D,SO20247,11x2073,บริษัท บริการเชื้อเพลิงการบินกรุงเทพ จำกัด (มหาชน),10600.00,2026-03-30,2026-04-20,21,Created
A,SO20248,11x2451,บริษัท โรงงานเหล็กกรุงเทพฯ จำกัด,52960.00,2026-03-30,2026-05-25,56,Created
A,SO20249,11x2451,บริษัท โรงงานเหล็กกรุงเทพฯ จำกัด,22780.00,2026-03-30,2026-05-25,56,Created
A,SO20250,11x24817,บริษัท นิปปอนเพนต์ (ประเทศไทย)  จำกัด,115600.00,2026-03-30,2026-04-10,11,Delivered
B,SO20251,11x1397,บริษัท ปูนซิเมนต์ไทย (ท่าหลวง)  จำกัด (โรงงานเขาวง),530000.00,2026-03-30,2026-07-23,115,Created
B,SO20252,11x1766,บริษัท ทรอยสยาม จำกัด,46440.00,2026-03-30,2026-08-31,154,Created
U,SO20253,11x2249,บริษัท โบ ทรี เอ็นจิเนียริ่ง จำกัด,103500.00,2026-03-30,2026-07-20,112,Created
R,SO20254,11x257857,บริษัท ทีพีที ปิโตรเคมิคอลส์  จำกัด  (มหาชน),17000.00,2026-03-30,2026-05-29,60,Created
U,SO20255,11x257859,บริษัท แมคคีย์ฟู้ดเซอร์วิสเซส (ประเทศไทย) จำกัด,181536.00,2026-03-30,2026-07-15,107,Created
U,SO20256,11x2294,บริษัท พี.เอส.อโกร-อินดัสเตรียล เซอร์วิส จำกัด,86680.00,2026-03-30,2026-06-25,87,Created
A,SO20257,11x43723,บริษัท เฌอร่า  จำกัด (มหาชน),25680.00,2026-03-30,2026-05-15,46,Created
D,SO20258,11x1010,บริษัท บางจาก คอร์ปอเรชั่น จำกัด (มหาชน),590000.00,2026-03-30,2026-05-31,62,Created
A,SO20259,11x2796,บริษัท เพ็ท โฟกัส จำกัด,102600.00,2026-03-30,2026-05-25,56,Created
U,SO20260,11x257865,ห้างหุ้นส่วนจำกัด บุญศิริ สตีล,19800.00,2026-03-30,2026-04-25,26,Created
U,SO20261,11x21636,บริษัท โนวาซิล (ไทยแลนด์) จำกัด,6700.00,2026-03-30,2026-04-25,26,Created
U,SO20262,11x21636,บริษัท โนวาซิล (ไทยแลนด์) จำกัด,69000.00,2026-03-30,2026-04-25,26,Created
U,SO20263,11x257869,บริษัท บีเอเอสเอฟ โคทติ้งส์ จํากัด,211000.00,2026-03-30,2026-05-29,60,Created
A,SO20264,11x926,บริษัท เบทาโกร  จำกัด (มหาชน),9900.00,2026-03-30,2026-06-25,87,Created
U,SO20265,11x1270,บริษัท บูรพา เทคโนโลยี่ จำกัด,48500.00,2026-03-30,2026-04-10,11,Created
D,SO20266,11x120944,บริษัท ไทยเมทัลโปรดักส์อินดัสตรีย์ จำกัด,593500.00,2026-03-30,2026-07-01,93,Created
A,SO20267,11x2234,บริษัท  ซีพีเอฟ (ประเทศไทย)  จำกัด (มหาชน),475000.00,2026-03-30,2026-06-25,87,Created
U,SO20268,11x51151,ห้างหุ้นส่วนจำกัด เจเอสเอส ซัพพลาย แอนด์ เซอร์วิส,28000.00,2026-03-30,2026-04-20,21,Created
B,SO20269,11x2543,บริษัท สยาม แท้งค์ เทอร์มินอลส์ จำกัด,15000.00,2026-03-30,2026-04-24,25,Created
U,SO20270,11x255490,บริษัท ราชพัฒนา เอ็นเนอร์ยี จำกัด (มหาชน),52000.00,2026-03-30,2026-04-10,11,Created
R,SO20271,11x2151,บริษัท พีทีที โกลบอล เคมิคอล จำกัด (มหาชน),255500.00,2026-03-30,2026-07-28,120,Created
R,SO20272,11x93922,บริษัท ชิน-เอทซุ นิวแมททีเรียลส์ (ประเทศไทย) จำกัด,59700.00,2026-03-30,2026-05-25,56,Created
R,SO20273,11x2275,บริษัท กรุงเทพ ซินธิติกส์ จำกัด,25600.00,2026-03-30,2026-07-31,123,Created
B,SO20274,11x1766,บริษัท ทรอยสยาม จำกัด,11000.00,2026-03-30,2026-05-29,60,Created
A,SO20275,11x43723,บริษัท เฌอร่า  จำกัด (มหาชน),334000.00,2026-03-30,2026-05-25,56,Created
U,SO20276,11x2634,บริษัท อัครา รีซอร์สเซส จำกัด (มหาชน),253000.00,2026-03-30,2026-09-25,179,Created
U,SO20277,11x257884,บริษัท พีเอพี โซลูชั่น จำกัด,230000.00,2026-03-30,2026-05-22,53,Created
U,SO20278,11x35411,บริษัท เมคเวิร์ธ จำกัด,10700.00,2026-03-30,2026-06-05,67,Created
C,SO20279,11x1470,บริษัท เทย์ก้า (ไทยแลนด์) จำกัด,82000.00,2026-03-30,2026-05-25,56,Created
D,SO20280,11x2457,บริษัท ทรัพย์ทิพย์ จำกัด,41000.00,2026-03-30,2026-04-17,18,Created
C,SO20281,11x1269,บริษัท แอนเซลล์ (ประเทศไทย) จำกัด,177800.00,2026-03-30,2026-04-10,11,Created
U,SO20282,11x2634,บริษัท อัครา รีซอร์สเซส จำกัด (มหาชน),55000.00,2026-03-30,2026-04-03,4,Created
R,SO20283,11x2151,บริษัท พีทีที โกลบอล เคมิคอล จำกัด (มหาชน),142800.00,2026-03-30,2026-06-12,74,Created
C,SO20284,11x236593,บริษัท โปรเกรส เทคโนโลยี ยูทิลิตีส์ จำกัด,83300.00,2026-03-30,2026-05-22,53,Created
U,SO20285,11x45888,มิตซูบิชิ คอร์ปอเรชั่น,200000.00,2026-03-30,2026-05-08,39,Created
C,SO20286,11x930,บริษัท ยูนิลีเวอร์ ไทยโฮลดิ้งส์ จำกัด,110000.00,2026-03-30,2026-04-10,11,Created
C,SO20287,11x1235,บริษัท บีเอเอสเอฟ (ไทย) จำกัด,4500.00,2026-04-21,2026-04-25,4,Delivered
U,SO20288,11x43791,บริษัท ยูนิคแก๊ส แอนด์ ปิโตรเคมิคัลส์ จำกัด (มหาชน),39600.00,2026-04-21,2026-05-22,31,Delivered
C,SO20289,11x1234,ห้างหุ้นส่วนจำกัด บี.อาร์.เอส.อินเตอร์เทรด,510000.00,2026-04-21,2026-07-23,93,Created
R,SO20290,11x2151,บริษัท พีทีที โกลบอล เคมิคอล จำกัด (มหาชน),110090.00,2026-04-21,2026-06-12,52,Created
R,SO20291,11x110483,บริษัท บีเอสที เอเนออส อิลาสโตเมอร์ จำกัด,25960.00,2026-04-21,2026-06-15,55,Delivered
D,SO20292,11x2729,บริษัท โกลบอลกรีนเคมิคอล จำกัด (มหาชน),163440.00,2026-04-21,2026-06-22,62,Created
A,SO20293,11x1442,บริษัท โฟมเทค อินเตอร์เนชั่นแนล จำกัด,39200.00,2026-04-21,2026-04-25,4,Created
C,SO20294,11x1476,บริษัท บริดจสโตนไทร์ แมนูแฟคเจอริ่ง (ประเทศไทย) จำกัด,107500.00,2026-04-21,2026-04-25,4,Delivered
U,SO20295,11x2645,บริษัท เดลต้า เอลเม็ก จำกัด,171000.00,2026-04-21,2026-07-20,90,Created
C,SO20296,11x1240,บริษัท ทีโอเอ เพ้นท์ (ประเทศไทย)  จำกัด (มหาชน),20000.00,2026-04-21,2026-06-26,66,Created
R,SO20297,11x1243,บริษัท แพรกซ์แอร์ (ประเทศไทย) จำกัด,530465.00,2026-04-21,2026-06-15,55,Created
A,SO20298,11x1013,บริษัท คาร์กิลล์สยาม จำกัด,1420000.00,2026-04-21,2026-05-25,34,Created
B,SO20299,11x21340,บริษัท ไทย อาซาฮี คาเซอิ สแปนเด็กซ์ จำกัด,600000.00,2026-04-21,2026-04-10,-11,Created
B,SO20300,11x1978,บริษัท เจนเนอเรเตอร์ซิสเต็ม จำกัด,20000.00,2026-04-21,2026-09-25,157,Created
B,SO20301,11x2941,บริษัท  โรจนะ อินดัสเตรียล แมเนจเม้นท์ จำกัด,830000.00,2026-04-21,2026-07-17,87,Created
A,SO20302,11x24817,บริษัท นิปปอนเพนต์ (ประเทศไทย)  จำกัด,42500.00,2026-04-21,2026-07-25,95,Created
A,SO20303,11x1442,บริษัท โฟมเทค อินเตอร์เนชั่นแนล จำกัด,38000.00,2026-04-21,2026-06-25,65,Created
A,SO20304,11x926,บริษัท เบทาโกร  จำกัด (มหาชน),5980.00,2026-04-21,2026-04-25,4,Created
A,SO20305,11x1051,บริษัท ทีโอเอ เพ้นท์ (ประเทศไทย) จำกัด (มหาชน),290000.00,2026-04-21,2026-06-26,66,Created
C,SO20306,11x1235,บริษัท บีเอเอสเอฟ (ไทย) จำกัด,119100.00,2026-04-21,2026-07-17,87,Created
A,SO20307,11x1051,บริษัท ทีโอเอ เพ้นท์ (ประเทศไทย) จำกัด (มหาชน),400000.00,2026-04-21,2026-08-07,108,Created
A,SO20308,11x1442,บริษัท โฟมเทค อินเตอร์เนชั่นแนล จำกัด,392000.00,2026-04-21,2026-07-25,95,Created
A,SO20309,11x1442,บริษัท โฟมเทค อินเตอร์เนชั่นแนล จำกัด,198000.00,2026-04-21,2026-06-25,65,Created
U,SO20310,11x170070,บริษัท สตาร์ ฟูเอลส์ มาร์เก็ตติ้ง จำกัด,5400.00,2026-04-21,2026-05-30,39,Created
D,SO20311,11x1073,บริษัท โดล ไทยแลนด์ จำกัด,10000.00,2026-04-21,2026-04-17,-4,Created
D,SO20312,11x2003,บริษัท เอไอ เอนเนอร์จี จำกัด (มหาชน),19500.00,2026-04-21,2026-05-23,32,Created
A,SO20313,11x2796,บริษัท เพ็ท โฟกัส จำกัด,186200.00,2026-04-21,2026-04-10,-11,Delivered
C,SO20314,11x930,บริษัท ยูนิลีเวอร์ ไทยโฮลดิ้งส์ จำกัด,114500.00,2026-04-21,2026-05-15,24,Created
D,SO20315,11x2003,บริษัท เอไอ เอนเนอร์จี จำกัด (มหาชน),350000.00,2026-04-21,2026-07-10,80,Created
R,SO20316,11x12157,บริษัท เอ็นเอส บลูสโคป (ประเทศไทย) จำกัด,42200.00,2026-04-21,2026-05-28,37,Created
U,SO20317,11x2634,บริษัท อัครา รีซอร์สเซส จำกัด (มหาชน),232300.00,2026-04-21,2026-06-06,46,Created
U,SO20318,11x256580,บริษัท ฟาสเทค มอเตอร์ เซอร์วิส จำกัด,53600.00,2026-04-21,2026-05-15,24,Created
C,SO20319,11x1165,บริษัท กู๊ดเยียร์ (ประเทศไทย) จำกัด (มหาชน),19200.00,2026-04-21,2026-05-03,12,Created
D,SO20320,11x987,บริษัท ธนากรผลิตภัณฑ์น้ำมันพืช จำกัด,81000.00,2026-04-21,2026-05-29,38,Created
D,SO20321,11x2729,บริษัท โกลบอลกรีนเคมิคอล จำกัด (มหาชน),639375.00,2026-04-21,2026-09-18,150,Created
U,SO20322,11x228034,บริษัท ยู.เอ.อี. เพาเวอร์ จำกัด,428000.00,2026-04-21,2026-08-07,108,Created
R,SO20323,11x2553,บริษัท ทีพีซี เพสต์ เรซิน  จำกัด,43500.00,2026-04-21,2026-06-16,56,Created
C,SO20324,11x1470,บริษัท เทย์ก้า (ไทยแลนด์) จำกัด,160900.00,2026-04-21,2026-05-25,34,Created
C,SO20325,11x1470,บริษัท เทย์ก้า (ไทยแลนด์) จำกัด,153700.00,2026-04-21,2026-05-25,34,Created
A,SO20326,11x1051,บริษัท ทีโอเอ เพ้นท์ (ประเทศไทย) จำกัด (มหาชน),51300.00,2026-04-21,2026-07-30,100,Created
A,SO20327,11x926,บริษัท เบทาโกร  จำกัด (มหาชน),106200.00,2026-04-21,2026-04-25,4,Delivered
U,SO20328,11x260316,ห้างหุ้นส่วนจำกัดคม เอ็นจิเนียริ่ง,42000.00,2026-04-21,2026-04-09,-12,Delivered
A,SO20329,11x1697,บริษัท อีเทอนอล ซากาตะ อิ้งซ์  จำกัด,26300.00,2026-04-21,2026-04-25,4,Delivered
U,SO20330,11x20888,บริษัท รีฟริเทค  จำกัด,81000.00,2026-04-21,2026-06-16,56,Created
R,SO20331,11x2025,บริษัท ซูมิโตโม รับเบอร์ (ไทยแลนด์) จำกัด,129800.00,2026-04-21,2026-06-26,66,Created
C,SO20332,11x2767,บริษัท อุตสาหกรรมมิตรมงคล จำกัด,5250.00,2026-04-21,2026-05-08,17,Created
U,SO20333,11x1441,บริษัท สยามซอร์บิทอล จำกัด,49800.00,2026-04-21,2026-05-08,17,Created
U,SO20334,11x260005,บริษัท เทคโน คูล (ประเทศไทย) จำกัด,5900.00,2026-04-21,2026-04-10,-11,Delivered
U,SO20335,11x102168,บริษัท ซันโคคิโค (ประเทศไทย) จำกัด,137240.00,2026-04-21,2026-04-08,-13,Created
C,SO20336,11x1235,บริษัท บีเอเอสเอฟ (ไทย) จำกัด,26000.00,2026-04-21,2026-05-25,34,Created
U,SO20337,11x182530,บริษัท ไทย เบเวอร์เรจ แคน จำกัด,25000.00,2026-04-21,2026-05-15,24,Created
A,SO20338,11x3092,บริษัท เอเชีย แคน แมนูแฟคเจอริ่ง จำกัด,100050.00,2026-04-21,2026-06-25,65,Created
U,SO20339,11x2629,บริษัท ทีทีซีแอล จำกัด (มหาชน),33000.00,2026-04-21,2026-05-08,17,Created
U,SO20340,11x2629,บริษัท ทีทีซีแอล จำกัด (มหาชน),34000.00,2026-04-21,2026-05-08,17,Created
U,SO20341,11x2629,บริษัท ทีทีซีแอล จำกัด (มหาชน),53000.00,2026-04-21,2026-05-08,17,Created
D,SO20342,11x119254,บริษัท บีบีจีไอ ไบโอดีเซล จำกัด,1094000.00,2026-04-21,2026-05-20,29,Created
U,SO20343,11x2629,บริษัท ทีทีซีแอล จำกัด (มหาชน),13000.00,2026-04-21,2026-04-24,3,Created
D,SO20344,11x252355,บริษัท สยามพรีเสิร์ฟฟู้ดส์ จำกัด,13500.00,2026-04-21,2026-06-05,45,Created
U,SO20345,11x2378,บริษัท สยามคราฟท์อุตสาหกรรม  จำกัด,180000.00,2026-04-21,2026-05-21,30,Created
C,SO20346,11x1455,บริษัท เบียร์ทิพย์ บริวเวอรี่ (1991) จำกัด,89385.50,2026-04-21,2026-04-25,4,Created
D,SO20347,11x1145,บริษัท พีทีจี เอ็นเนอยี จำกัด (มหาชน),120000.00,2026-04-21,2026-05-25,34,Created
D,SO20348,11x1065,บริษัท รุ่งเรือง (1990) จำกัด,12500.00,2026-04-21,2026-04-24,3,Created
B,SO20349,11x2466,บริษัท เจียไต๋ จำกัด,340000.00,2026-04-21,2026-08-25,126,Created
C,SO20350,11x1235,บริษัท บีเอเอสเอฟ (ไทย) จำกัด,2180.00,2026-04-21,2026-05-08,17,Created
U,SO20351,11x46464,บริษัท โตโยอิ๊งค์ ( ประเทศไทย )  จำกัด,6500.00,2026-04-21,2026-05-08,17,Created
A,SO20352,11x1052,บริษัท โตโยอิ๊งค์ (ประเทศไทย) จำกัด,38900.00,2026-04-21,2026-05-08,17,Delivered
U,SO20353,11x256580,บริษัท ฟาสเทค มอเตอร์ เซอร์วิส จำกัด,59375.00,2026-04-21,2026-05-25,34,Created
U,SO20354,11x170070,บริษัท สตาร์ ฟูเอลส์ มาร์เก็ตติ้ง จำกัด,65000.00,2026-04-21,2026-04-30,9,Delivered
D,SO20355,11x1065,บริษัท รุ่งเรือง (1990) จำกัด,57850.00,2026-04-21,2026-05-31,40,Created
A,SO20356,11x43723,บริษัท เฌอร่า  จำกัด (มหาชน),8670.00,2026-04-21,2026-04-20,-1,Delivered
A,SO20357,11x1697,บริษัท อีเทอนอล ซากาตะ อิ้งซ์  จำกัด,42000.00,2026-04-21,2026-05-15,24,Created
C,SO20358,11x1869,บริษัท วนชัย กรุ๊ป จำกัด (มหาชน),7800.00,2026-04-21,2026-06-15,55,Created
A,SO20359,11x1052,บริษัท โตโยอิ๊งค์ (ประเทศไทย) จำกัด,38900.00,2026-04-21,2026-05-08,17,Created
D,SO20360,11x3014,บริษัท ปตท. น้ำมันและการค้าปลีก จำกัด (มหาชน),28000.00,2026-04-21,2026-04-30,9,Created
D,SO20361,11x987,บริษัท ธนากรผลิตภัณฑ์น้ำมันพืช จำกัด,1413000.00,2026-04-21,2026-08-23,124,Created
U,SO20362,11x206186,บริษัท โคพีเรียน (ประเทศไทย) จำกัด,5000.00,2026-04-21,2026-05-08,17,Created
B,SO20363,11x1491,บริษัท ไพโอเนียร์ อีลาสติค (ประเทศไทย) จำกัด,45600.00,2026-04-27,2026-04-30,3,Delivered
D,SO20364,11x2729,บริษัท โกลบอลกรีนเคมิคอล จำกัด (มหาชน),833455.00,2026-04-27,2026-08-03,98,Created
U,SO20365,11x48247,บริษัท ดีแอนด์เอ เจเนอรัล ซัพพลาย จำกัด,34060.00,2026-04-27,2026-06-03,37,Created
U,SO20366,11x48247,บริษัท ดีแอนด์เอ เจเนอรัล ซัพพลาย จำกัด,40000.00,2026-04-27,2026-06-03,37,Created
U,SO20367,11x48247,บริษัท ดีแอนด์เอ เจเนอรัล ซัพพลาย จำกัด,72630.00,2026-04-27,2026-06-03,37,Created
A,SO20368,11x926,บริษัท เบทาโกร  จำกัด (มหาชน),147800.00,2026-04-27,2026-07-25,89,Created
U,SO20369,11x40242,บริษัท บีอาร์เอส พาร์ท เซอร์วิส จำกัด,91000.00,2026-04-27,2026-07-15,79,Created
A,SO20370,11x24817,บริษัท นิปปอนเพนต์ (ประเทศไทย)  จำกัด,29500.00,2026-04-27,2026-05-25,28,Delivered
U,SO20371,11x1473,บริษัท นิวสตาร์ อินเตอร์เนชั่นแนล จำกัด,25000.00,2026-04-27,2026-05-08,11,Created
B,SO20372,11x1120,บริษัท อดิตยา เบอร์ล่า เคมีคัลส์ (ประเทศไทย)  จำกัด,5000.00,2026-04-27,2026-06-08,42,Created
U,SO20373,11x116390,บริษัท อินโนเวล โฟล์ จำกัด,14760.00,2026-04-27,2026-08-25,120,Created
C,SO20374,11x1235,บริษัท บีเอเอสเอฟ (ไทย) จำกัด,192500.00,2026-04-27,2026-07-10,74,Created
U,SO20375,11x182530,บริษัท ไทย เบเวอร์เรจ แคน จำกัด,540000.00,2026-04-27,2026-06-05,39,Created
A,SO20376,11x1045,บริษัท เอสซีจี  เซรามิกส์ จำกัด (มหาชน),20500.00,2026-04-27,2026-06-25,59,Created
A,SO20377,11x3021,บริษัท เอสซีจี เซรามิกส์ จำกัด (มหาชน),24000.00,2026-04-27,2026-05-08,11,Created
A,SO20378,11x3021,บริษัท เอสซีจี เซรามิกส์ จำกัด (มหาชน),24000.00,2026-04-27,2026-05-25,28,Created
A,SO20379,11x3021,บริษัท เอสซีจี เซรามิกส์ จำกัด (มหาชน),24000.00,2026-04-27,2026-05-25,28,Created
D,SO20380,11x1145,บริษัท พีทีจี เอ็นเนอยี จำกัด (มหาชน),124000.00,2026-04-27,2026-06-24,58,Created
U,SO20381,11x1469,บริษัท แท็คโก้ เจนเนอเรชั่น จำกัด,1170000.00,2026-04-27,2026-06-05,39,Created
R,SO20382,11x260778,บริษัท เทคนิคคอล ไทย เซอร์วิส จำกัด,70000.00,2026-04-27,2026-05-25,28,Created
R,SO20383,11x93899,บริษัท ไออาร์พีซี  จำกัด  (มหาชน),73000.00,2026-04-27,2026-07-20,84,Created
A,SO20384,11x2796,บริษัท เพ็ท โฟกัส จำกัด,208800.00,2026-04-27,2026-07-25,89,Created
A,SO20385,11x2182,บริษัท ซีพีเอฟ (ประเทศไทย) จำกัด  (มหาชน),79700.00,2026-04-27,2026-07-25,89,Created
R,SO20386,11x2151,บริษัท พีทีที โกลบอล เคมิคอล จำกัด (มหาชน),332195.00,2026-04-27,2026-07-15,79,Created
U,SO20387,11x4034,บริษัท มากอตโต จำกัด,28200.00,2026-04-27,2026-06-25,59,Created
U,SO20388,11x4281,Linden Bucks Sdn Bhd,36661.87,2026-05-05,2026-09-27,145,Created
U,SO20389,11x136336,SES INTERNATIONAL BV,166830.00,2026-05-05,2026-06-02,28,Created
U,SO20390,11x2422,บริษัท เอส พาเนล จำกัด,18375.00,2026-05-29,2026-05-06,-23,Delivered
U,SO20391,11x21636,บริษัท โนวาซิล (ไทยแลนด์) จำกัด,89000.00,2026-05-29,2026-05-19,-10,Delivered
A,SO20392,11x2561,บริษัท เทยิน คอร์ปอเรชั่น (ประเทศไทย) จำกัด,7000.00,2026-05-29,2026-05-25,-4,Delivered
D,SO20393,11x1073,บริษัท โดล ไทยแลนด์ จำกัด,11600.00,2026-05-29,2026-05-15,-14,Delivered
D,SO20394,11x2072,บริษัท แม่สอดพลังงานสะอาด จำกัด,54320.00,2026-05-29,2026-07-10,42,Created
B,SO20395,11x38180,บริษัท ปูนซิเมนต์ไทย (ท่าหลวง) จำกัด,69000.00,2026-05-29,2026-06-17,19,Delivered
U,SO20396,11x170070,บริษัท สตาร์ ฟูเอลส์ มาร์เก็ตติ้ง จำกัด,260000.00,2026-05-29,2026-10-01,125,Created
A,SO20397,11x1051,บริษัท ทีโอเอ เพ้นท์ (ประเทศไทย) จำกัด (มหาชน),425000.00,2026-05-29,2026-09-20,114,Created
U,SO20398,11x264280,SHERA BUILDING SOLUTION (PHILIPPINES) CORP.,238800.00,2026-05-29,2026-05-25,-4,Delivered
U,SO20399,11x1383,บริษัท สตาร์วอลล์ แมชชินเนอรี่ จำกัด,42000.00,2026-05-29,2026-05-25,-4,Delivered
A,SO20400,11x176175,บริษัท ดูราโฟม จำกัด,6800.00,2026-05-29,2026-05-25,-4,Delivered
U,SO20401,11x264284,บริษัท สีไทยกันไซเพ้นท์  จำกัด,27000.00,2026-05-29,2026-05-25,-4,Created
U,SO20402,11x264286,บริษัท ยู-เซอร์วิสเซส (ปราจีนบุรี) จำกัด,115500.00,2026-05-29,2026-07-03,35,Created
B,SO20403,11x2904,บริษัท สวนอุตสาหกรรมโรจนะ จำกัด (มหาชน),640000.00,2026-05-29,2026-08-14,77,Created
R,SO20404,11x2275,บริษัท กรุงเทพ ซินธิติกส์ จำกัด,122300.00,2026-05-29,2026-05-29,0,Delivered
R,SO20405,11x1151,บริษัท ไออาร์พีซี จำกัด (มหาชน),534000.00,2026-05-29,2026-07-20,52,Created
D,SO20406,11x2729,บริษัท โกลบอลกรีนเคมิคอล จำกัด (มหาชน),185000.00,2026-05-29,2026-09-07,101,Created
A,SO20407,11x43723,บริษัท เฌอร่า  จำกัด (มหาชน),60000.00,2026-05-29,2026-07-24,56,Created
U,SO20408,11x2629,บริษัท ทีทีซีแอล จำกัด (มหาชน),46000.00,2026-05-29,2026-05-15,-14,Delivered
A,SO20409,11x1111,บริษัท ไทยเรยอน จำกัด (มหาชน),33600.00,2026-05-29,2026-06-29,31,Created
U,SO20410,11x264295,บริษัท ซัน เอ็นจิเนียริ่ง แอนด์ ไฟร์ เซอร์วิส จำกัด,560500.00,2026-05-29,2026-10-11,135,Created
U,SO20411,11x49029,บริษัท จีซีพี แอพพลายด์ เทคโนโลยีส์ โฮลดิ้งส์,113000.00,2026-05-29,2026-06-19,21,Delivered
D,SO20412,11x1065,บริษัท รุ่งเรือง (1990) จำกัด,266800.00,2026-05-29,2026-09-30,124,Created
U,SO20413,11x264299,บริษัท ไทยออยล์ จำกัด  (มหาชน),173000.00,2026-05-29,2026-08-19,82,Created
A,SO20414,11x1229,พี.เจนเนอรัล ซัพพลาย,23520.00,2026-05-29,2026-05-25,-4,Delivered
A,SO20415,11x1013,บริษัท คาร์กิลล์สยาม จำกัด,48500.00,2026-05-29,2026-05-22,-7,Delivered
R,SO20416,11x2275,บริษัท กรุงเทพ ซินธิติกส์ จำกัด,85960.00,2026-05-29,2026-07-17,49,Created
R,SO20417,11x2275,บริษัท กรุงเทพ ซินธิติกส์ จำกัด,80160.00,2026-05-29,2026-07-17,49,Created
R,SO20418,11x2275,บริษัท กรุงเทพ ซินธิติกส์ จำกัด,197680.00,2026-05-29,2026-07-17,49,Created
A,SO20419,11x1045,บริษัท เอสซีจี  เซรามิกส์ จำกัด (มหาชน),22000.00,2026-05-29,2026-07-07,39,Created
A,SO20420,11x1013,บริษัท คาร์กิลล์สยาม จำกัด,48500.00,2026-05-29,2026-05-22,-7,Delivered
B,SO20421,11x2390,บริษัท กลุ่มสยามบรรจุภัณฑ์ จำกัด,46890.00,2026-05-29,2026-07-10,42,Created
D,SO20422,11x2729,บริษัท โกลบอลกรีนเคมิคอล จำกัด (มหาชน),1750.00,2026-05-29,2026-09-15,109,Created
U,SO20423,11x1383,บริษัท สตาร์วอลล์ แมชชินเนอรี่ จำกัด,42000.00,2026-05-29,2026-10-25,149,Delivered
U,SO20424,11x1383,บริษัท สตาร์วอลล์ แมชชินเนอรี่ จำกัด,42000.00,2026-05-29,2026-11-25,180,Delivered
U,SO20425,11x1383,บริษัท สตาร์วอลล์ แมชชินเนอรี่ จำกัด,42000.00,2026-05-29,2026-11-25,180,Created
U,SO20426,11x1383,บริษัท สตาร์วอลล์ แมชชินเนอรี่ จำกัด,42000.00,2026-05-29,2026-12-25,210,Created
C,SO20427,11x2767,บริษัท อุตสาหกรรมมิตรมงคล จำกัด,12000.00,2026-05-29,2026-05-25,-4,Created
U,SO20428,11x260005,บริษัท เทคโน คูล (ประเทศไทย) จำกัด,4850.00,2026-05-29,2026-05-25,-4,Delivered
A,SO20429,11x43723,บริษัท เฌอร่า  จำกัด (มหาชน),17340.00,2026-05-29,2026-06-25,27,Created
C,SO20430,11x263234,บริษัท เค ไอ ไบโอก๊าซ จำกัด,180000.00,2026-05-29,2026-06-05,7,Created
U,SO20431,11x2856,ห้างหุ้นส่วนจำกัด เยอ เอ็นจิเนียริ่ง,29500.00,2026-05-29,2026-05-20,-9,Delivered
A,SO20432,11x1229,พี.เจนเนอรัล ซัพพลาย,36200.00,2026-05-29,2026-05-23,-6,Delivered
D,SO20433,11x1080,HMC Polymers Company  Limited,3600.00,2026-05-29,2026-07-26,58,Created
U,SO20434,11x21636,บริษัท โนวาซิล (ไทยแลนด์) จำกัด,48000.00,2026-05-29,2026-06-15,17,Created
R,SO20435,11x2275,บริษัท กรุงเทพ ซินธิติกส์ จำกัด,123000.00,2026-05-29,2026-07-24,56,Created
R,SO20436,11x3088,บริษัท เอ็นเอส-สยามยูไนเต็ดสตีล จำกัด,47000.00,2026-05-29,2026-06-20,22,Created
C,SO20437,11x1235,บริษัท บีเอเอสเอฟ (ไทย) จำกัด,8500.00,2026-05-29,2026-06-19,21,Created
U,SO20438,11x1861,บริษัท อินเตอร์โฟลว์  จำกัด,285000.00,2026-05-29,2026-07-03,35,Created
A,SO20439,11x1697,บริษัท อีเทอนอล ซากาตะ อิ้งซ์  จำกัด,23980.00,2026-05-29,2026-06-25,27,Delivered
A,SO20440,11x206902,บริษัท คิงสแปน อินซูเลท พาแนลส์ (ประเทศไทย) จำกัด,29320.00,2026-05-29,2026-06-25,27,Created
U,SO20441,11x124447,บริษัท พีพีพี กรีน คอมเพล็กซ์ จำกัด (มหาชน),42000.00,2026-05-29,2026-08-14,77,Created
C,SO20442,11x1272,บริษัท คาโออินดัสเตรียล (ประเทศไทย)  จำกัด,189150.00,2026-05-29,2026-07-03,35,Created
A,SO20443,11x973,บริษัท เพอร์เฟค คอมพาเนียน กรุ๊ป จำกัด,166600.00,2026-05-29,2026-08-25,88,Created
A,SO20444,11x32374,บริษัท ซิกเวอร์ค (ประเทศไทย) จำกัด,52215.00,2026-05-29,2026-08-25,88,Created
A,SO20445,11x1398,บริษัท อุตสาหกรรมทำเครื่องแก้วไทย จำกัด (มหาชน),10300.00,2026-05-29,2026-09-25,119,Created
A,SO20446,11x1398,บริษัท อุตสาหกรรมทำเครื่องแก้วไทย จำกัด (มหาชน),7650.00,2026-05-29,2026-09-25,119,Created
A,SO20447,11x2587,บริษัท ซีพีเอฟ  (ประเทศไทย)  จำกัด (มหาชน),86000.00,2026-05-29,2026-07-25,57,Created
C,SO20448,11x1763,บริษัท คอสมอส บริวเวอรี่ (ประเทศไทย) จำกัด,10300.00,2026-05-29,2026-07-25,57,Created
D,SO20449,11x3014,บริษัท ปตท. น้ำมันและการค้าปลีก จำกัด (มหาชน),47800.00,2026-05-29,2026-06-19,21,Created
A,SO20450,11x2409,บริษัท เมเยอร์เรซิ่น จำกัด,61500.00,2026-05-29,2026-07-10,42,Created
U,SO20451,11x234527,บริษัท ฟีนิกซ์ คอร์ปเอเซีย จำกัด,240000.00,2026-05-29,2026-07-28,60,Created
C,SO20452,11x1789,บริษัท ยูนิลีเวอร์ ไทยเทรดดิ้ง จำกัด,165000.00,2026-05-29,2026-07-25,57,Created
D,SO20453,11x987,บริษัท ธนากรผลิตภัณฑ์น้ำมันพืช จำกัด,125000.00,2026-05-29,2026-05-26,-3,Delivered
U,SO20454,11x256580,บริษัท ฟาสเทค มอเตอร์ เซอร์วิส จำกัด,700.00,2026-05-29,2026-05-26,-3,Delivered
U,SO20455,11x2422,บริษัท เอส พาเนล จำกัด,18375.00,2026-05-29,2026-06-12,14,Created
U,SO20456,11x4034,บริษัท มากอตโต จำกัด,28020.00,2026-05-29,2026-06-25,27,Created
A,SO20457,11x973,บริษัท เพอร์เฟค คอมพาเนียน กรุ๊ป จำกัด,36300.00,2026-05-29,2026-07-25,57,Created
A,SO20458,11x1013,บริษัท คาร์กิลล์สยาม จำกัด,46410.00,2026-05-29,2026-08-25,88,Created
U,SO20459,11x4034,บริษัท มากอตโต จำกัด,51000.00,2026-05-29,2026-06-25,27,Created
U,SO20460,11x264347,บริษัท โชคสุวรรณ เอ็นจิเนียริ่ง จำกัด,2900.00,2026-05-29,2026-07-10,42,Created
A,SO20461,11x926,บริษัท เบทาโกร  จำกัด (มหาชน),218400.00,2026-05-29,2026-07-25,57,Created
A,SO20462,11x1052,บริษัท โตโยอิ๊งค์ (ประเทศไทย) จำกัด,31500.00,2026-05-29,2026-06-12,14,Created
B,SO20463,11x193210,บริษัท โตโยต้า มอเตอร์ เอเชีย (ประเทศไทย) จำกัด,206000.00,2026-05-29,2026-09-18,112,Created
C,SO20464,11x930,บริษัท ยูนิลีเวอร์ ไทยโฮลดิ้งส์ จำกัด,105000.00,2026-05-29,2026-08-19,82,Created
A,SO20465,11x2384,บริษัท  ซีพีเอฟ  (ประเทศไทย) จำกัด (มหาชน),172000.00,2026-05-29,2026-07-25,57,Created
A,SO20466,11x926,บริษัท เบทาโกร  จำกัด (มหาชน),26000.00,2026-05-29,2026-08-25,88,Created
A,SO20467,11x2185,บริษัท ซีพีเอฟ  ( ประเทศไทย) จำกัด (มหาชน),86000.00,2026-05-29,2026-08-25,88,Created
B,SO20468,11x128482,บริษัท โตโยต้า ทูโช เอ็ม แอนด์ อี (ประเทศไทย) จำกัด,153000.00,2026-05-29,2026-08-18,81,Created
U,SO20469,11x264357,บริษัท อาร์เคม (ประเทศไทย) จำกีด,93100.00,2026-05-29,2026-06-05,7,Created
A,SO20470,11x2186,บริษัท ซีพีเอฟ (ประเทศไทย)  จำกัด (มหาชน),475000.00,2026-05-29,2026-08-25,88,Created
U,SO20471,11x2674,บริษัท ซิสทาโน่ จำกัด,11000.00,2026-05-29,2026-07-15,47,Created
U,SO20472,11x1473,บริษัท นิวสตาร์ อินเตอร์เนชั่นแนล จำกัด,49000.00,2026-05-29,2026-06-24,26,Created
U,SO20473,11x1473,บริษัท นิวสตาร์ อินเตอร์เนชั่นแนล จำกัด,25000.00,2026-05-29,2026-06-24,26,Created
D,SO20474,11x1080,HMC Polymers Company  Limited,155100.00,2026-05-29,2026-08-21,84,Created
U,SO20475,11x107615,บริษัท ศรีศรัณย์ เอ็นจิเนียริ่ง จำกัด,52000.00,2026-05-29,2026-06-08,10,Created
U,SO20476,11x53966,บริษัท เลอ ครูเซ แมนูแฟคเจอริ่ง (ประเทศไทย) จำกัด,270000.00,2026-05-29,2026-07-24,56,Created
U,SO20477,11x1139,บริษัท โพลีเทคโนโลยี จำกัด,5400000.00,2026-05-29,2027-03-30,305,Created
U,SO20478,11x2536,พีทีทีอีพี เอสพี ลิมิเต็ด,12440.00,2026-05-29,2026-10-16,140,Created
U,SO20479,11x99482,บริษัท สีไดโน   จำกัด,15520.00,2026-05-29,2026-06-12,14,Created
A,SO20480,11x2234,บริษัท  ซีพีเอฟ (ประเทศไทย)  จำกัด (มหาชน),100000.00,2026-05-29,2026-06-25,27,Created
U,SO20481,11x40242,บริษัท บีอาร์เอส พาร์ท เซอร์วิส จำกัด,41750.00,2026-05-29,2026-08-25,88,Created
A,SO20482,11x3021,บริษัท เอสซีจี เซรามิกส์ จำกัด (มหาชน),24000.00,2026-05-29,2026-06-11,13,Created
A,SO20483,11x3021,บริษัท เอสซีจี เซรามิกส์ จำกัด (มหาชน),24000.00,2026-05-29,2026-06-12,14,Created
R,SO20484,11x2275,บริษัท กรุงเทพ ซินธิติกส์ จำกัด,83200.00,2026-06-05,2026-08-07,63,Created
R,SO20485,11x2553,บริษัท ทีพีซี เพสต์ เรซิน  จำกัด,36000.00,2026-06-05,2026-08-06,62,Created
B,SO20486,11x2466,บริษัท เจียไต๋ จำกัด,160000.00,2026-06-05,2026-08-04,60,Created
A,SO20487,11x1697,บริษัท อีเทอนอล ซากาตะ อิ้งซ์  จำกัด,52500.00,2026-06-05,2026-06-16,11,Created
A,SO20488,11x1229,พี.เจนเนอรัล ซัพพลาย,117800.00,2026-06-05,2026-06-12,7,Created
A,SO20489,11x2187,บริษัท ซีพีเอฟ (ประเทศไทย)  จำกัด(มหาชน),440000.00,2026-06-05,2026-09-25,112,Created
C,SO20490,11x148781,บริษัท ไอกะ ไทยเคมีภัณฑ์ จำกัด,185000.00,2026-06-05,2026-08-30,86,Created
U,SO20491,11x1475,บริษัท โฟคัส แมคคานิค จำกัด,46000.00,2026-06-05,2026-06-02,-3,Delivered
U,SO20492,11x1441,บริษัท สยามซอร์บิทอล จำกัด,441000.00,2026-06-05,2026-09-10,97,Created
U,SO20493,11x256580,บริษัท ฟาสเทค มอเตอร์ เซอร์วิส จำกัด,12985.00,2026-06-05,2026-08-25,81,Created
A,SO20494,11x3021,บริษัท เอสซีจี เซรามิกส์ จำกัด (มหาชน),8300.00,2026-06-05,2026-08-25,81,Created
U,SO20495,11x1270,บริษัท บูรพา เทคโนโลยี่ จำกัด,48500.00,2026-06-05,2026-08-25,81,Created
U,SO20496,11x2422,บริษัท เอส พาเนล จำกัด,18375.00,2026-06-15,2026-06-12,-3,Delivered
A,SO20497,11x1051,บริษัท ทีโอเอ เพ้นท์ (ประเทศไทย) จำกัด (มหาชน),45500.00,2026-06-15,2026-06-11,-4,Delivered
U,SO20498,11x266089,บริษัท ไทยเทคนิเชี่ยน โรลเลอร์ จำกัด,3500.00,2026-06-15,2026-06-25,10,Delivered
A,SO20499,11x1051,บริษัท ทีโอเอ เพ้นท์ (ประเทศไทย) จำกัด (มหาชน),110000.00,2026-06-15,2026-08-12,58,Created
U,SO20500,11x2629,บริษัท ทีทีซีแอล จำกัด (มหาชน),70000.00,2026-06-15,2026-06-26,11,Created
A,SO20501,11x926,บริษัท เบทาโกร  จำกัด (มหาชน),145600.00,2026-06-15,2026-09-25,102,Created
U,SO20502,11x2212,บริษัท อดิสสิโอ เทรดดิ้ง (ประเทศไทย) จำกัด,89420.00,2026-06-15,2026-08-25,71,Created
A,SO20503,11x2483,บริษัท งามดี จำกัด,35500.00,2026-06-15,2026-07-17,32,Created
D,SO20504,11x2003,บริษัท เอไอ เอนเนอร์จี จำกัด (มหาชน),71000.00,2026-06-15,2026-09-25,102,Created
D,SO20505,11x1036,บริษัท เชลล์แห่งประเทศไทย จำกัด,41500.00,2026-06-15,2026-08-28,74,Created
D,SO20506,11x2003,บริษัท เอไอ เอนเนอร์จี จำกัด (มหาชน),58500.00,2026-06-15,2026-07-17,32,Created
U,SO20507,11x80575,บริษัท ดี.เอส.ดี เอ็นจิเนียริ่ง 1999 จำกัด,5800.00,2026-06-15,2026-06-12,-3,Delivered
D,SO20508,11x1036,บริษัท เชลล์แห่งประเทศไทย จำกัด,220000.00,2026-06-15,2026-08-14,60,Created
C,SO20509,11x2379,บริษัท พานาโซนิค แมนูแฟคเจอริ่ง อยุธยา จำกัด,19200.00,2026-06-15,2026-06-19,4,Delivered
C,SO20510,11x2379,บริษัท พานาโซนิค แมนูแฟคเจอริ่ง อยุธยา จำกัด,45000.00,2026-06-15,2026-06-19,4,Delivered
R,SO20511,11x2275,บริษัท กรุงเทพ ซินธิติกส์ จำกัด,132720.00,2026-06-15,2026-08-14,60,Created
R,SO20512,11x2275,บริษัท กรุงเทพ ซินธิติกส์ จำกัด,80450.00,2026-06-15,2026-08-14,60,Created
B,SO20513,11x1397,บริษัท ปูนซิเมนต์ไทย (ท่าหลวง)  จำกัด (โรงงานเขาวง),45000.00,2026-06-15,2026-07-30,45,Created
U,SO20514,11x2525,บริษัท ไอเอ็กซ์แอล จำกัด,22000.00,2026-06-15,2026-06-19,4,Delivered
C,SO20515,11x2728,บริษัท ไลอ้อน (ประเทศไทย) จำกัด,50000.00,2026-06-15,2026-07-02,17,Created
U,SO20516,11x2634,บริษัท อัครา รีซอร์สเซส จำกัด (มหาชน),182000.00,2026-06-15,2026-08-15,61,Created
R,SO20517,11x2275,บริษัท กรุงเทพ ซินธิติกส์ จำกัด,3960.00,2026-06-15,2026-08-14,60,Created
U,SO20518,11x2674,บริษัท ซิสทาโน่ จำกัด,85000.00,2026-06-15,2026-07-16,31,Created
C,SO20519,11x1235,บริษัท บีเอเอสเอฟ (ไทย) จำกัด,47500.00,2026-06-15,2026-08-08,54,Created
A,SO20520,11x43723,บริษัท เฌอร่า  จำกัด (มหาชน),137049.00,2026-06-15,2026-07-25,40,Created
D,SO20521,11x252355,บริษัท สยามพรีเสิร์ฟฟู้ดส์ จำกัด,4900.00,2026-06-15,2026-06-12,-3,Delivered
A,SO20522,11x43723,บริษัท เฌอร่า  จำกัด (มหาชน),14601.00,2026-06-15,2026-07-27,42,Created
R,SO20523,11x240943,บริษัท ยูนิเวอร์แซล ยูทีลิตี้ส์ จำกัด (มหาชน),10500.00,2026-06-15,2026-06-22,7,Created
D,SO20524,11x1065,บริษัท รุ่งเรือง (1990) จำกัด,72600.00,2026-06-15,2026-07-24,39,Created
D,SO20525,11x1065,บริษัท รุ่งเรือง (1990) จำกัด,28300.00,2026-06-15,2026-06-30,15,Delivered
R,SO20526,11x2275,บริษัท กรุงเทพ ซินธิติกส์ จำกัด,7400.00,2026-06-15,2026-08-21,67,Created
R,SO20527,11x2275,บริษัท กรุงเทพ ซินธิติกส์ จำกัด,12460.00,2026-06-15,2026-08-21,67,Created
R,SO20528,11x2275,บริษัท กรุงเทพ ซินธิติกส์ จำกัด,122400.00,2026-06-15,2026-08-21,67,Created
D,SO20529,11x2628,บริษัท เอสเอฟซี เอกเซลเล้นซ์ จำกัด,8500.00,2026-06-15,2026-06-26,11,Created
U,SO20530,11x250662,บริษัท เอสเอ็นยู โซลูชั่น โพรไวด์เดอร์ จำกัด,930000.00,2026-06-15,2026-10-13,120,Created
A,SO20531,11x24817,บริษัท นิปปอนเพนต์ (ประเทศไทย)  จำกัด,42500.00,2026-06-15,2026-06-25,10,Created
U,SO20532,11x10146,บริษัท ยูจีเอส เซลส์ แอนด์ เซอร์วิส จำกัด,49000.00,2026-06-15,2026-10-09,116,Created
U,SO20533,11x2674,บริษัท ซิสทาโน่ จำกัด,5500.00,2026-06-15,2026-10-09,116,Created
U,SO20534,11x2422,บริษัท เอส พาเนล จำกัด,18375.00,2026-06-15,2026-06-25,10,Delivered
U,SO20535,11x266229,บจก.ไอทีที ฟลูอิด เทคโนโลยี่ อินเตอร์เนชั่นแนล (ประเทศไทย),23750.00,2026-06-15,2026-10-08,115,Created
A,SO20536,11x3021,บริษัท เอสซีจี เซรามิกส์ จำกัด (มหาชน),8400.00,2026-06-15,2026-07-24,39,Created
D,SO20537,11x956,บริษัท ปตท.สผ. สยาม จำกัด,495000.00,2026-06-15,2026-09-11,88,Created
A,SO20538,11x1834,บริษัท ยูไนเต็ด ซัพพลาย แอนด์ มัลติเทรด จำกัด,195000.00,2026-06-15,2026-07-03,18,Created
U,SO20539,11x183964,บริษัท นิปปอนเพนต์ เดคโคเรทีฟ,35200.00,2026-06-15,2026-06-25,10,Created
U,SO20540,11x1383,บริษัท สตาร์วอลล์ แมชชินเนอรี่ จำกัด,42000.00,2026-06-15,2026-12-25,193,Created
U,SO20541,11x1383,บริษัท สตาร์วอลล์ แมชชินเนอรี่ จำกัด,42000.00,2026-06-15,2026-12-25,193,Created
C,SO20542,11x1234,ห้างหุ้นส่วนจำกัด บี.อาร์.เอส.อินเตอร์เทรด,520000.00,2026-06-15,2026-08-28,74,Created
C,SO20543,11x1455,บริษัท เบียร์ทิพย์ บริวเวอรี่ (1991) จำกัด,92650.00,2026-06-15,2026-07-25,40,Created
D,SO20544,11x1037,บริษัท ซีรอเยลอาหารทะเล จำกัด,47000.00,2026-06-15,2026-06-19,4,Created
U,SO20545,11x4034,บริษัท มากอตโต จำกัด,4850.00,2026-06-25,2026-09-25,92,Created
A,SO20546,11x2669,บริษัท มากอตโต  จำกัด,29120.00,2026-06-25,2026-09-25,92,Created
D,SO20547,11x2729,บริษัท โกลบอลกรีนเคมิคอล จำกัด (มหาชน),62200.00,2026-06-25,2026-10-07,104,Created
C,SO20548,11x1240,บริษัท ทีโอเอ เพ้นท์ (ประเทศไทย)  จำกัด (มหาชน),11900.00,2026-06-25,2026-08-31,67,Created
U,SO20549,11x198879,บริษัท คราวน์ เบ็บแคน แอนด์ โคลสเซอร์ส (ประเทศไทย) จำกัด,32000.00,2026-06-25,2026-07-17,22,Created
R,SO20550,11x2937,บริษัท แอคูชเน็ท ไทเทิลลิสท์ (ประเทศไทย) จำกัด,370000.00,2026-06-25,2026-09-11,78,Created
R,SO20551,11x2937,บริษัท แอคูชเน็ท ไทเทิลลิสท์ (ประเทศไทย) จำกัด,149000.00,2026-06-25,2026-09-11,78,Created
B,SO20552,11x1979,บริษัท ปูนซีเมนต์เอเซีย จำกัด  (มหาชน),284050.00,2026-06-25,2026-10-23,120,Created
R,SO20553,11x93899,บริษัท ไออาร์พีซี  จำกัด  (มหาชน),47500.00,2026-06-25,2026-07-31,36,Created
D,SO20554,11x1036,บริษัท เชลล์แห่งประเทศไทย จำกัด,69500.00,2026-06-25,2026-08-06,42,Created
D,SO20555,11x1036,บริษัท เชลล์แห่งประเทศไทย จำกัด,5780.00,2026-06-25,2026-07-27,32,Created
U,SO20556,11x266035,บริษัท วี.อาร์. โซลูชั่น แอนด์ เซอร์วิส จำกัด,33750.00,2026-06-25,2026-07-20,25,Created
B,SO20557,11x996,บริษัท ไทยอคริลิค ไฟเบอร์ จำกัด,29500.00,2026-06-25,2026-06-25,0,Delivered
D,SO20558,11x1036,บริษัท เชลล์แห่งประเทศไทย จำกัด,58000.00,2026-06-25,2026-09-30,97,Created
U,SO20559,11x1115,บริษัท ไทคิชา (ประเทศไทย) จำกัด,7000.00,2026-06-25,2026-06-22,-3,Delivered
A,SO20560,11x3085,บริษัท ซันฟีด จำกัด,48500.00,2026-06-25,2026-06-25,0,Delivered
C,SO20561,11x1238,บริษัท เอ็มอาร์ที เรซิน (ประเทศไทย) จำกัด,33800.00,2026-06-25,2026-08-08,44,Created
C,SO20562,11x1235,บริษัท บีเอเอสเอฟ (ไทย) จำกัด,357000.00,2026-06-25,2026-09-07,74,Created
D,SO20563,11x1010,บริษัท บางจาก คอร์ปอเรชั่น จำกัด (มหาชน),378025.00,2026-06-25,2026-09-30,97,Created
U,SO20564,11x173376,บริษัท อินเตอร์อิงค์ จำกัด,22600.00,2026-06-25,2026-08-25,61,Created
A,SO20565,11x24817,บริษัท นิปปอนเพนต์ (ประเทศไทย)  จำกัด,104000.00,2026-06-25,2026-07-25,30,Created
U,SO20566,11x60481,บริษัท ซีพีเอฟ (ประเทศไทย) จำกัด   (มหาชน),198000.00,2026-06-25,2026-06-25,0,Delivered
U,SO20567,11x4034,บริษัท มากอตโต จำกัด,51000.00,2026-06-25,2026-07-30,35,Created
D,SO20568,11x2759,ธนาคารไทยพาณิชย์ จำกัด (มหาชน),558000.00,2026-06-25,2029-07-31,1132,Created
D,SO20569,11x81127,บริษัท ท่อส่งปิโตรเลียมไทย จำกัด,50000.00,2026-06-25,2026-08-14,50,Created
A,SO20570,11x2439,บริษัท ลิกซิล (ประเทศไทย) จำกัด (มหาชน),79800.00,2026-06-25,2026-08-25,61,Created
D,SO20571,11x1826,บริษัท บี.พี.แอร์ แอนด์ เอ็นจิเนียริ่ง จำกัด,25000.00,2026-06-25,2026-07-06,11,Delivered
U,SO20572,11x266815,บริษัท เอ็กซ์เพิท ทีม จำกัด,400000.00,2026-06-25,2026-10-02,99,Created
U,SO20573,11x2309,บริษัท แฟร์เทค จำกัด,29000.00,2026-06-25,2026-07-10,15,Delivered
U,SO20574,11x266229,บจก.ไอทีที ฟลูอิด เทคโนโลยี่ อินเตอร์เนชั่นแนล (ประเทศไทย),115000.00,2026-06-25,2026-10-20,117,Created
A,SO20575,11x9738,ห้างหุ้นส่วนจำกัด ศิลาเพชรสุพรรณบุรี,22000.00,2026-06-25,2026-07-03,8,Created
D,SO20576,11x2729,บริษัท โกลบอลกรีนเคมิคอล จำกัด (มหาชน),38655.00,2026-06-25,2026-09-07,74,Created
A,SO20577,11x2182,บริษัท ซีพีเอฟ (ประเทศไทย) จำกัด  (มหาชน),79700.00,2026-06-25,2026-09-25,92,Created
C,SO20578,11x1235,บริษัท บีเอเอสเอฟ (ไทย) จำกัด,23600.00,2026-06-25,2026-09-07,74,Created
U,SO20579,11x40242,บริษัท บีอาร์เอส พาร์ท เซอร์วิส จำกัด,86345.00,2026-06-25,2026-09-25,92,Created
B,SO20580,11x958,บริษัท ทีพีไอ โพลีน จำกัด (มหาชน),3240.00,2026-06-25,2026-07-24,29,Delivered
U,SO20581,11x76105,บริษัท เดอมาสท์ จำกัด,1000000.00,2026-06-25,2026-08-15,51,Created
U,SO20582,11x77846,บริษัท ไทยทากาซาโก จำกัด,1185156.00,2026-06-25,2026-08-15,51,Created
U,SO20583,11x266827,บริษัท มัลติโค เอ็นจิเนียริ่ง (ประเทศไทย) จำกัด,360000.00,2026-06-25,2026-12-25,183,Created
C,SO20584,11x1235,บริษัท บีเอเอสเอฟ (ไทย) จำกัด,19000.00,2026-06-25,2026-07-24,29,Created
U,SO20585,11x1749,บริษัท บลูรีฟริกเจอเรชั่น จำกัด,13500.00,2026-06-25,2026-07-02,7,Created
U,SO20586,11x1749,บริษัท บลูรีฟริกเจอเรชั่น จำกัด,13500.00,2026-06-25,2026-08-25,61,Created
C,SO20587,11x930,บริษัท ยูนิลีเวอร์ ไทยโฮลดิ้งส์ จำกัด,99800.00,2026-06-25,2026-08-19,55,Created
B,SO20588,11x1365,บริษัท สยาม พีวีเอส เคมิคอลส์ จำกัด,994000.00,2026-06-25,2027-03-19,267,Created
A,SO20589,11x1661,บริษัท ไฮมาสเตอร์โฟมโปรดักส์ จำกัด,71000.00,2026-06-25,2026-09-25,92,Created
R,SO20590,11x985,บริษัท ไทยพลาสติกและเคมีภัณฑ์  จำกัด  (มหาชน),6200.00,2026-06-30,2026-07-15,15,Created
U,SO20591,11x109802,บริษัท ลองวิน ไทย จำกัด,127000.00,2026-06-30,2026-09-05,67,Created
R,SO20592,11x2553,บริษัท ทีพีซี เพสต์ เรซิน  จำกัด,36500.00,2026-06-30,2026-08-20,51,Created
D,SO20593,11x1092,บริษัท ผลิตภัณฑ์อาหารเซ็นทรัล จำกัด,23540.00,2026-06-30,2026-09-25,87,Created
A,SO20594,11x24817,บริษัท นิปปอนเพนต์ (ประเทศไทย)  จำกัด,42500.00,2026-06-30,2026-06-25,-5,Delivered
R,SO20595,11x2151,บริษัท พีทีที โกลบอล เคมิคอล จำกัด (มหาชน),238940.00,2026-06-30,2026-09-07,69,Created
A,SO20596,11x2907,บริษัท ไท-โย เพนท์ (ประเทศไทย) จำกัด,22800.00,2026-06-30,2026-07-01,1,Delivered
A,SO20597,11x24817,บริษัท นิปปอนเพนต์ (ประเทศไทย)  จำกัด,14000.00,2026-06-30,2026-09-25,87,Created
A,SO20598,11x1011,บริษัท บุญเยี่ยมและสหาย จำกัด,47712.00,2026-06-30,2026-07-25,25,Created
A,SO20599,11x1484,บริษัท วอลล์ เทคโนโลยี จำกัด,14000.00,2026-06-30,2026-12-12,165,Created
C,SO20600,11x1476,บริษัท บริดจสโตนไทร์ แมนูแฟคเจอริ่ง (ประเทศไทย) จำกัด,199400.00,2026-06-30,2026-08-25,56,Created
C,SO20601,11x2379,บริษัท พานาโซนิค แมนูแฟคเจอริ่ง อยุธยา จำกัด,45000.00,2026-06-30,2026-07-17,17,Created
U,SO20602,11x1469,บริษัท แท็คโก้ เจนเนอเรชั่น จำกัด,371500.00,2026-06-30,2026-08-28,59,Created
R,SO20603,11x2275,บริษัท กรุงเทพ ซินธิติกส์ จำกัด,11840.00,2026-06-30,2026-08-28,59,Created
R,SO20604,11x2275,บริษัท กรุงเทพ ซินธิติกส์ จำกัด,15720.00,2026-06-30,2026-08-28,59,Created
D,SO20605,11x1080,HMC Polymers Company  Limited,366600.00,2026-07-07,2026-12-25,171,Created
B,SO20606,11x958,บริษัท ทีพีไอ โพลีน จำกัด (มหาชน),40000.00,2026-07-07,2026-07-31,24,Created
U,SO20607,11x269274,บริษัท เพอร์เฟค คอมพาเนียน  กรุ๊ป  จำกัด,197100.00,2026-07-07,2026-11-25,141,Created
C,SO20608,11x2767,บริษัท อุตสาหกรรมมิตรมงคล จำกัด,695000.00,2026-07-07,2026-09-25,80,Created
U,SO20609,11x206186,บริษัท โคพีเรียน (ประเทศไทย) จำกัด,7000.00,2026-07-07,2026-07-17,10,Created
R,SO20610,11x2151,บริษัท พีทีที โกลบอล เคมิคอล จำกัด (มหาชน),26775.00,2026-07-07,2026-10-22,107,Created
U,SO20611,11x173315,บริษัท เอเชี่ยน นิวทริชั่น จำกัด,42000.00,2026-07-07,2026-07-24,17,Delivered
D,SO20612,11x1065,บริษัท รุ่งเรือง (1990) จำกัด,38000.00,2026-07-07,2026-07-31,24,Created
A,SO20613,11x1661,บริษัท ไฮมาสเตอร์โฟมโปรดักส์ จำกัด,3234.00,2026-07-07,2026-09-25,80,Created
D,SO20614,11x1372,บริษัท โซล่า แอสฟัลท์ จำกัด,950000.00,2026-07-07,2026-10-29,114,Created
D,SO20615,11x1036,บริษัท เชลล์แห่งประเทศไทย จำกัด,53500.00,2026-07-07,2026-08-04,28,Created
U,SO20616,11x1473,บริษัท นิวสตาร์ อินเตอร์เนชั่นแนล จำกัด,25000.00,2026-07-07,2026-07-31,24,Created
D,SO20617,11x2628,บริษัท เอสเอฟซี เอกเซลเล้นซ์ จำกัด,74800.00,2026-07-07,2026-08-31,55,Created
D,SO20618,11x2729,บริษัท โกลบอลกรีนเคมิคอล จำกัด (มหาชน),6745.00,2026-07-16,2026-10-05,81,Created
D,SO20619,11x2729,บริษัท โกลบอลกรีนเคมิคอล จำกัด (มหาชน),83880.00,2026-07-16,2026-10-15,91,Created
D,SO20620,11x2729,บริษัท โกลบอลกรีนเคมิคอล จำกัด (มหาชน),103725.00,2026-07-16,2026-10-24,100,Created
C,SO20621,11x2379,บริษัท พานาโซนิค แมนูแฟคเจอริ่ง อยุธยา จำกัด,17500.00,2026-07-16,2026-07-25,9,Created
A,SO20622,11x206902,บริษัท คิงสแปน อินซูเลท พาแนลส์ (ประเทศไทย) จำกัด,21800.00,2026-07-16,2026-08-14,29,Created
A,SO20623,11x1051,บริษัท ทีโอเอ เพ้นท์ (ประเทศไทย) จำกัด (มหาชน),16200.00,2026-07-16,2026-08-25,40,Created
A,SO20624,11x1051,บริษัท ทีโอเอ เพ้นท์ (ประเทศไทย) จำกัด (มหาชน),220000.00,2026-07-16,2026-09-03,49,Created
R,SO20625,11x2162,บริษัท อิวอนิก ยูไนเต็ด ซิลิกา (สยาม) จำกัด,9000.00,2026-07-16,2026-07-23,7,Delivered
R,SO20626,11x2553,บริษัท ทีพีซี เพสต์ เรซิน  จำกัด,7350.00,2026-07-16,2026-09-11,57,Created
R,SO20627,11x2553,บริษัท ทีพีซี เพสต์ เรซิน  จำกัด,34246.00,2026-07-16,2026-09-15,61,Created
D,SO20628,11x1036,บริษัท เชลล์แห่งประเทศไทย จำกัด,78000.00,2026-07-16,2026-09-24,70,Created
U,SO20629,11x2629,บริษัท ทีทีซีแอล จำกัด (มหาชน),39000.00,2026-07-16,2026-07-30,14,Created
C,SO20630,11x1470,บริษัท เทย์ก้า (ไทยแลนด์) จำกัด,60750.00,2026-07-16,2026-08-25,40,Created
B,SO20631,11x1262,บริษัท ไทยเซ็นทรัลเคมี จำกัด (มหาชน),48000.00,2026-07-16,2026-08-20,35,Created
D,SO20632,11x1065,บริษัท รุ่งเรือง (1990) จำกัด,87200.00,2026-07-16,2026-11-01,108,Created
A,SO20633,11x1229,พี.เจนเนอรัล ซัพพลาย,32000.00,2026-07-16,2026-10-25,101,Created
R,SO20634,11x2275,บริษัท กรุงเทพ ซินธิติกส์ จำกัด,8008.00,2026-07-16,2026-08-21,36,Created
A,SO20635,11x1045,บริษัท เอสซีจี  เซรามิกส์ จำกัด (มหาชน),33000.00,2026-07-16,2026-09-25,71,Created
D,SO20636,11x1037,บริษัท ซีรอเยลอาหารทะเล จำกัด,12000.00,2026-07-16,2026-07-10,-6,Delivered
U,SO20637,11x235894,บริษัท แคส เอ็นจิเนียริ่ง แอนด์ โซลูชั่น จำกัด,15000.00,2026-07-16,2026-07-31,15,Created
D,SO20638,11x1065,บริษัท รุ่งเรือง (1990) จำกัด,72600.00,2026-07-16,2026-07-31,15,Created
U,SO20639,11x2378,บริษัท สยามคราฟท์อุตสาหกรรม  จำกัด,778000.00,2026-07-16,2026-11-19,126,Created
U,SO20640,11x1383,บริษัท สตาร์วอลล์ แมชชินเนอรี่ จำกัด,42000.00,2026-07-16,2026-12-25,162,Created
U,SO20641,11x1383,บริษัท สตาร์วอลล์ แมชชินเนอรี่ จำกัด,42000.00,2026-07-16,2026-12-12,149,Created
U,SO20642,11x1383,บริษัท สตาร์วอลล์ แมชชินเนอรี่ จำกัด,42000.00,2026-07-16,2026-12-12,149,Created
R,SO20643,11x269774,บริษัท บริดจสโตน คาร์บอน แบล็ค (ประเทศไทย) จำกัด,499500.00,2026-07-16,2026-11-10,117,Created
A,SO20644,11x206902,บริษัท คิงสแปน อินซูเลท พาแนลส์ (ประเทศไทย) จำกัด,32550.00,2026-07-16,2026-09-25,71,Created
R,SO20645,11x257442,บริษัท โซลแมกซ์ จีโอซินเทติคส์ จำกัด,220500.00,2026-07-16,2026-11-20,127,Created
A,SO20646,11x1697,บริษัท อีเทอนอล ซากาตะ อิ้งซ์  จำกัด,23500.00,2026-07-16,2026-07-24,8,Delivered
U,SO20647,11x144992,บริษัท ไอ- คอนส์ เอเชีย  จำกัด,33000.00,2026-07-16,2026-08-10,25,Created
U,SO20648,11x144992,บริษัท ไอ- คอนส์ เอเชีย  จำกัด,48000.00,2026-07-16,2026-07-31,15,Created
U,SO20649,11x45888,มิตซูบิชิ คอร์ปอเรชั่น,662000.00,2026-07-16,2026-11-19,126,Created
U,SO20650,11x247395,บริษัท ยูเซ็น โลจิสติกส์ (ประเทศไทย)  จำกัด,74800.00,2026-07-16,2026-08-19,34,Created
C,SO20651,11x1234,ห้างหุ้นส่วนจำกัด บี.อาร์.เอส.อินเตอร์เทรด,180000.00,2026-07-16,2026-09-08,54,Created
C,SO20652,11x930,บริษัท ยูนิลีเวอร์ ไทยโฮลดิ้งส์ จำกัด,52000.00,2026-07-16,2026-09-05,51,Created
A,SO20653,11x43725,บริษัท เฌอร่า จำกัด (มหาชน),13860.00,2026-07-16,2026-07-24,8,Created
A,SO20654,11x2796,บริษัท เพ็ท โฟกัส จำกัด,114000.00,2026-07-27,2026-08-25,29,Created
A,SO20655,11x2587,บริษัท ซีพีเอฟ  (ประเทศไทย)  จำกัด (มหาชน),86000.00,2026-07-27,2026-09-25,60,Created
D,SO20656,11x1073,บริษัท โดล ไทยแลนด์ จำกัด,14500.00,2026-07-27,2026-07-24,-3,Delivered
C,SO20657,11x1476,บริษัท บริดจสโตนไทร์ แมนูแฟคเจอริ่ง (ประเทศไทย) จำกัด,24000.00,2026-07-27,2026-08-25,29,Created
U,SO20658,11x1213,บจก. มิตซูบิชิ เฮฟวี่ อินดัสตรี่ส์-มหาจักร แอร์ คอนดิชั่นเนอร์ส,95550.00,2026-07-27,2026-10-25,90,Created
U,SO20659,11x21636,บริษัท โนวาซิล (ไทยแลนด์) จำกัด,59000.00,2026-07-27,2026-07-24,-3,Delivered
U,SO20660,11x1405,บริษัท อี-สแควร์ สิ่งแวดล้อมและวิศวกรรม จำกัด,56800.00,2026-07-27,2026-08-17,21,Created
U,SO20661,11x2674,บริษัท ซิสทาโน่ จำกัด,83800.00,2026-07-27,2026-12-04,130,Created
R,SO20662,11x268407,บริษัท อี-โคทติ้งส์ เอเชีย จำกัด,5700.00,2026-07-27,2026-09-13,48,Created
R,SO20663,11x2151,บริษัท พีทีที โกลบอล เคมิคอล จำกัด (มหาชน),4620.00,2026-07-27,2026-09-25,60,Created
R,SO20664,11x2275,บริษัท กรุงเทพ ซินธิติกส์ จำกัด,20200.00,2026-07-27,2026-09-11,46,Created
R,SO20665,11x2275,บริษัท กรุงเทพ ซินธิติกส์ จำกัด,158060.00,2026-07-27,2026-09-25,60,Created
R,SO20666,11x2275,บริษัท กรุงเทพ ซินธิติกส์ จำกัด,34200.00,2026-07-27,2026-10-02,67,Created
C,SO20667,11x2161,บริษัท ซันสตาร์ เคมีคัล(ประเทศไทย) จำกัด,296000.00,2026-07-27,2026-09-25,60,Created
U,SO20668,11x2856,ห้างหุ้นส่วนจำกัด เยอ เอ็นจิเนียริ่ง,75000.00,2026-07-27,2026-07-24,-3,Delivered
U,SO20669,11x155605,บริษัท ฟาสเทน ออยล์ จำกัด,73700.00,2026-07-27,2026-08-03,7,Created
A,SO20670,11x2260,บริษัท ซีพีเอฟ (ประเทศไทย)  จำกัด  (มหาชน),172000.00,2026-07-27,2026-08-25,29,Created
U,SO20671,11x2006,บริษัท บุญยฤทธิ์ จำกัด,880000.00,2026-07-27,2026-12-18,144,Created
D,SO20672,11x119254,บริษัท บีบีจีไอ ไบโอดีเซล จำกัด,162000.00,2026-07-27,2026-11-30,126,Created
U,SO20673,11x76105,บริษัท เดอมาสท์ จำกัด,1000000.00,2026-07-27,2026-11-12,108,Created
U,SO20674,11x77846,บริษัท ไทยทากาซาโก จำกัด,1185156.00,2026-07-27,2026-12-18,144,Created
D,SO20675,11x2174,บริษัท เนสท์เล่ (ไทย) จำกัด,693400.00,2026-07-27,2026-10-30,95,Created
U,SO20676,11x77846,บริษัท ไทยทากาซาโก จำกัด,3414844.00,2026-07-27,2026-12-31,157,Created
U,SO20677,11x2988,บริษัท เจ.เอ.พี กรุ๊ป จำกัด,80000.00,2026-07-27,2026-07-20,-7,Delivered
A,SO20678,11x2234,บริษัท  ซีพีเอฟ (ประเทศไทย)  จำกัด (มหาชน),86000.00,2026-07-27,2026-08-25,29,Created
D,SO20679,11x1006,บริษัท อายิโนะโมะโต๊ะ (ประเทศไทย) จำกัด,39000.00,2026-07-27,2026-08-07,11,Created
R,SO20680,11x2552,บริษัท อเมริกัน แอ็คเซิล แอนด์ แมนูแฟคเจอริ่ง (ประเทศไทย) จำกัด,87400.00,2026-07-27,2026-09-17,52,Created
D,SO20681,11x2729,บริษัท โกลบอลกรีนเคมิคอล จำกัด (มหาชน),138300.00,2026-07-27,2026-11-11,107,Created
U,SO20682,11x85891,บริษัท เคนวา เอ็นจิเนียริ่ง จำกัด,11600.00,2026-07-27,2026-07-22,-5,Delivered
A,SO20683,11x3092,บริษัท เอเชีย แคน แมนูแฟคเจอริ่ง จำกัด,67000.00,2026-07-27,2026-09-25,60,Created
C,SO20684,11x1235,บริษัท บีเอเอสเอฟ (ไทย) จำกัด,192500.00,2026-07-27,2026-10-12,77,Created
U,SO20685,11x21636,บริษัท โนวาซิล (ไทยแลนด์) จำกัด,25000.00,2026-07-27,2026-08-25,29,Created
C,SO20686,11x1235,บริษัท บีเอเอสเอฟ (ไทย) จำกัด,8500.00,2026-07-27,2026-08-25,29,Created
C,SO20687,11x933,บริษัท อีเทอนัล เรซิ่น จำกัด,800000.00,2026-07-27,2026-12-31,157,Created
U,SO20688,11x247395,บริษัท ยูเซ็น โลจิสติกส์ (ประเทศไทย)  จำกัด,14500.00,2026-07-27,2026-08-31,35,Created
U,SO20689,11x228034,บริษัท ยู.เอ.อี. เพาเวอร์ จำกัด,4000.00,2026-07-27,2026-08-03,7,Created
B,SO20690,11x193210,บริษัท โตโยต้า มอเตอร์ เอเชีย (ประเทศไทย) จำกัด,124320.00,2026-07-27,2027-03-31,247,Created
A,SO20691,11x3021,บริษัท เอสซีจี เซรามิกส์ จำกัด (มหาชน),11000.00,2026-07-27,2026-09-25,60,Created
B,SO20692,11x1844,Carbide Chemical (Thailand) Ltd.,58471.20,2026-07-27,2026-09-15,50,Created
B,SO20693,11x1844,Carbide Chemical (Thailand) Ltd.,169840.00,2026-07-27,2026-10-14,79,Created
U,SO20694,11x60481,บริษัท ซีพีเอฟ (ประเทศไทย) จำกัด   (มหาชน),99000.00,2026-07-27,2026-07-24,-3,Delivered
U,SO20695,11x1049,บริษัท ไทยสตีมเซอร์วิส แอนด์ ซัพพลาย จำกัด,4500.00,2026-07-27,2026-09-16,51,Created
B,SO20696,11x1853,DOW  CHEMICAL THAILAND LIMITED,9500.00,2026-07-27,2026-09-29,64,Created
C,SO20697,11x1235,บริษัท บีเอเอสเอฟ (ไทย) จำกัด,25840.00,2026-07-27,2026-09-16,51,Created
U,SO20698,11x1749,บริษัท บลูรีฟริกเจอเรชั่น จำกัด,20250.00,2026-07-27,2026-09-22,57,Created
A,SO20699,11x1052,บริษัท โตโยอิ๊งค์ (ประเทศไทย) จำกัด,31500.00,2026-07-27,2026-07-24,-3,Delivered
R,SO20700,11x2552,บริษัท อเมริกัน แอ็คเซิล แอนด์ แมนูแฟคเจอริ่ง (ประเทศไทย) จำกัด,87400.00,2026-07-27,2026-12-04,130,Created
U,SO20701,11x1703,บริษัท ไทย-อิชิ อินเตอร์เทรด จำกัด,180500.00,2026-07-27,2026-10-01,66,Created
U,SO20702,11x116390,บริษัท อินโนเวล โฟล์ จำกัด,125200.00,2026-07-27,2026-10-25,90,Created
C,SO20703,11x1470,บริษัท เทย์ก้า (ไทยแลนด์) จำกัด,41400.00,2026-07-27,2026-09-25,60,Created
D,SO20704,11x2174,บริษัท เนสท์เล่ (ไทย) จำกัด,15000.00,2026-07-30,2026-08-31,32,Created
U,SO20705,11x2856,ห้างหุ้นส่วนจำกัด เยอ เอ็นจิเนียริ่ง,78300.00,2026-07-30,2026-10-25,87,Created
U,SO20706,11x116390,บริษัท อินโนเวล โฟล์ จำกัด,185000.00,2026-07-30,2026-08-25,26,Created
U,SO20707,11x60481,บริษัท ซีพีเอฟ (ประเทศไทย) จำกัด   (มหาชน),73000.00,2026-07-30,2026-10-25,87,Created
U,SO20708,11x271089,บริษัท เอเชี่ยน นิวทริชั่น  จำกัด,224000.00,2026-07-30,2026-08-25,26,Created
R,SO20709,11x2275,บริษัท กรุงเทพ ซินธิติกส์ จำกัด,79916.00,2026-07-30,2026-10-16,78,Created
A,SO20710,11x1245,บริษัท คาร์เปท อินเตอร์แนชั่นแนล ไทยแลนด์ จำกัด (มหาชน),8930.00,2026-07-30,2026-09-18,50,Created
A,SO20711,11x3021,บริษัท เอสซีจี เซรามิกส์ จำกัด (มหาชน),6500.00,2026-07-30,2026-09-03,35,Created
C,SO20712,11x1470,บริษัท เทย์ก้า (ไทยแลนด์) จำกัด,580000.00,2026-07-30,2026-12-25,148,Created
U,SO20713,11x266035,บริษัท วี.อาร์. โซลูชั่น แอนด์ เซอร์วิส จำกัด,77400.00,2026-07-30,2026-08-25,26,Created
C,SO20714,11x1238,บริษัท เอ็มอาร์ที เรซิน (ประเทศไทย) จำกัด,21200.00,2026-07-30,2026-09-11,43,Created
R,SO20715,11x2162,บริษัท อิวอนิก ยูไนเต็ด ซิลิกา (สยาม) จำกัด,18560.00,2026-07-30,2026-10-05,67,Created
B,SO20716,11x1844,Carbide Chemical (Thailand) Ltd.,77823.00,2026-07-30,2026-10-14,76,Created
B,SO20717,11x1844,Carbide Chemical (Thailand) Ltd.,48431.00,2026-07-30,2026-10-14,76,Created
B,SO20718,11x1844,Carbide Chemical (Thailand) Ltd.,77823.00,2026-07-30,2026-10-14,76,Created
C,SO20719,11x1235,บริษัท บีเอเอสเอฟ (ไทย) จำกัด,30000.00,2026-07-30,2026-08-25,26,Created
D,SO20720,11x2729,บริษัท โกลบอลกรีนเคมิคอล จำกัด (มหาชน),341335.00,2026-07-30,2026-11-19,112,Created
R,SO20721,11x2275,บริษัท กรุงเทพ ซินธิติกส์ จำกัด,37710.00,2026-07-30,2026-10-09,71,Created
A,SO20722,11x2182,บริษัท ซีพีเอฟ (ประเทศไทย) จำกัด  (มหาชน),148000.00,2026-07-30,2026-08-28,29,Created
R,SO20723,11x22237,บริษัท พรีแพค ประเทศไทย จำกัด,17000.00,2026-07-30,2026-10-09,71,Created
A,SO20724,11x3021,บริษัท เอสซีจี เซรามิกส์ จำกัด (มหาชน),24000.00,2026-07-30,2026-08-07,8,Created
U,SO20725,11x33661,บริษัท อัศวิน เทคโนโลยี จำกัด,1800.00,2026-08-07,2026-11-27,112,Created
U,SO20726,11x10146,บริษัท ยูจีเอส เซลส์ แอนด์ เซอร์วิส จำกัด,174000.00,2026-08-07,2026-11-27,112,Created
U,SO20727,11x10146,บริษัท ยูจีเอส เซลส์ แอนด์ เซอร์วิส จำกัด,95000.00,2026-08-07,2026-11-27,112,Created
D,SO20728,11x271772,บริษัท เชฟรอน (ไทย)  จำกัด,80700.00,2026-08-07,2026-10-31,85,Created
D,SO20729,11x271772,บริษัท เชฟรอน (ไทย)  จำกัด,42750.00,2026-08-07,2026-10-31,85,Created
U,SO20730,11x235894,บริษัท แคส เอ็นจิเนียริ่ง แอนด์ โซลูชั่น จำกัด,7000.00,2026-08-07,2026-08-14,7,Delivered
C,SO20731,11x2741,บริษัท ไทยรุ่งเรืองพลังงาน จำกัด,72000.00,2026-08-07,2026-09-15,39,Created
R,SO20732,11x1151,บริษัท ไออาร์พีซี จำกัด (มหาชน),135000.00,2026-08-07,2026-08-31,24,Created
U,SO20733,11x53966,บริษัท เลอ ครูเซ แมนูแฟคเจอริ่ง (ประเทศไทย) จำกัด,84530.00,2026-08-07,2026-10-16,70,Created
A,SO20734,11x3021,บริษัท เอสซีจี เซรามิกส์ จำกัด (มหาชน),8500.00,2026-08-07,2026-08-06,-1,Delivered
R,SO20735,11x2162,บริษัท อิวอนิก ยูไนเต็ด ซิลิกา (สยาม) จำกัด,9000.00,2026-08-07,2026-08-21,14,Delivered
B,SO20736,11x38180,บริษัท ปูนซิเมนต์ไทย (ท่าหลวง) จำกัด,99500.00,2026-08-07,2026-09-30,54,Created
A,SO20737,11x2097,บริษัท พีพีจี โคทติ้งส์ (ประเทศไทย) จำกัด,139175.00,2026-08-07,2026-09-25,49,Created
U,SO20738,11x53966,บริษัท เลอ ครูเซ แมนูแฟคเจอริ่ง (ประเทศไทย) จำกัด,60000.00,2026-08-07,2026-09-30,54,Created
C,SO20739,11x933,บริษัท อีเทอนัล เรซิ่น จำกัด,490000.00,2026-08-07,2026-12-31,146,Created
C,SO20740,11x1235,บริษัท บีเอเอสเอฟ (ไทย) จำกัด,24700.00,2026-08-07,2026-10-22,76,Created
U,SO20741,11x1115,บริษัท ไทคิชา (ประเทศไทย) จำกัด,14500.00,2026-08-07,2026-08-10,3,Created
R,SO20742,11x1151,บริษัท ไออาร์พีซี จำกัด (มหาชน),106400.00,2026-08-07,2026-10-20,74,Created
B,SO20743,11x1120,บริษัท อดิตยา เบอร์ล่า เคมีคัลส์ (ประเทศไทย)  จำกัด,33000.00,2026-08-07,2026-08-14,7,Created
B,SO20744,11x1853,DOW  CHEMICAL THAILAND LIMITED,112575.00,2026-08-07,2026-11-30,115,Created
R,SO20745,11x93899,บริษัท ไออาร์พีซี  จำกัด  (มหาชน),100000.00,2026-08-07,2026-10-20,74,Created
R,SO20746,11x93899,บริษัท ไออาร์พีซี  จำกัด  (มหาชน),126400.00,2026-08-07,2026-10-23,77,Created
U,SO20747,11x106324,Hongsa Power Company Limited,317000.00,2026-08-07,2026-10-31,85,Created
A,SO20748,11x1442,บริษัท โฟมเทค อินเตอร์เนชั่นแนล จำกัด,829000.00,2026-08-07,2026-12-18,133,Created
U,SO20749,11x1475,บริษัท โฟคัส แมคคานิค จำกัด,3950.00,2026-08-07,2026-08-11,4,Created
U,SO20750,11x1000,บริษัท ฟินิคซ พัลพ แอนด์ เพเพอร์ จำกัด (มหาชน),174000.00,2026-08-07,2026-10-05,59,Created
A,SO20751,11x2185,บริษัท ซีพีเอฟ  ( ประเทศไทย) จำกัด (มหาชน),172000.00,2026-08-07,2026-09-25,49,Created
D,SO20752,11x1006,บริษัท อายิโนะโมะโต๊ะ (ประเทศไทย) จำกัด,39000.00,2026-08-07,2026-08-18,11,Created
A,SO20753,11x176175,บริษัท ดูราโฟม จำกัด,99990.00,2026-08-07,2026-10-26,80,Created
A,SO20754,11x176175,บริษัท ดูราโฟม จำกัด,69780.00,2026-08-07,2026-08-14,7,Created
A,SO20755,11x272393,บริษัท แอสไพร์ พาวเวอร์ จำกัด,18500.00,2026-08-07,2026-08-06,-1,Delivered
A,SO20756,11x1824,บริษัท มาร์ส เพ็ทแคร์ (ประเทศไทย) จำกัด,299000.00,2026-08-07,2026-12-11,126,Created
U,SO20757,11x1473,บริษัท นิวสตาร์ อินเตอร์เนชั่นแนล จำกัด,55000.00,2026-08-07,2026-10-27,81,Created
U,SO20758,11x1473,บริษัท นิวสตาร์ อินเตอร์เนชั่นแนล จำกัด,56600.00,2026-08-07,2026-09-17,41,Created
U,SO20759,11x1473,บริษัท นิวสตาร์ อินเตอร์เนชั่นแนล จำกัด,54600.00,2026-08-07,2026-09-17,41,Created
D,SO20760,11x271772,บริษัท เชฟรอน (ไทย)  จำกัด,10000.00,2026-08-07,2026-10-30,84,Created
A,SO20761,11x2260,บริษัท ซีพีเอฟ (ประเทศไทย)  จำกัด  (มหาชน),208000.00,2026-08-20,2026-11-25,97,Created
B,SO20762,11x1853,DOW  CHEMICAL THAILAND LIMITED,7000.00,2026-08-20,2026-10-29,70,Created
A,SO20763,11x43723,บริษัท เฌอร่า  จำกัด (มหาชน),334000.00,2026-08-20,2026-10-22,63,Created
A,SO20764,11x1158,บริษัท คาร์กิลล์มีทส์ (ไทยแลนด์) จำกัด,19175.00,2026-08-20,2026-10-25,66,Created
A,SO20765,11x2561,บริษัท เทยิน คอร์ปอเรชั่น (ประเทศไทย) จำกัด,164000.00,2026-08-20,2026-09-15,26,Created
A,SO20766,11x1531,บริษัท เทคโนโลยี่แอนด์เอ็นจิเนียริ่งสแควร์ จำกัด,25000.00,2026-08-20,2026-08-28,8,Created
A,SO20767,11x1442,บริษัท โฟมเทค อินเตอร์เนชั่นแนล จำกัด,273790.00,2026-08-20,2026-11-25,97,Created
A,SO20768,11x23083,บริษัท ซีพีเอฟ  (ประเทศไทย) จำกัด  (มหาชน),86000.00,2026-08-20,2026-09-25,36,Created
A,SO20769,11x2587,บริษัท ซีพีเอฟ  (ประเทศไทย)  จำกัด (มหาชน),86000.00,2026-08-20,2026-09-25,36,Created
A,SO20770,11x23083,บริษัท ซีพีเอฟ  (ประเทศไทย) จำกัด  (มหาชน),182000.00,2026-08-20,2026-11-25,97,Created
A,SO20771,11x2234,บริษัท  ซีพีเอฟ (ประเทศไทย)  จำกัด (มหาชน),100000.00,2026-08-20,2026-08-25,5,Delivered
A,SO20772,11x24817,บริษัท นิปปอนเพนต์ (ประเทศไทย)  จำกัด,33666.67,2026-08-20,2026-08-25,5,Delivered
R,SO20773,11x2275,บริษัท กรุงเทพ ซินธิติกส์ จำกัด,7275.00,2026-08-20,2026-10-16,57,Delivered
C,SO20774,11x1235,บริษัท บีเอเอสเอฟ (ไทย) จำกัด,147250.00,2026-08-20,2026-09-11,22,Created
D,SO20775,11x986,บริษัท น้ำมันพืชไทย จำกัด (มหาชน),150000.00,2026-08-20,2026-08-21,1,Delivered
A,SO20776,11x1224,บริษัท กังวาลโพลีเอสเตอร์ จำกัด,25000.00,2026-08-20,2026-09-29,40,Created
R,SO20777,11x257857,บริษัท ทีพีที ปิโตรเคมิคอลส์  จำกัด  (มหาชน),5500.00,2026-08-20,2026-08-25,5,Created
B,SO20778,11x3045,บริษัท แอมคอร์ เฟล็กซิเบิ้ล เพชรบุรี จำกัด,40800.00,2026-08-20,2026-09-25,36,Delivered
A,SO20779,11x2361,บริษัท เจ.เอส.โฟม จำกัด,12400.00,2026-08-20,2026-10-15,56,Created
U,SO20780,11x273554,บริษัท เอสพี เอ็นจิเนียริ่ง แอนด์ ซัพพลาย จำกัด,446500.00,2026-08-20,2026-10-28,69,Created
U,SO20781,11x107615,บริษัท ศรีศรัณย์ เอ็นจิเนียริ่ง จำกัด,66500.00,2026-08-20,2026-08-25,5,Created
A,SO20782,11x1045,บริษัท เอสซีจี  เซรามิกส์ จำกัด (มหาชน),33000.00,2026-08-20,2026-08-20,0,Delivered
A,SO20783,11x1158,บริษัท คาร์กิลล์มีทส์ (ไทยแลนด์) จำกัด,36500.00,2026-08-20,2026-11-25,97,Created
U,SO20784,11x1473,บริษัท นิวสตาร์ อินเตอร์เนชั่นแนล จำกัด,27000.00,2026-08-20,2026-09-12,23,Created
U,SO20785,11x1473,บริษัท นิวสตาร์ อินเตอร์เนชั่นแนล จำกัด,8500.00,2026-08-20,2026-09-12,23,Created
D,SO20786,11x2457,บริษัท ทรัพย์ทิพย์ จำกัด,41000.00,2026-08-20,2026-09-11,22,Created
R,SO20787,11x2246,บริษัท สตาร์ ปิโตรเลียม รีไฟน์นิ่ง จำกัด (มหาชน),65000.00,2026-08-20,2026-11-17,89,Created
D,SO20788,11x1080,HMC Polymers Company  Limited,32000.00,2026-08-20,2026-10-26,67,Created
A,SO20789,11x2796,บริษัท เพ็ท โฟกัส จำกัด,114000.00,2026-08-20,2026-08-25,5,Delivered
U,SO20790,11x1205,บริษัท ที เอส เค เอ็นจิเนียริ่ง (ไทยแลนด์) จำกัด,69500.00,2026-08-20,2026-09-25,36,Created
C,SO20791,11x1235,บริษัท บีเอเอสเอฟ (ไทย) จำกัด,192500.00,2026-08-20,2026-10-22,63,Created
U,SO20792,11x2706,บริษัท เอกศรา ซัพพลายเซอร์วิส จำกัด,16500.00,2026-08-20,2026-08-19,-1,Delivered
A,SO20793,11x1824,บริษัท มาร์ส เพ็ทแคร์ (ประเทศไทย) จำกัด,108000.00,2026-08-20,2026-11-25,97,Created
A,SO20794,11x1824,บริษัท มาร์ส เพ็ทแคร์ (ประเทศไทย) จำกัด,222000.00,2026-08-20,2026-11-25,97,Created
U,SO20795,11x31186,บริษัท สยาม พีเคเค เทค จำกัด,220546.00,2026-08-20,2026-12-11,113,Created
A,SO20796,11x2546,บริษัท ไทยมัลลิเอเบิลไอออนแอนด์สตีล จำกัด,75000.00,2026-08-20,2026-10-26,67,Created
U,SO20797,11x2176,บริษัท พี.เอส.ซี.ที.เอ็นจิเนียริ่ง (2009) จำกัด,66000.00,2026-08-20,2026-08-19,-1,Delivered
A,SO20798,11x1083,บริษัท ที เค เอส เคมิคอล (ประเทศไทย) จำกัด,48500.00,2026-08-20,2026-08-26,6,Delivered
A,SO20799,11x2260,บริษัท ซีพีเอฟ (ประเทศไทย)  จำกัด  (มหาชน),83000.00,2026-08-20,2026-10-25,66,Created
U,SO20800,11x1383,บริษัท สตาร์วอลล์ แมชชินเนอรี่ จำกัด,29400.00,2026-08-20,2026-12-25,127,Created
A,SO20801,11x2185,บริษัท ซีพีเอฟ  ( ประเทศไทย) จำกัด (มหาชน),86000.00,2026-08-20,2026-09-25,36,Created
D,SO20802,11x2391,บริษัท นอร์ธเทอร์น ฟู้ด คอมเพล็กซ์ จำกัด,24600.00,2026-08-20,2026-10-16,57,Created
A,SO20803,11x2184,บริษัท ซีพีเอฟ (ประเทศไทย) จำกัด(มหาชน),108900.00,2026-08-20,2026-09-25,36,Created
A,SO20804,11x2277,บริษัท สยามซานิทารีแวร์อินดัสทรี (หนองแค)จำกัด,62500.00,2026-09-04,2026-10-26,52,Created
U,SO20805,11x1889,บริษัท เอนริช (ประเทศไทย) จำกัด,57000.00,2026-09-04,2026-10-25,51,Created
D,SO20806,11x271772,บริษัท เชฟรอน (ไทย)  จำกัด,30000.00,2026-09-04,2026-08-25,-10,Delivered
D,SO20807,11x271772,บริษัท เชฟรอน (ไทย)  จำกัด,44500.00,2026-09-04,2026-09-25,21,Created
A,SO20808,11x3021,บริษัท เอสซีจี เซรามิกส์ จำกัด (มหาชน),2800.00,2026-09-04,2026-09-04,0,Delivered
A,SO20809,11x3021,บริษัท เอสซีจี เซรามิกส์ จำกัด (มหาชน),24000.00,2026-09-04,2026-09-25,21,Created
C,SO20810,11x1238,บริษัท เอ็มอาร์ที เรซิน (ประเทศไทย) จำกัด,33800.00,2026-09-04,2026-10-16,42,Created
U,SO20811,11x2629,บริษัท ทีทีซีแอล จำกัด (มหาชน),33000.00,2026-09-04,2026-08-31,-4,Delivered
A,SO20812,11x24817,บริษัท นิปปอนเพนต์ (ประเทศไทย)  จำกัด,21160.00,2026-09-04,2026-11-25,82,Created
A,SO20813,11x24817,บริษัท นิปปอนเพนต์ (ประเทศไทย)  จำกัด,67333.34,2026-09-04,2026-11-25,82,Created
U,SO20814,11x1748,บริษัท ด็อทแบมบู(กรุงเทพ) จำกัด,332000.00,2026-09-04,2026-12-25,112,Created
D,SO20815,11x271772,บริษัท เชฟรอน (ไทย)  จำกัด,66500.00,2026-09-04,2026-11-13,70,Created
C,SO20816,11x2486,บริษัท เฟื่องฟูอนันต์ จำกัด,11400.00,2026-09-04,2026-12-21,108,Created
U,SO20817,11x42788,บริษัท บางกอกโคลด์สโตริจเซอร์วิส จำกัด,20000.00,2026-09-04,2026-09-18,14,Created
U,SO20818,11x42788,บริษัท บางกอกโคลด์สโตริจเซอร์วิส จำกัด,12000.00,2026-09-04,2026-09-18,14,Created
C,SO20819,11x1869,บริษัท วนชัย กรุ๊ป จำกัด (มหาชน),47950.00,2026-09-04,2026-09-25,21,Created
A,SO20820,11x926,บริษัท เบทาโกร  จำกัด (มหาชน),163500.00,2026-09-04,2026-08-25,-10,Delivered
A,SO20821,11x926,บริษัท เบทาโกร  จำกัด (มหาชน),163500.00,2026-09-04,2026-11-25,82,Created
A,SO20822,11x1013,บริษัท คาร์กิลล์สยาม จำกัด,8200.00,2026-09-04,2026-09-25,21,Created
U,SO20823,11x2102,บริษัท เกษตรภัณฑ์อุตสาหกรรม จำกัด,9399980.00,2026-09-04,2026-12-12,99,Created
D,SO20824,11x1036,บริษัท เชลล์แห่งประเทศไทย จำกัด,48000.00,2026-09-04,2026-09-30,26,Created
D,SO20825,11x1826,บริษัท บี.พี.แอร์ แอนด์ เอ็นจิเนียริ่ง จำกัด,3780.00,2026-09-04,2026-08-26,-9,Delivered
B,SO20826,11x2475,บริษัท สยามอุตสาหกรรมยิปซัม (สระบุรี) จำกัด,18000.00,2026-09-04,2026-09-25,21,Created
U,SO20827,11x173315,บริษัท เอเชี่ยน นิวทริชั่น จำกัด,51000.00,2026-09-04,2026-09-18,14,Created
U,SO20828,11x1205,บริษัท ที เอส เค เอ็นจิเนียริ่ง (ไทยแลนด์) จำกัด,39900.00,2026-09-04,2026-09-25,21,Created
U,SO20829,11x2718,บริษัท กรีนคอร์ป จำกัด,602400.00,2026-09-04,2026-11-25,82,Created
U,SO20830,11x49029,บริษัท จีซีพี แอพพลายด์ เทคโนโลยีส์ โฮลดิ้งส์,67000.00,2026-09-04,2026-10-02,28,Created
D,SO20831,11x1080,HMC Polymers Company  Limited,22000.00,2026-09-04,2026-12-25,112,Created
U,SO20832,11x1475,บริษัท โฟคัส แมคคานิค จำกัด,46000.00,2026-09-04,2026-08-27,-8,Delivered
D,SO20833,11x1073,บริษัท โดล ไทยแลนด์ จำกัด,7300.00,2026-09-04,2026-09-11,7,Delivered
A,SO20834,11x1442,บริษัท โฟมเทค อินเตอร์เนชั่นแนล จำกัด,68670.00,2026-09-04,2026-12-25,112,Created
A,SO20835,11x1442,บริษัท โฟมเทค อินเตอร์เนชั่นแนล จำกัด,39985.00,2026-09-04,2026-12-25,112,Created
R,SO20836,11x2275,บริษัท กรุงเทพ ซินธิติกส์ จำกัด,80160.00,2026-09-04,2026-10-22,48,Created
U,SO20837,11x1469,บริษัท แท็คโก้ เจนเนอเรชั่น จำกัด,48000.00,2026-09-04,2026-09-18,14,Created
A,SO20838,11x2184,บริษัท ซีพีเอฟ (ประเทศไทย) จำกัด(มหาชน),99000.00,2026-09-04,2026-09-25,21,Created
A,SO20839,11x1051,บริษัท ทีโอเอ เพ้นท์ (ประเทศไทย) จำกัด (มหาชน),129000.00,2026-09-04,2026-11-05,62,Created
R,SO20840,11x943,บริษัท ไทยโพลิเอททีลีน จำกัด,86815.00,2026-09-04,2026-09-10,6,Created
R,SO20841,11x2275,บริษัท กรุงเทพ ซินธิติกส์ จำกัด,53765.00,2026-09-04,2026-10-22,48,Created
B,SO20842,11x1844,Carbide Chemical (Thailand) Ltd.,60663.00,2026-09-04,2026-10-16,42,Created
A,SO20843,11x2187,บริษัท ซีพีเอฟ (ประเทศไทย)  จำกัด(มหาชน),86000.00,2026-09-04,2026-09-25,21,Created
R,SO20844,11x1151,บริษัท ไออาร์พีซี จำกัด (มหาชน),25700.00,2026-09-04,2026-11-05,62,Created
C,SO20845,11x1165,บริษัท กู๊ดเยียร์ (ประเทศไทย) จำกัด (มหาชน),38400.00,2026-09-04,2026-09-25,21,Created
B,SO20846,11x1844,Carbide Chemical (Thailand) Ltd.,15800.00,2026-09-04,2026-09-25,21,Created
C,SO20847,11x933,บริษัท อีเทอนัล เรซิ่น จำกัด,410000.00,2026-09-04,2026-10-30,56,Created
U,SO20848,11x50554,บริษัท วีทรีพี เอ็นจิเนียริ่ง จำกัด,10000.00,2026-09-04,2026-10-19,45,Created
U,SO20849,11x2176,บริษัท พี.เอส.ซี.ที.เอ็นจิเนียริ่ง (2009) จำกัด,33000.00,2026-09-04,2026-08-31,-4,Delivered
D,SO20850,11x252355,บริษัท สยามพรีเสิร์ฟฟู้ดส์ จำกัด,46728.97,2026-09-04,2026-09-03,-1,Delivered
A,SO20851,11x1051,บริษัท ทีโอเอ เพ้นท์ (ประเทศไทย) จำกัด (มหาชน),40000.00,2026-09-04,2026-09-11,7,Created
U,SO20852,11x302896,บริษัท ไทยสเปเชียลตี้ เคมีเคิล จำกัด,115000.00,2026-09-04,2026-09-11,7,Created
U,SO20853,11x235894,บริษัท แคส เอ็นจิเนียริ่ง แอนด์ โซลูชั่น จำกัด,5000.00,2026-09-04,2026-09-25,21,Created
U,SO20854,11x235894,บริษัท แคส เอ็นจิเนียริ่ง แอนด์ โซลูชั่น จำกัด,6500.00,2026-09-04,2026-09-25,21,Created
U,SO20855,11x31186,บริษัท สยาม พีเคเค เทค จำกัด,42000.00,2026-09-04,2026-10-12,38,Created
C,SO20856,11x930,บริษัท ยูนิลีเวอร์ ไทยโฮลดิ้งส์ จำกัด,108000.00,2026-09-04,2026-11-19,76,Created
D,SO20857,11x81127,บริษัท ท่อส่งปิโตรเลียมไทย จำกัด,118000.00,2026-09-04,2027-01-08,126,Created
U,SO20858,11x1115,บริษัท ไทคิชา (ประเทศไทย) จำกัด,7000.00,2026-09-04,2026-09-25,21,Created
U,SO20859,11x21636,บริษัท โนวาซิล (ไทยแลนด์) จำกัด,342000.00,2026-09-04,2026-10-25,51,Created
A,SO20860,11x1051,บริษัท ทีโอเอ เพ้นท์ (ประเทศไทย) จำกัด (มหาชน),32500.00,2026-09-04,2026-09-30,26,Created
D,SO20861,11x1080,HMC Polymers Company  Limited,152000.00,2026-09-04,2027-01-29,147,Created
D,SO20862,11x1370,บริษัท ดารามิค (ประเทศไทย) จำกัด,138500.00,2026-09-04,2026-12-25,112,Created
C,SO20863,11x2677,บริษัท ไอกะ หาดใหญ่ จำกัด,280000.00,2026-09-04,2026-12-25,112,Created
D,SO20864,11x2729,บริษัท โกลบอลกรีนเคมิคอล จำกัด (มหาชน),682100.00,2026-09-04,2026-12-07,94,Created
A,SO20865,11x206902,บริษัท คิงสแปน อินซูเลท พาแนลส์ (ประเทศไทย) จำกัด,16000.00,2026-09-04,2026-12-12,99,Created
U,SO20866,11x108812,บริษัท สไตล์ เอฟ เอ็นจิเนียริ่ง จำกัด,277500.00,2026-09-04,2026-10-09,35,Created
A,SO20867,11x24817,บริษัท นิปปอนเพนต์ (ประเทศไทย)  จำกัด,246392.00,2026-09-04,2026-12-25,112,Created
U,SO20868,11x266229,บจก.ไอทีที ฟลูอิด เทคโนโลยี่ อินเตอร์เนชั่นแนล (ประเทศไทย),26000.00,2026-09-04,2026-12-25,112,Created
A,SO20869,11x1013,บริษัท คาร์กิลล์สยาม จำกัด,2000.00,2026-09-04,2026-09-04,0,Created
R,SO20870,11x2151,บริษัท พีทีที โกลบอล เคมิคอล จำกัด (มหาชน),2490.00,2026-09-04,2026-12-15,102,Created
R,SO20871,11x943,บริษัท ไทยโพลิเอททีลีน จำกัด,75310.00,2026-09-04,2026-10-30,56,Created
U,SO20872,11x2498,บริษัท ทูเอฟ อินเตอร์พาร์ท แอนด์ ซัพพลาย จำกัด,18500.00,2026-09-04,2026-09-04,0,Created
U,SO20873,11x57925,บริษัท อีเทอนอล ซากาตะ อิ้งซ์ จำกัด,25500.00,2026-09-04,2026-09-11,7,Created
U,SO20874,11x304271,บริษัท ไทยโตไกคาร์บอนโปรดักท์โรจนะ จำกัด,131338.00,2026-09-15,2026-11-20,66,Created
C,SO20875,11x930,บริษัท ยูนิลีเวอร์ ไทยโฮลดิ้งส์ จำกัด,15000.00,2026-09-15,2026-12-19,95,Created
A,SO20876,11x1013,บริษัท คาร์กิลล์สยาม จำกัด,67000.00,2026-09-15,2026-09-07,-8,Delivered
U,SO20877,11x27792,บริษัท ซูเทค เอ็นจิเนียริ่ง จำกัด,17265080.11,2026-09-15,2027-03-10,176,Created
R,SO20878,11x1166,บริษัท สยามโพลีสไตรีน จำกัด,1560.00,2026-09-15,2026-09-17,2,Delivered
R,SO20879,11x2162,บริษัท อิวอนิก ยูไนเต็ด ซิลิกา (สยาม) จำกัด,9800.00,2026-09-15,2026-11-06,52,Created
U,SO20880,11x304271,บริษัท ไทยโตไกคาร์บอนโปรดักท์โรจนะ จำกัด,550000.00,2026-09-15,2027-03-01,167,Created
D,SO20881,11x1036,บริษัท เชลล์แห่งประเทศไทย จำกัด,28500.00,2026-09-15,2026-09-30,15,Created
U,SO20882,11x253582,บริษัท เอเนอร์โฟล จำกัด,315000.00,2026-09-15,2026-10-30,45,Created
A,SO20883,11x1484,บริษัท วอลล์ เทคโนโลยี จำกัด,9985.00,2026-09-15,2026-12-25,101,Created
D,SO20884,11x987,บริษัท ธนากรผลิตภัณฑ์น้ำมันพืช จำกัด,242400.00,2026-09-15,2026-10-30,45,Created
D,SO20885,11x2456,บริษัท พรีเมียร์ แทงค์ คอร์ปอเรชั่น จำกัด (มหาชน),153280.00,2026-09-15,2026-10-30,45,Created
U,SO20886,11x247395,บริษัท ยูเซ็น โลจิสติกส์ (ประเทศไทย)  จำกัด,14500.00,2026-09-15,2026-10-14,29,Created
A,SO20887,11x23083,บริษัท ซีพีเอฟ  (ประเทศไทย) จำกัด  (มหาชน),172000.00,2026-09-15,2026-12-25,101,Created
A,SO20888,11x2238,บริษัท  ซีพีเอฟ (ประเทศไทย) จำกัด (มหาชน),430000.00,2026-09-15,2026-12-25,101,Created
A,SO20889,11x2184,บริษัท ซีพีเอฟ (ประเทศไทย) จำกัด(มหาชน),99000.00,2026-09-15,2026-09-11,-4,Delivered
A,SO20890,11x2814,บริษัท เจ.ไอ.ที.อีควิปเม้นท์ จำกัด,73000.00,2026-09-15,2026-09-18,3,Delivered
B,SO20891,11x1844,Carbide Chemical (Thailand) Ltd.,38360.00,2026-09-15,2026-10-05,20,Created
B,SO20892,11x2466,บริษัท เจียไต๋ จำกัด,85000.00,2026-09-15,2026-10-02,17,Created
B,SO20893,11x1774,บริษัท แบนโด แมนูแฟคเจอริ่ง (ประเทศไทย) จำกัด,38000.00,2026-09-15,2026-09-25,10,Created
D,SO20894,11x1145,บริษัท พีทีจี เอ็นเนอยี จำกัด (มหาชน),76500.00,2026-09-15,2026-11-30,76,Created
A,SO20895,11x1442,บริษัท โฟมเทค อินเตอร์เนชั่นแนล จำกัด,546480.00,2026-09-15,2026-12-25,101,Created
U,SO20896,11x1383,บริษัท สตาร์วอลล์ แมชชินเนอรี่ จำกัด,42000.00,2026-09-15,2027-02-25,163,Created
U,SO20897,11x1383,บริษัท สตาร์วอลล์ แมชชินเนอรี่ จำกัด,42000.00,2026-09-15,2027-02-25,163,Created
U,SO20898,11x1383,บริษัท สตาร์วอลล์ แมชชินเนอรี่ จำกัด,84000.00,2026-09-15,2026-12-25,101,Created
U,SO20899,11x1383,บริษัท สตาร์วอลล์ แมชชินเนอรี่ จำกัด,84000.00,2026-09-15,2026-12-25,101,Created
C,SO20900,11x930,บริษัท ยูนิลีเวอร์ ไทยโฮลดิ้งส์ จำกัด,58900.00,2026-09-15,2026-10-19,34,Created
U,SO20901,11x2749,บริษัท เอเซีย แปซิฟิค ปิโตรเคมิคอล จำกัด,70000.00,2026-09-15,2026-10-16,31,Created
R,SO20902,11x2275,บริษัท กรุงเทพ ซินธิติกส์ จำกัด,66360.00,2026-09-15,2026-11-10,56,Created
R,SO20903,11x2275,บริษัท กรุงเทพ ซินธิติกส์ จำกัด,159600.00,2026-09-15,2026-11-10,56,Created
R,SO20904,11x2275,บริษัท กรุงเทพ ซินธิติกส์ จำกัด,19920.00,2026-09-15,2026-11-10,56,Created
R,SO20905,11x2275,บริษัท กรุงเทพ ซินธิติกส์ จำกัด,11200.00,2026-09-15,2026-11-10,56,Created
U,SO20906,11x304304,บริษัท เอสดี กัทธรี อินเตอร์เนชั่นแนล มรกต จำกัด(มหาชน),48900.00,2026-09-15,2026-11-06,52,Created
A,SO20907,11x43725,บริษัท เฌอร่า จำกัด (มหาชน),36800.00,2026-09-15,2026-09-11,-4,Delivered
A,SO20908,11x43723,บริษัท เฌอร่า  จำกัด (มหาชน),220800.00,2026-09-15,2026-10-19,34,Created
U,SO20909,11x304308,บริษัท อินโดรามา โพลีเมอร์ส จำกัด (มหาชน),22000.00,2026-09-15,2026-09-30,15,Created
A,SO20910,11x1051,บริษัท ทีโอเอ เพ้นท์ (ประเทศไทย) จำกัด (มหาชน),94760.00,2026-09-15,2026-10-15,30,Created
U,SO20911,11x257869,บริษัท บีเอเอสเอฟ โคทติ้งส์ จํากัด,73000.00,2026-09-15,2026-09-30,15,Created
A,SO20912,11x2182,บริษัท ซีพีเอฟ (ประเทศไทย) จำกัด  (มหาชน),34600.00,2026-09-15,2026-09-25,10,Delivered
A,SO20913,11x2182,บริษัท ซีพีเอฟ (ประเทศไทย) จำกัด  (มหาชน),34600.00,2026-09-15,2026-09-25,10,Created
U,SO20914,11x304314,บริษัท ปูนซีเมนต์นครหลวง  จำกัด (มหาชน),26600.00,2026-09-15,2026-09-14,-1,Created
A,SO20915,11x2796,บริษัท เพ็ท โฟกัส จำกัด,47000.00,2026-09-15,2026-09-16,1,Created
U,SO20916,11x1296,ห้างหุ้นส่วนจำกัด วิสรรการช่าง,14000.00,2026-09-15,2026-11-09,55,Created
R,SO20917,11x2275,บริษัท กรุงเทพ ซินธิติกส์ จำกัด,5000.00,2026-09-15,2026-11-06,52,Created
B,SO20918,11x193210,บริษัท โตโยต้า มอเตอร์ เอเชีย (ประเทศไทย) จำกัด,1000.00,2026-09-15,2026-09-24,9,Created
C,SO20919,11x936,บริษัท สยามมิชลิน จำกัด,62000.00,2026-09-23,2026-10-26,33,Created
A,SO20920,11x2669,บริษัท มากอตโต  จำกัด,36000.00,2026-09-23,2026-10-16,23,Created
R,SO20921,11x2025,บริษัท ซูมิโตโม รับเบอร์ (ไทยแลนด์) จำกัด,247500.00,2026-09-23,2026-11-25,63,Created
A,SO20922,11x24817,บริษัท นิปปอนเพนต์ (ประเทศไทย)  จำกัด,101000.00,2026-09-23,2026-12-25,93,Created
U,SO20923,11x101414,บริษัท พี.ดับบลิว.เอ็นจิเนียริ่งแอนด์เซอร์วิส จำกัด,111000.00,2026-09-23,2026-11-25,63,Created
A,SO20924,11x2439,บริษัท ลิกซิล (ประเทศไทย) จำกัด (มหาชน),20010.00,2026-09-23,2026-09-25,2,Delivered
A,SO20925,11x1021,บริษัท โคห์เลอร์ (ประเทศไทย) จำกัด (มหาชน),84000.00,2026-09-23,2026-09-25,2,Delivered
R,SO20926,11x2162,บริษัท อิวอนิก ยูไนเต็ด ซิลิกา (สยาม) จำกัด,2900.00,2026-09-23,2026-11-20,58,Created
U,SO20927,11x2792,บริษัท จี อินนอฟ จำกัด,15000.00,2026-09-23,2026-10-02,9,Created
A,SO20928,11x2234,บริษัท  ซีพีเอฟ (ประเทศไทย)  จำกัด (มหาชน),200000.00,2026-09-23,2026-12-12,80,Created
U,SO20929,11x305533,บริษัท คาสตรอล (ประเทศไทย) จำกัด,132462.00,2026-09-23,2026-11-20,58,Created
U,SO20930,11x1270,บริษัท บูรพา เทคโนโลยี่ จำกัด,97000.00,2026-09-23,2026-12-25,93,Created
A,SO20931,11x2439,บริษัท ลิกซิล (ประเทศไทย) จำกัด (มหาชน),55715.00,2026-09-23,2026-09-25,2,Delivered
U,SO20932,11x182530,บริษัท ไทย เบเวอร์เรจ แคน จำกัด,35000.00,2026-09-23,2026-10-16,23,Created
D,SO20933,11x2723,บริษัท เอเชี่ยน แอสฟัลท์ จำกัด,15750.00,2026-09-23,2026-09-30,7,Created
C,SO20934,11x148781,บริษัท ไอกะ ไทยเคมีภัณฑ์ จำกัด,370000.00,2026-09-23,2026-11-25,63,Created
R,SO20935,11x2151,บริษัท พีทีที โกลบอล เคมิคอล จำกัด (มหาชน),57000.00,2026-09-23,2027-01-18,117,Created
R,SO20936,11x2937,บริษัท แอคูชเน็ท ไทเทิลลิสท์ (ประเทศไทย) จำกัด,153000.00,2026-09-23,2026-11-25,63,Created
B,SO20937,11x269308,บริษัท วีพีไอ อินดัสตรี จำกัด,275000.00,2026-09-23,2026-12-25,93,Created
A,SO20938,11x1697,บริษัท อีเทอนอล ซากาตะ อิ้งซ์  จำกัด,41000.00,2026-09-23,2026-09-25,2,Created
D,SO20939,11x271772,บริษัท เชฟรอน (ไทย)  จำกัด,16500.00,2026-09-23,2026-11-27,65,Created
A,SO20940,11x2439,บริษัท ลิกซิล (ประเทศไทย) จำกัด (มหาชน),49775.00,2026-09-23,2026-09-23,0,Delivered
A,SO20941,11x2439,บริษัท ลิกซิล (ประเทศไทย) จำกัด (มหาชน),5940.00,2026-09-23,2026-09-22,-1,Created
A,SO20942,11x1229,พี.เจนเนอรัล ซัพพลาย,37800.00,2026-09-23,2026-12-25,93,Created
U,SO20943,11x2102,บริษัท เกษตรภัณฑ์อุตสาหกรรม จำกัด,332000.00,2026-09-23,2026-10-25,32,Created
U,SO20944,11x2999,บริษัท ไทรอัมฟ์ เอ็นจิเนียริ่ง จำกัด,500000.00,2026-09-23,2026-11-25,63,Created
C,SO20945,11x1476,บริษัท บริดจสโตนไทร์ แมนูแฟคเจอริ่ง (ประเทศไทย) จำกัด,98000.00,2026-09-23,2026-12-25,93,Created
U,SO20946,11x305904,บริษัท ไทยโตไกคาร์บอนโปรดักท์  จำกัด,735000.00,2026-09-28,2027-01-29,123,Created
U,SO20947,11x269274,บริษัท เพอร์เฟค คอมพาเนียน  กรุ๊ป  จำกัด,28400.00,2026-09-28,2026-12-25,88,Created
D,SO20948,11x81127,บริษัท ท่อส่งปิโตรเลียมไทย จำกัด,46500.00,2026-09-28,2026-12-08,71,Created
C,SO20949,11x1234,ห้างหุ้นส่วนจำกัด บี.อาร์.เอส.อินเตอร์เทรด,42000.00,2026-09-28,2026-11-18,51,Created
C,SO20950,11x236593,บริษัท โปรเกรส เทคโนโลยี ยูทิลิตีส์ จำกัด,22000.00,2026-09-28,2026-10-02,4,Created
A,SO20951,11x2234,บริษัท  ซีพีเอฟ (ประเทศไทย)  จำกัด (มหาชน),100000.00,2026-09-28,2026-10-02,4,Created
R,SO20952,11x1908,บริษัท ออลเน็กซ์ (ประเทศไทย) จำกัด,1925000.00,2026-09-28,2026-12-25,88,Created
U,SO20953,11x1383,บริษัท สตาร์วอลล์ แมชชินเนอรี่ จำกัด,42000.00,2026-09-28,2027-02-25,150,Created
U,SO20954,11x182530,บริษัท ไทย เบเวอร์เรจ แคน จำกัด,35000.00,2026-09-28,2026-11-25,58,Created
U,SO20955,11x9822,บริษัท อาร์ซีไอ แล็บสแกน จำกัด,16200.00,2026-09-28,2026-10-02,4,Created
D,SO20956,11x3014,บริษัท ปตท. น้ำมันและการค้าปลีก จำกัด (มหาชน),56000.00,2026-09-28,2026-10-16,18,Created
R,SO20957,11x2151,บริษัท พีทีที โกลบอล เคมิคอล จำกัด (มหาชน),67330.00,2026-10-03,2026-12-15,73,Created
R,SO20958,11x2151,บริษัท พีทีที โกลบอล เคมิคอล จำกัด (มหาชน),15700.00,2026-10-03,2026-12-25,83,Created
C,SO20959,11x930,บริษัท ยูนิลีเวอร์ ไทยโฮลดิ้งส์ จำกัด,189525.00,2026-10-03,2026-11-19,47,Created
U,SO20960,11x1383,บริษัท สตาร์วอลล์ แมชชินเนอรี่ จำกัด,42000.00,2026-10-03,2027-02-25,145,Created
A,SO20961,11x1133,บริษัท เอ็น เอช เค สปริง (ประเทศไทย)  จำกัด,49425.00,2026-10-03,2026-12-25,83,Created
A,SO20962,11x2587,บริษัท ซีพีเอฟ  (ประเทศไทย)  จำกัด (มหาชน),86000.00,2026-10-03,2026-11-25,53,Created
A,SO20963,11x1051,บริษัท ทีโอเอ เพ้นท์ (ประเทศไทย) จำกัด (มหาชน),134850.00,2026-10-03,2026-12-22,80,Created
A,SO20964,11x43723,บริษัท เฌอร่า  จำกัด (มหาชน),220800.00,2026-10-03,2026-12-25,83,Created
A,SO20965,11x1133,บริษัท เอ็น เอช เค สปริง (ประเทศไทย)  จำกัด,33750.00,2026-10-03,2026-11-25,53,Created
A,SO20966,11x35545,บริษัท เฉียวฟู (ไทยแลนด์) จำกัด,29925.00,2026-10-03,2026-10-09,6,Created
A,SO20967,11x1697,บริษัท อีเทอนอล ซากาตะ อิ้งซ์  จำกัด,36255.00,2026-10-03,2026-10-08,5,Created
U,SO20968,11x2674,บริษัท ซิสทาโน่ จำกัด,65400.00,2026-10-03,2026-12-22,80,Created
A,SO20969,11x1834,บริษัท ยูไนเต็ด ซัพพลาย แอนด์ มัลติเทรด จำกัด,172800.00,2026-10-03,2026-11-25,53,Created
R,SO20970,11x2275,บริษัท กรุงเทพ ซินธิติกส์ จำกัด,1590.00,2026-10-03,2026-12-08,66,Created
R,SO20971,11x2275,บริษัท กรุงเทพ ซินธิติกส์ จำกัด,87814.00,2026-10-03,2026-12-08,66,Created
B,SO20972,11x1979,บริษัท ปูนซีเมนต์เอเซีย จำกัด  (มหาชน),1548450.00,2026-10-03,2027-03-31,179,Created
C,SO20973,11x930,บริษัท ยูนิลีเวอร์ ไทยโฮลดิ้งส์ จำกัด,65000.00,2026-10-03,2026-11-19,47,Created
U,SO20974,11x144992,บริษัท ไอ- คอนส์ เอเชีย  จำกัด,39600.00,2026-10-03,2026-10-30,27,Created
D,SO20975,11x2125,บริษัท ดับเบิ้ลยูจีซี จำกัด,368000.00,2026-10-03,2026-12-29,87,Created
D,SO20976,11x1080,HMC Polymers Company  Limited,27000.00,2026-10-03,2026-12-14,72,Created
A,SO20977,11x43725,บริษัท เฌอร่า จำกัด (มหาชน),13860.00,2026-10-03,2026-10-09,6,Created
A,SO20978,11x206902,บริษัท คิงสแปน อินซูเลท พาแนลส์ (ประเทศไทย) จำกัด,34500.00,2026-10-03,2026-10-16,13,Created
