group,priority,task,reason,owner
A,High,Clear stalled quotations older than 90 days,"632 open quotes, oldest 732 days",Group A
A,High,Re-activate Idle DBD Factories (>100M Capital),"Targets: บริษัท เหล็กแผ่นรีดเย็นไทย จำกัด (มหาชน), บริษัท เหล็กแผ่นรีดเย็นไทย จำกัด (มหาชน), บริษัท จี เจ สตีล จำกัด (มหาชน), บริษัท เอจีซี แฟลทกลาส (ประเทศไทย) จำกัด (มหาชน), Siam Synthetic Latex Co.,Ltd. (+330 more)",Sales Team
A,Medium,Schedule Visit for Active Accounts (Zero Visits YTD),"Top Value Targets: บริษัท ทีโอเอ เพ้นท์ (ประเทศไทย) จำกัด (มหาชน), บริษัท เฌอร่า  จำกัด (มหาชน), บริษัท คาร์กิลล์สยาม จำกัด, บริษัท  ซีพีเอฟ (ประเทศไทย)  จำกัด (มหาชน), บริษัท เบทาโกร  จำกัด (มหาชน) (+30 more)",Sales Team
B,High,Clear stalled quotations older than 90 days,"502 open quotes, oldest 732 days",Group B
B,High,Re-activate Idle DBD Factories (>100M Capital),"Targets: DOW CHEMICAL THAILAND LIMITED, บริษัท มาสด้า พาวเวอร์เทรน แมนูแฟคเจอริ่ง (ประเทศไทย) จำกัด, บริษัท ปูนซีเมนต์เอเซีย จำกัด (มหาชน), บริษัท นวโลหะอุตสาหกรรม จำกัด, การไฟฟ้าฝ่ายผลิต แห่งประเทศไทย (+337 more)",Sales Team
B,Medium,Schedule Visit for Active Accounts (Zero Visits YTD),"Top Value Targets: บริษัท  โรจนะ อินดัสเตรียล แมเนจเม้นท์ จำกัด, บริษัท ปูนซิเมนต์ไทย (ท่าหลวง) จำกัด, บริษัท ปูนซีเมนต์เอเซีย จำกัด  (มหาชน), บริษัท สยาม พีวีเอส เคมิคอลส์ จำกัด, บริษัท สวนอุตสาหกรรมโรจนะ จำกัด (มหาชน) (+11 more)",Sales Team
C,High,Clear stalled quotations older than 90 days,"662 open quotes, oldest 732 days",Group C
C,High,Re-activate Idle DBD Factories (>100M Capital),"Targets: บริษัท พรีฟอร์มด์ ไลน์ โปรดัคส์ (ประเทศไทย) จำกัด, บริษัท เอสซีจี เคมิคอลส์ จำกัด, บริษัท จีจีซี เคทิส ไบโออินดัสเทรียล จำกัด, บริษัท อัพเวนเจอร์ จำกัด, HMC Polymers (+313 more)",Sales Team
C,Medium,Schedule Visit for Active Accounts (Zero Visits YTD),"Top Value Targets: บริษัท เมโทร ปาร์ติเกิล จำกัด, บริษัท เทย์ก้า (ไทยแลนด์) จำกัด, บริษัท ยูนิลีเวอร์ ไทยโฮลดิ้งส์ จำกัด, บริษัท อุตสาหกรรมมิตรมงคล จำกัด, บริษัท ไอกะ ไทยเคมีภัณฑ์ จำกัด (+19 more)",Sales Team
D,High,Clear stalled quotations older than 90 days,"466 open quotes, oldest 732 days",Group D
D,High,Re-activate Idle DBD Factories (>100M Capital),"Targets: บริษัท ปตท.สผ.อินเตอร์เนชั่นแนล จำกัด, บริษัท ไทยลู้บเบส จำกัด (มหาชน), บริษัท เอสโซ่ (ประเทศไทย) จำกัด (มหาชน), บริษัท ไทยโอลีโอเคมี จำกัด, ผลิตไฟฟ้าราชบุรี (+418 more)",Sales Team
D,Medium,Schedule Visit for Active Accounts (Zero Visits YTD),"Top Value Targets: บริษัท โกลบอลกรีนเคมิคอล จำกัด (มหาชน), บริษัท บีบีจีไอ ไบโอดีเซล จำกัด, HMC Polymers Company  Limited, บริษัท บางจาก คอร์ปอเรชั่น จำกัด (มหาชน), บริษัท รุ่งเรือง (1990) จำกัด (+15 more)",Sales Team
R,High,Clear stalled quotations older than 90 days,"127 open quotes, oldest 731 days",Group R
R,High,Re-activate Idle DBD Factories (>100M Capital),"Targets: บริษัท ไทยโพลิเอททีลีน  จำกัด, บริษัท ระยองโอเลฟินส์ จำกัด, บริษัท เอ็มทีพี เอชพีพีโอ แมนูแฟคเจอริ่ง จำกัด, บริษัท แม็กซิส อินเตอร์เนชั่นแนล (ประเทศไทย) จำกัด, บริษัท จี สตีล จำกัด (มหาชน) (+159 more)",Sales Team
R,Medium,Schedule Visit for Active Accounts (Zero Visits YTD),"Top Value Targets: บริษัท กรุงเทพ ซินธิติกส์ จำกัด, บริษัท ออลเน็กซ์ (ประเทศไทย) จำกัด, บริษัท แอคูชเน็ท ไทเทิลลิสท์ (ประเทศไทย) จำกัด, บริษัท พีทีที โกลบอล เคมิคอล จำกัด (มหาชน), บริษัท เอ็นเอส บลูสโคป (ประเทศไทย) จำกัด (+22 more)",Sales Team
U,High,Clear stalled quotations older than 90 days,"1719 open quotes, oldest 732 days",Group U
U,High,Re-activate Idle DBD Factories (>100M Capital),"Targets: โรงไฟฟ้าวังน้อย, บริษัท ท่าอากาศยานไทย จำกัด (มหาชน), บริษัท ริเวอร์โปร์ พัลพ แอนด์ เพเพอร์ จำกัด, บริษัท ซีเกท เทคโนโลยี(ประเทศไทย) จำกัด, บริษัท บางปะอิน โคเจนเนอเรชั่น จำกัด (+2374 more)",Sales Team
U,Medium,Schedule Visit for Active Accounts (Zero Visits YTD),"Top Value Targets: บริษัท ซูเทค เอ็นจิเนียริ่ง จำกัด, บริษัท โพลีเทคโนโลยี จำกัด, บริษัท เอสเอ็นยู โซลูชั่น โพรไวด์เดอร์ จำกัด, บริษัท ยู.เอ.อี. เพาเวอร์ จำกัด, บริษัท อัครา รีซอร์สเซส จำกัด (มหาชน) (+113 more)",Sales Team
