so_id,quote_ref,sales_id,client_id,client_name,value_thb,booking_date,delivery_date,status
SO19953,25R1173,19x43,11x1732,,13206.00,2026-01-15 02:49:46,2026-01-09,Created
SO19954,25R1181,19x34,11x1165,,19200.00,2026-01-15 02:49:46,2025-12-25,Delivered
SO19955,25R1253,19x34,11x2072,,54320.00,2026-01-15 02:49:46,2026-01-25,Created
SO19956,25R1254,19x51,11x2937,,149000.00,2026-01-15 02:49:46,2026-06-10,Created
SO19957,25R1255,19x51,11x2937,,370000.00,2026-01-15 02:49:46,2026-06-10,Created
SO19958,25R1256,19x18,11x94683,,7000.00,2026-01-15 02:49:46,2026-04-03,Created
SO19959,25R1257,19x18,11x71540,,1800.00,2026-01-15 02:49:47,2026-02-06,Delivered
SO19960,25R1258,19x18,11x1645,,256500.00,2026-01-15 02:49:47,2026-02-03,Created
SO19961,25R1259,19x18,11x228034,,2235000.00,2026-01-15 02:49:47,2026-09-11,Created
SO19962,25R1260,19x18,11x1240,,364000.00,2026-01-15 02:49:47,2026-01-30,Created
SO19963,25R1261,19x18,11x21636,,98800.00,2026-01-15 02:49:47,2026-01-30,Created
SO19964,25R1262,19x18,11x1050,,520000.00,2026-01-15 02:49:47,2026-06-12,Created
SO19965,26R0001,19x18,11x1331,,24500.00,2026-01-15 02:50:12,2026-04-24,Created
SO19966,26R0002,19x23,11x2941,,57300.00,2026-01-15 02:50:12,2026-02-20,Created
SO19967,26R0003,19x34,11x1476,,65400.00,2026-01-15 02:50:12,2026-01-20,Created
SO19968,26R0004,19x23,11x175944,,25000.00,2026-01-15 02:50:12,2026-01-30,Created
SO19969,26R0005,19x18,11x958,,52605.00,2026-01-15 02:50:12,2026-05-15,Created
SO19970,26R0006,19x27,11x3092,,19500.00,2026-01-15 02:50:12,2026-04-25,Created
SO19971,26R0007,19x27,11x1038,,21600.00,2026-01-15 02:50:12,2026-02-25,Created
SO19972,26R0008,19x51,11x1853,,40000.00,2026-01-15 02:50:12,2026-04-07,Created
SO19973,26R0009,19x27,11x1038,,322000.00,2026-01-15 02:50:12,2026-04-25,Created
SO19974,26R0010,19x18,11x110483,,14995.00,2026-01-15 02:50:12,2026-03-13,Delivered
SO19975,26R0011,19x23,11x1010,,24000.00,2026-01-15 02:50:12,2026-01-23,Created
SO19976,26R0012,19x18,11x21636,,68000.00,2026-01-15 02:50:12,2026-03-06,Created
SO19977,26R0013,19x18,11x1846,,35100.00,2026-01-15 02:50:12,2026-03-09,Created
SO19978,26R0014,19x27,11x1038,,2184880.00,2026-01-15 02:50:12,2026-04-25,Created
SO19979,26R0015,19x27,11x1158,,3640.00,2026-01-15 02:50:12,2026-04-25,Created
SO19980,26R0016,19x18,11x1111,,26000.00,2026-01-15 02:50:12,2026-01-23,Delivered
SO19981,26R0017,19x51,11x2553,,34770.00,2026-01-15 02:50:12,2026-03-18,Created
SO19982,26R0018,19x23,11x1010,,70000.00,2026-01-15 02:50:12,2026-01-30,Created
SO19983,26R0019,19x23,11x107615,,76000.00,2026-01-15 02:50:12,2026-01-16,Created
SO19984,26R0020,19x19,11x1045,,20000.00,2026-01-15 02:50:12,2026-01-23,Delivered
SO19985,26R0021,19x18,11x933,,495600.00,2026-01-15 02:50:13,2026-05-29,Created
SO19986,26R0022,19x34,11x1165,,19200.00,2026-01-15 02:50:13,2026-02-09,Created
SO19987,26R0023,19x23,11x1010,,13600.00,2026-01-15 02:50:13,2026-01-30,Created
SO19988,26R0024,19x19,11x1383,,84000.00,2026-01-15 02:50:13,2026-04-25,Created
SO19989,26R0025,19x19,11x1383,,42000.00,2026-01-15 02:50:13,2026-06-25,Created
SO19990,26R0026,19x19,11x1383,,42000.00,2026-01-15 02:50:13,2026-06-25,Created
SO19991,26R0027,19x18,11x210421,,64500.00,2026-01-15 02:50:13,2026-02-28,Created
SO19992,26R0028,19x18,11x1052,,67000.00,2026-01-15 02:50:13,2026-04-24,Created
SO19993,26R0029,19x45,11x1234,,4500.00,2026-01-15 02:50:13,2026-01-27,Created
SO19994,26R0030,19x43,11x250662,,968000.00,2026-01-15 02:50:13,2026-05-18,Created
SO19995,26R0031,19x43,11x240956,,3900.00,2026-01-21 07:48:55,2026-02-23,Created
SO19996,26R0032,19x43,11x124486,,186000.00,2026-01-21 07:48:55,2026-03-24,Created
SO19997,26R0033,19x43,11x1139,,80000.00,2026-01-21 07:48:55,2026-04-14,Created
SO19998,26R0034,19x23,11x1826,,135000.00,2026-01-21 07:48:55,2026-02-13,Created
SO19999,26R0035,19x18,11x22237,,63000.00,2026-01-21 07:48:55,2026-03-20,Created
SO20000,26R0036,19x43,11x2930,,253400.00,2026-01-21 07:48:55,2026-02-18,Created
SO20001,26R0037,19x27,11x4034,,12100.00,2026-01-21 07:48:55,2026-01-26,Created
SO20002,26R0038,19x18,11x236593,,8400.00,2026-01-21 07:48:55,2026-01-26,Created
SO20003,26R0039,19x34,11x1191,,24800.00,2026-01-21 07:48:55,2026-01-23,Delivered
SO20004,26R0040,19x19,11x3021,,24000.00,2026-01-21 07:48:55,2026-01-23,Created
SO20005,26R0041,19x23,11x1381,,155782.00,2026-01-21 07:48:55,2026-03-19,Created
SO20006,26R0042,19x18,11x1946,,114000.00,2026-01-21 07:48:55,2026-05-15,Created
SO20007,26R0043,19x45,11x250912,,97250.00,2026-01-21 07:48:55,2026-02-26,Created
SO20008,26R0044,19x18,11x2275,,157080.00,2026-01-21 07:48:55,2026-04-03,Created
SO20009,26R0045,19x45,11x1234,,4500.00,2026-01-21 07:48:55,2026-01-21,Created
SO20010,26R0046,19x23,11x1036,,50000.00,2026-01-21 07:48:55,2026-01-30,Created
SO20011,26R0047,19x45,11x1749,,27000.00,2026-01-21 07:48:55,2026-01-22,Created
SO20012,26R0048,19x18,11x930,,20625.00,2026-01-21 07:48:56,2026-03-25,Created
SO20013,26R0049,19x34,11x116185,,94050.00,2026-01-21 07:48:56,2026-03-25,Created
SO20014,26R0050,19x18,11x2634,,113000.00,2026-01-21 07:48:56,2026-01-23,Delivered
SO20015,26R0051,19x18,11x1042,,39000.00,2026-01-21 07:48:56,2026-01-26,Created
SO20016,26R0052,19x51,11x2937,,110850.00,2026-01-21 07:48:56,2026-04-20,Created
SO20017,26R0053,19x51,11x2937,,127300.00,2026-01-21 07:48:56,2026-01-20,Created
SO20018,26R0054,19x19,11x53966,,124110.00,2026-01-21 07:48:56,2026-05-25,Created
SO20019,26R0055,19x51,11x1620,,37000.00,2026-01-21 07:48:56,2026-03-31,Created
SO20020,26R0056,19x18,11x1052,,187000.00,2026-01-21 07:48:56,2026-02-25,Created
SO20021,26R0057,19x18,11x1052,,106485.00,2026-01-21 07:48:56,2026-02-25,Created
SO20022,26R0058,19x18,11x2814,,73000.00,2026-01-21 07:48:56,2026-01-27,Created
SO20023,26R0059,19x18,11x1245,,7600.00,2026-01-21 07:48:56,2026-02-06,Created
SO20024,26R0061,19x18,11x22237,,23000.00,2026-01-21 07:48:56,2026-03-20,Created
SO20025,26R0062,19x18,11x242155,,75000.00,2026-02-06 04:14:49,2026-01-25,Delivered
SO20026,26R0063,19x23,11x1065,,135000.00,2026-02-06 04:14:49,2026-04-30,Created
SO20027,26R0064,19x27,11x1270,,64800.00,2026-02-06 04:14:49,2026-04-05,Created
SO20028,26R0065,19x18,11x1042,,150000.00,2026-02-06 04:14:49,2026-03-20,Created
SO20029,26R0066,19x27,11x1158,,81600.00,2026-02-06 04:14:49,2026-04-25,Created
SO20030,26R0067,19x19,11x1045,,20000.00,2026-02-06 04:14:49,2026-02-13,Delivered
SO20031,26R0068,19x27,11x253589,,550000.00,2026-02-06 04:14:49,2026-01-26,Delivered
SO20032,26R0069,19x18,11x2275,,117939.00,2026-02-06 04:14:49,2026-04-03,Created
SO20033,26R0070,19x45,11x1073,,15000.00,2026-02-06 04:14:49,2026-02-06,Delivered
SO20034,26R0071,19x43,11x3014,,53500.00,2026-02-06 04:14:49,2026-02-16,Created
SO20035,26R0072,19x18,11x157867,,397500.00,2026-02-06 04:14:49,2026-07-25,Created
SO20036,26R0073,19x18,11x2151,,19475.00,2026-02-06 04:14:49,2026-03-23,Created
SO20037,26R0074,19x18,,,38000.00,2026-02-06 04:14:49,2026-04-03,Created
SO20038,26R0075,19x23,11x186186,,364720.00,2026-02-06 04:14:49,2026-04-27,Created
SO20039,26R0076,19x19,11x3021,,900.00,2026-02-06 04:14:49,2026-03-25,Created
SO20040,26R0077,19x18,11x211439,,716000.00,2026-02-06 04:14:49,2026-02-25,Created
SO20041,26R0078,19x18,11x228034,,127000.00,2026-02-06 04:14:49,2026-02-06,Delivered
SO20042,26R0079,19x43,11x2023,,47200.00,2026-02-06 04:14:50,2026-02-13,Created
SO20043,26R0080,19x23,11x119254,,195000.00,2026-02-06 04:14:50,2026-04-30,Created
SO20044,26R0081,19x19,11x43723,,184000.00,2026-02-06 04:14:50,2026-03-25,Created
SO20045,26R0082,19x18,11x22237,,37000.00,2026-02-06 04:14:50,2026-02-06,Created
SO20046,26R0083,19x48,11x2629,,39000.00,2026-02-06 04:14:50,2026-02-27,Delivered
SO20047,26R0084,19x23,11x155074,,60000.00,2026-02-06 04:14:50,2026-02-27,Created
SO20048,26R0085,19x45,11x2003,,27000.00,2026-02-06 04:14:50,2026-02-06,Delivered
SO20049,26R0086,19x23,11x1036,,36000.00,2026-02-06 04:14:50,2026-02-27,Created
SO20050,26R0087,19x18,11x24817,,20385.60,2026-02-06 04:14:50,2026-03-25,Created
SO20051,26R0088,19x18,11x24817,,65000.00,2026-02-06 04:14:50,2026-03-13,Created
SO20052,26R0089,19x18,11x24817,,65000.00,2026-02-06 04:14:50,2026-02-13,Delivered
SO20053,26R0090,19x18,11x92729,,41500.00,2026-02-06 04:14:50,2026-02-25,Created
SO20054,26R0091,19x51,11x2937,,127500.00,2026-02-06 04:14:50,2026-04-20,Created
SO20055,26R0092,19x18,11x1080,,325695.00,2026-02-06 04:14:50,2026-05-25,Created
SO20056,26R0093,19x27,11x4034,,51000.00,2026-02-06 04:14:50,2026-02-06,Created
SO20057,26R0094,19x18,11x2275,,13800.00,2026-02-06 04:14:50,2026-04-03,Created
SO20058,26R0095,19x51,11x2553,,10250.00,2026-02-06 04:14:50,2026-04-10,Created
SO20059,26R0096,19x19,11x3021,,1200.00,2026-02-06 04:14:50,2026-03-13,Created
SO20060,26R0097,19x18,11x1235,,723000.00,2026-02-06 04:14:50,2026-03-25,Created
SO20061,26R0098,19x23,11x170070,,64000.00,2026-02-06 04:14:50,2026-10-01,Created
SO20062,26R0099,19x45,11x42788,,20000.00,2026-02-06 04:14:50,2026-02-27,Created
SO20063,26R0100,19x45,11x42788,,5650.00,2026-02-06 04:14:50,2026-02-27,Created
SO20064,26R0101,19x27,11x2212,,44710.00,2026-02-06 04:14:51,2026-03-25,Created
SO20065,26R0102,19x18,11x2151,,32800.00,2026-02-06 04:14:51,2026-04-24,Created
SO20066,26R0103,19x19,11x2805,,24000.00,2026-02-06 04:14:51,2026-02-06,Delivered
SO20067,26R0104,19x45,11x76054,,20000.00,2026-02-06 04:14:51,2026-02-27,Created
SO20068,26R0105,19x45,11x76054,,20000.00,2026-02-06 04:14:51,2026-02-27,Created
SO20069,26R0106,19x34,11x3082,,29300.00,2026-02-06 04:14:51,2026-04-25,Created
SO20070,26R0107,19x18,11x1442,,12500.00,2026-02-06 04:14:51,2026-04-25,Created
SO20071,26R0108,19x51,11x2553,,45192.00,2026-02-06 04:14:51,2026-04-09,Created
SO20072,26R0109,19x23,11x1065,,56000.00,2026-02-06 04:14:51,2026-02-20,Created
SO20073,26R0110,19x18,11x1051,,51300.00,2026-02-06 04:14:51,2026-04-16,Created
SO20074,26R0111,19x19,11x78331,,9800.00,2026-02-06 04:14:51,2026-04-25,Created
SO20075,26R0112,19x43,11x2497,,38800.00,2026-02-06 04:14:51,2026-02-27,Created
SO20076,26R0113,19x19,11x1398,,30000.00,2026-02-06 04:14:51,2026-03-13,Created
SO20077,26R0114,19x45,11x1302,,380000.00,2026-02-06 04:14:51,2026-04-27,Created
SO20078,26R0115,19x18,11x2275,,131190.00,2026-02-06 04:14:51,2026-04-09,Created
SO20079,26R0116,19x43,11x124486,,106000.00,2026-02-06 04:14:51,2026-07-13,Created
SO20080,26R0117,19x51,11x1853,,148880.00,2026-02-06 04:14:51,2026-04-27,Created
SO20081,26R0118,19x51,11x1166,,73000.00,2026-02-06 04:14:51,2026-04-27,Created
SO20082,26R0119,19x19,11x1383,,42000.00,2026-02-06 04:14:51,2026-08-25,Created
SO20083,26R0120,19x19,11x1383,,42000.00,2026-02-06 04:14:51,2026-08-28,Created
SO20084,26R0121,19x19,11x1383,,42000.00,2026-02-06 04:14:51,2026-08-25,Created
SO20085,26R0122,19x19,11x1383,,42000.00,2026-02-06 04:14:51,2026-08-25,Created
SO20086,26R0123,19x19,11x1021,,6100.00,2026-02-06 04:14:52,2026-02-20,Created
SO20087,26R0124,19x34,11x213187,,32870.00,2026-02-13 13:47:06,2026-03-25,Created
SO20088,26R0125,19x23,11x81127,,150400.00,2026-02-13 13:47:06,2026-04-17,Created
SO20089,26R0126,19x43,11x1145,,272800.00,2026-02-13 13:47:06,2026-04-13,Created
SO20090,26R0127,19x19,11x173869,,45900.00,2026-02-13 13:47:06,2026-12-12,Created
SO20091,26R0128,19x18,,,192000.00,2026-02-13 13:47:06,2026-05-22,Created
SO20092,26R0129,19x18,11x21636,,531250.00,2026-02-13 13:47:06,2026-02-27,Created
SO20093,26R0130,19x18,11x9992,,14000.00,2026-02-13 13:47:06,2026-02-25,Created
SO20094,26R0131,19x34,11x1476,,130000.00,2026-02-13 13:47:06,2026-04-30,Created
SO20095,26R0132,19x18,11x1080,,10175.00,2026-02-13 13:47:06,2026-05-04,Created
SO20096,26R0133,19x18,11x1080,,11960.00,2026-02-13 13:47:06,2026-05-04,Created
SO20097,26R0134,19x34,11x215160,,21000.00,2026-02-13 13:47:06,2026-03-06,Created
SO20098,26R0135,19x18,11x24817,,7000.00,2026-02-13 13:47:06,2026-04-25,Created
SO20099,26R0136,19x23,11x2628,,118000.00,2026-02-13 13:47:07,2026-02-27,Created
SO20100,26R0137,19x18,11x1051,,102600.00,2026-02-13 13:47:07,2026-04-25,Created
SO20101,26R0138,19x18,11x250946,,12300.00,2026-02-13 13:47:07,2026-02-25,Created
SO20102,26R0139,19x18,11x1151,,812690.00,2026-02-13 13:47:07,2026-06-12,Created
SO20103,26R0140,19x45,11x206186,,74600.00,2026-02-13 13:47:07,2026-03-31,Created
SO20104,26R0141,19x18,11x2824,,39000.00,2026-02-13 13:47:07,2026-03-20,Created
SO20105,26R0142,19x18,11x2275,,67740.00,2026-02-13 13:47:07,2026-04-30,Created
SO20106,26R0143,19x18,11x2275,,28560.00,2026-02-13 13:47:07,2026-04-30,Created
SO20107,26R0144,19x18,11x24817,,36336.00,2026-02-13 13:47:07,2026-02-25,Created
SO20108,26R0145,19x23,11x2941,,960000.00,2026-02-13 13:47:07,2026-05-22,Created
SO20109,26R0146,19x23,11x2941,,800000.00,2026-02-13 13:47:07,2026-05-22,Created
SO20110,26R0147,19x19,11x43723,,8700.00,2026-02-13 13:47:07,2026-02-12,Delivered
SO20111,26R0148,19x23,11x1296,,137000.00,2026-02-13 13:47:07,2026-04-10,Created
SO20112,26R0149,19x18,11x2097,,102410.00,2026-02-13 13:47:07,2026-03-06,Created
SO20113,26R0150,19x34,11x2625,,2000000.00,2026-02-13 13:47:07,2026-04-23,Created
SO20114,26R0151,19x18,11x2097,,114500.00,2026-02-13 13:47:07,2026-04-25,Created
SO20115,26R0152,19x51,11x2937,,25000.00,2026-02-13 13:47:07,2026-05-18,Created
SO20116,26R0153,19x23,11x170070,,22200.00,2026-02-13 13:47:07,2026-04-30,Created
SO20117,26R0154,19x18,11x85891,,11600.00,2026-02-13 13:47:07,2026-02-25,Created
SO20118,26R0155,19x23,11x170070,,96000.00,2026-02-13 13:47:08,2026-03-27,Created
SO20119,26R0156,19x23,11x170070,,245000.00,2026-02-13 13:47:08,2026-10-01,Created
SO20120,26R0157,19x18,11x244380,,1086000.00,2026-02-13 13:47:08,2026-06-30,Created
SO20121,26R0158,19x18,11x24817,,42500.00,2026-02-13 13:47:08,2026-02-25,Created
SO20122,26R0159,19x45,11x104621,,192000.00,2026-02-20 04:36:54,2026-02-25,Created
SO20123,26R0160,19x18,11x247395,,14500.00,2026-02-20 04:36:54,2026-03-11,Created
SO20124,26R0161,19x51,11x2937,,227000.00,2026-02-20 04:36:54,2026-06-30,Created
SO20125,26R0162,19x45,11x104621,,47000.00,2026-02-20 04:36:54,2026-03-30,Created
SO20126,26R0163,19x45,11x1366,,19200.00,2026-02-20 04:36:54,2026-03-16,Created
SO20127,26R0164,19x45,11x2003,,41000.00,2026-02-20 04:36:54,2026-03-30,Created
SO20128,26R0165,19x18,11x2275,,196830.00,2026-02-20 04:36:54,2026-04-10,Created
SO20129,26R0166,19x18,11x12157,,1050000.00,2026-02-20 04:36:54,2026-07-28,Created
SO20130,26R0167,19x19,11x2439,,44000.00,2026-02-20 04:36:55,2026-04-25,Created
SO20131,26R0168,19x19,11x2439,,21000.00,2026-02-20 04:36:55,2026-04-25,Created
SO20132,26R0169,19x18,11x2151,,14860.00,2026-02-20 04:36:55,2026-05-07,Created
SO20133,26R0170,19x18,11x2151,,71400.00,2026-02-20 04:36:55,2026-05-06,Created
SO20134,26R0171,19x18,11x2729,,56700.00,2026-02-20 04:36:55,2026-05-08,Created
SO20135,26R0172,19x43,11x2930,,40000.00,2026-02-20 04:36:55,2026-02-21,Delivered
SO20136,26R0173,19x51,11x1853,,12500.00,2026-02-20 04:36:55,2026-03-09,Created
SO20137,26R0174,19x18,11x1051,,50000.00,2026-02-20 04:36:55,2026-02-26,Created
SO20138,26R0175,19x18,11x1484,,15300.00,2026-02-20 04:36:55,2026-03-25,Created
SO20139,26R0176,19x43,11x1815,,233000.00,2026-02-20 04:36:55,2026-04-25,Created
SO20140,26R0177,19x23,11x119254,,348000.00,2026-02-20 04:36:55,2026-05-29,Created
SO20141,26R0178,19x18,11x151054,,400000.00,2026-02-20 04:36:55,2026-03-25,Created
SO20142,26R0179,19x43,11x155605,,27800.00,2026-02-20 04:36:55,2026-03-06,Created
SO20143,26R0180,19x18,11x32158,,25000.00,2026-02-20 04:36:55,2026-04-10,Created
SO20144,26R0181,19x51,11x2162,,9250.00,2026-02-20 04:36:55,2026-04-24,Created
SO20145,26R0182,19x18,11x2151,,22320.00,2026-02-20 04:36:55,2026-05-12,Created
SO20146,26R0183,19x27,11x2182,,116000.00,2026-02-20 04:36:55,2026-03-25,Created
SO20147,26R0184,19x18,11x1276,,16000.00,2026-02-20 04:36:55,2026-02-26,Created
SO20148,26R0185,19x19,11x2439,,23000.00,2026-02-20 04:36:55,2026-04-25,Created
SO20149,26R0186,19x27,11x71518,,32000.00,2026-02-20 04:36:55,2026-04-25,Created
SO20150,26R0187,19x34,11x1191,,34800.00,2026-02-20 04:36:55,2026-03-25,Created
SO20151,26R0190,19x27,11x1270,,48500.00,2026-02-20 04:36:56,2026-04-25,Created
SO20152,26R0191,19x27,11x1270,,48500.00,2026-02-20 04:36:56,2026-04-25,Created
SO20153,26R0194,19x27,11x2796,,72200.00,2026-02-20 04:36:56,2026-03-06,Created
SO20154,26R0195,19x27,11x2796,,78800.00,2026-03-30 08:18:07,2026-04-25,Created
SO20155,26R0196,19x18,11x2634,,1108000.00,2026-03-30 08:18:07,2026-08-28,Created
SO20156,26R0197,19x19,11x1021,,16600.00,2026-03-30 08:18:07,2026-02-24,Delivered
SO20157,26R0198,19x19,11x43725,,27720.00,2026-03-30 08:18:07,2026-03-06,Delivered
SO20158,26R0199,19x19,11x200798,,10000.00,2026-03-30 08:18:07,2026-03-06,Delivered
SO20159,26R0200,19x19,11x43723,,591600.00,2026-03-30 08:18:08,2026-04-30,Created
SO20160,26R0201,19x34,11x1476,,38000.00,2026-03-30 08:18:08,2026-03-26,Created
SO20161,26R0202,19x34,11x1476,,62500.00,2026-03-30 08:18:08,2026-04-25,Created
SO20162,26R0203,19x19,11x1383,,42000.00,2026-03-30 08:18:08,2026-08-25,Delivered
SO20163,26R0204,19x19,11x1383,,42000.00,2026-03-30 08:18:08,2026-08-25,Created
SO20164,26R0205,19x19,11x1383,,42000.00,2026-03-30 08:18:08,2026-08-25,Created
SO20165,26R0206,19x23,11x2645,,131000.00,2026-03-30 08:18:08,2026-06-01,Created
SO20166,26R0207,19x43,11x2023,,25000.00,2026-03-30 08:18:08,2026-02-27,Delivered
SO20167,26R0208,19x23,11x119254,,334000.00,2026-03-30 08:18:08,2026-05-06,Created
SO20168,26R0209,19x23,11x2628,,7200.00,2026-03-30 08:18:08,2026-03-13,Delivered
SO20169,26R0210,19x18,11x2229,,149000.00,2026-03-30 08:18:08,2026-07-24,Created
SO20170,26R0211,19x18,11x2475,,130000.00,2026-03-30 08:18:08,2026-05-25,Created
SO20171,26R0212,19x18,11x2275,,67740.00,2026-03-30 08:18:08,2026-06-01,Created
SO20172,26R0213,19x23,11x1065,,10000.00,2026-03-30 08:18:08,2026-03-31,Delivered
SO20173,26R0214,19x34,11x2378,,9500.00,2026-03-30 08:18:08,2026-05-25,Created
SO20174,26R0215,19x18,11x244975,,193000.00,2026-03-30 08:18:08,2026-04-20,Created
SO20175,26R0216,19x18,11x2729,,61500.00,2026-03-30 08:18:08,2026-06-15,Created
SO20176,26R0217,19x43,11x250662,,890000.00,2026-03-30 08:18:08,2026-08-07,Created
SO20177,26R0218,19x43,11x250662,,890000.00,2026-03-30 08:18:08,2026-08-07,Created
SO20178,26R0219,19x45,11x1234,,150000.00,2026-03-30 08:18:08,2026-03-06,Delivered
SO20179,26R0220,19x23,11x1065,,54000.00,2026-03-30 08:18:08,2026-05-31,Created
SO20180,26R0221,19x23,11x81127,,123000.00,2026-03-30 08:18:08,2026-07-13,Created
SO20181,26R0222,19x23,11x257781,,65000.00,2026-03-30 08:18:09,2026-06-26,Created
SO20182,26R0223,19x19,11x1045,,11200.00,2026-03-30 08:18:09,2026-04-21,Created
SO20183,26R0224,19x45,11x1234,,12050.00,2026-03-30 08:18:09,2026-03-13,Delivered
SO20184,26R0225,19x18,11x2275,,10320.00,2026-03-30 08:18:09,2026-06-01,Created
SO20185,26R0226,19x51,11x943,,6600.00,2026-03-30 08:18:09,2026-03-26,Delivered
SO20186,26R0227,19x18,11x1080,,10800.00,2026-03-30 08:18:09,2026-05-22,Created
SO20187,26R0228,19x18,11x1484,,307615.00,2026-03-30 08:18:09,2026-06-25,Created
SO20188,26R0229,19x45,11x2003,,27000.00,2026-03-30 08:18:09,2026-03-06,Delivered
SO20189,26R0230,19x45,11x198786,,101323.50,2026-03-30 08:18:09,2026-04-24,Created
SO20190,26R0231,19x45,11x198786,,38781.00,2026-03-30 08:18:09,2026-04-24,Created
SO20191,26R0232,19x18,11x236593,,189000.00,2026-03-30 08:18:09,2026-05-15,Created
SO20192,26R0233,19x34,11x1476,,86000.00,2026-03-30 08:18:09,2026-04-25,Created
SO20193,26R0234,19x34,11x1476,,107500.00,2026-03-30 08:18:09,2026-04-10,Created
SO20194,26R0235,19x34,11x975,,18500.00,2026-03-30 08:18:09,2026-03-13,Delivered
SO20195,26R0236,19x19,11x3021,,9040.00,2026-03-30 08:18:09,2026-03-06,Delivered
SO20196,26R0237,19x27,11x1013,,48500.00,2026-03-30 08:18:09,2026-03-06,Delivered
SO20197,26R0238,19x43,11x257798,,99000.00,2026-03-30 08:18:09,2026-06-12,Created
SO20198,26R0239,19x45,11x987,,153000.00,2026-03-30 08:18:09,2026-05-01,Created
SO20199,26R0240,19x18,11x28277,,217800.00,2026-03-30 08:18:09,2026-06-04,Created
SO20200,26R0241,19x51,11x2553,,55150.00,2026-03-30 08:18:10,2026-05-05,Created
SO20201,26R0242,19x45,11x2003,,352000.00,2026-03-30 08:18:10,2026-09-07,Created
SO20202,26R0243,19x18,11x224430,,33000.00,2026-03-30 08:18:10,2026-03-25,Delivered
SO20203,26R0244,19x18,11x224430,,10000.00,2026-03-30 08:18:10,2026-04-17,Created
SO20204,26R0245,19x18,11x1470,,58950.00,2026-03-30 08:18:10,2026-04-10,Delivered
SO20205,26R0246,19x18,11x1235,,283010.00,2026-03-30 08:18:10,2026-12-15,Created
SO20206,26R0247,19x18,11x39867,,47500.00,2026-03-30 08:18:10,2026-03-10,Delivered
SO20207,26R0248,19x18,,,240000.00,2026-03-30 08:18:10,2026-05-22,Created
SO20208,26R0249,19x19,11x1011,,260000.00,2026-03-30 08:18:10,2026-05-25,Created
SO20209,26R0250,19x48,11x2629,,16000.00,2026-03-30 08:18:10,2026-03-19,Delivered
SO20210,26R0251,19x48,11x2629,,25000.00,2026-03-30 08:18:10,2026-03-19,Delivered
SO20211,26R0252,19x48,11x2629,,30000.00,2026-03-30 08:18:10,2026-03-19,Delivered
SO20212,26R0253,19x48,11x2629,,60000.00,2026-03-30 08:18:10,2026-03-19,Delivered
SO20213,26R0254,19x18,11x2729,,32700.00,2026-03-30 08:18:10,2026-07-09,Created
SO20214,26R0255,19x51,11x1620,,26500.00,2026-03-30 08:18:10,2026-05-28,Created
SO20215,26R0256,19x23,11x93899,,91700.00,2026-03-30 08:18:10,2026-06-17,Created
SO20216,26R0257,19x19,11x2439,,148000.00,2026-03-30 08:18:10,2026-03-20,Delivered
SO20217,26R0258,19x18,11x1763,,5400.00,2026-03-30 08:18:10,2026-04-06,Created
SO20218,26R0259,19x45,11x121579,,142500.00,2026-03-30 08:18:10,2026-03-21,Delivered
SO20219,26R0260,19x23,11x257821,,410000.00,2026-03-30 08:18:10,2026-05-08,Created
SO20220,26R0261,19x18,11x1697,,53000.00,2026-03-30 08:18:10,2026-04-10,Delivered
SO20221,26R0262,19x51,11x247389,,5300.00,2026-03-30 08:18:10,2026-05-08,Created
SO20222,26R0263,19x23,11x2628,,440000.00,2026-03-30 08:18:11,2026-04-24,Created
SO20223,26R0264,19x51,11x1120,,31000.00,2026-03-30 08:18:11,2026-04-10,Created
SO20224,26R0265,19x18,11x930,,64600.00,2026-03-30 08:18:11,2026-04-25,Created
SO20225,26R0266,19x18,11x38180,,1780000.00,2026-03-30 08:18:11,2026-08-31,Created
SO20226,26R0267,19x51,11x2162,,44260.00,2026-03-30 08:18:11,2026-04-03,Delivered
SO20227,26R0268,19x27,11x4034,,4850.00,2026-03-30 08:18:11,2026-05-25,Created
SO20228,26R0269,19x51,11x973,,14000.00,2026-03-30 08:18:11,2026-06-12,Created
SO20229,26R0270,19x51,11x2174,,47250.00,2026-03-30 08:18:11,2026-06-26,Created
SO20230,26R0271,19x51,11x2553,,19800.00,2026-03-30 08:18:11,2026-05-22,Created
SO20231,26R0272,19x45,11x2728,,2200.00,2026-03-30 08:18:11,2026-05-04,Created
SO20232,26R0273,19x27,11x23083,,314000.00,2026-03-30 08:18:11,2026-06-25,Created
SO20233,26R0274,19x27,11x29299,,70000.00,2026-03-30 08:18:11,2026-05-25,Created
SO20234,26R0275,19x18,11x2275,,79026.00,2026-03-30 08:18:11,2026-07-31,Created
SO20235,26R0276,19x18,11x2275,,22240.00,2026-03-30 08:18:11,2026-07-31,Created
SO20236,26R0277,19x27,11x2796,,460000.00,2026-03-30 08:18:11,2026-06-25,Created
SO20237,26R0278,19x18,11x236593,,68000.00,2026-03-30 08:18:11,2026-05-25,Created
SO20238,26R0279,19x18,11x1115,,14500.00,2026-03-30 08:18:11,2026-03-20,Delivered
SO20239,26R0280,19x18,11x1240,,320000.00,2026-03-30 08:18:11,2026-07-31,Created
SO20240,26R0281,19x18,11x3088,,165000.00,2026-03-30 08:18:11,2026-08-30,Created
SO20241,26R0282,19x27,11x1038,,800000.00,2026-03-30 08:18:11,2026-07-24,Created
SO20242,26R0283,19x18,11x2475,,10000.00,2026-03-30 08:18:11,2026-04-03,Created
SO20243,26R0284,19x18,11x2729,,6400.00,2026-03-30 08:18:11,2026-06-12,Created
SO20244,26R0285,19x18,11x1080,,188600.00,2026-03-30 08:18:12,2026-07-24,Created
SO20245,26R0286,19x23,11x1978,,240000.00,2026-03-30 08:18:12,2026-04-17,Created
SO20246,26R0287,19x18,11x1766,,24000.00,2026-03-30 08:18:12,2026-09-30,Created
SO20247,26R0288,19x43,11x2073,,10600.00,2026-03-30 08:18:12,2026-04-20,Created
SO20248,26R0289,19x27,11x2451,,52960.00,2026-03-30 08:18:12,2026-05-25,Created
SO20249,26R0290,19x27,11x2451,,22780.00,2026-03-30 08:18:12,2026-05-25,Created
SO20250,26R0291,19x18,11x24817,,115600.00,2026-03-30 08:18:12,2026-04-10,Delivered
SO20251,26R0292,19x18,11x1397,,530000.00,2026-03-30 08:18:12,2026-07-23,Created
SO20252,26R0293,19x18,11x1766,,46440.00,2026-03-30 08:18:12,2026-08-31,Created
SO20253,26R0294,19x23,11x2249,,103500.00,2026-03-30 08:18:12,2026-07-20,Created
SO20254,26R0295,19x18,11x257857,,17000.00,2026-03-30 08:18:18,2026-05-29,Created
SO20255,26R0296,19x43,11x257859,,181536.00,2026-03-30 08:18:18,2026-07-15,Created
SO20256,26R0297,19x27,11x2294,,86680.00,2026-03-30 08:18:18,2026-06-25,Created
SO20257,26R0298,19x19,11x43723,,25680.00,2026-03-30 08:18:18,2026-05-15,Created
SO20258,26R0299,19x23,11x1010,,590000.00,2026-03-30 08:18:18,2026-05-31,Created
SO20259,26R0300,19x27,11x2796,,102600.00,2026-03-30 08:18:19,2026-05-25,Created
SO20260,26R0301,19x27,11x257865,,19800.00,2026-03-30 08:18:19,2026-04-25,Created
SO20261,26R0302,19x18,11x21636,,6700.00,2026-03-30 08:18:19,2026-04-25,Created
SO20262,26R0303,19x18,11x21636,,69000.00,2026-03-30 08:18:19,2026-04-25,Created
SO20263,26R0304,19x18,11x257869,,211000.00,2026-03-30 08:18:19,2026-05-29,Created
SO20264,26R0305,19x27,11x926,,9900.00,2026-03-30 08:18:19,2026-06-25,Created
SO20265,26R0306,19x27,11x1270,,48500.00,2026-03-30 08:18:19,2026-04-10,Created
SO20266,26R0307,19x45,11x120944,,593500.00,2026-03-30 08:18:19,2026-07-01,Created
SO20267,26R0308,19x27,11x2234,,475000.00,2026-03-30 08:18:19,2026-06-25,Created
SO20268,26R0309,19x23,11x51151,,28000.00,2026-03-30 08:18:19,2026-04-20,Created
SO20269,26R0310,19x18,11x2543,,15000.00,2026-03-30 08:18:19,2026-04-24,Created
SO20270,26R0311,19x45,11x255490,,52000.00,2026-03-30 08:18:19,2026-04-10,Created
SO20271,26R0312,19x18,11x2151,,255500.00,2026-03-30 08:18:19,2026-07-28,Created
SO20272,26R0313,19x51,11x93922,,59700.00,2026-03-30 08:18:19,2026-05-25,Created
SO20273,26R0314,19x18,11x2275,,25600.00,2026-03-30 08:18:19,2026-07-31,Created
SO20274,26R0315,19x18,11x1766,,11000.00,2026-03-30 08:18:19,2026-05-29,Created
SO20275,26R0316,19x19,11x43723,,334000.00,2026-03-30 08:18:19,2026-05-25,Created
SO20276,26R0317,19x18,11x2634,,253000.00,2026-03-30 08:18:19,2026-09-25,Created
SO20277,26R0318,19x45,11x257884,,230000.00,2026-03-30 08:18:19,2026-05-22,Created
SO20278,26R0319,19x18,11x35411,,10700.00,2026-03-30 08:18:19,2026-06-05,Created
SO20279,26R0320,19x18,11x1470,,82000.00,2026-03-30 08:18:19,2026-05-25,Created
SO20280,26R0321,19x18,11x2457,,41000.00,2026-03-30 08:18:20,2026-04-17,Created
SO20281,26R0322,19x34,11x1269,,177800.00,2026-03-30 08:18:20,2026-04-10,Created
SO20282,26R0323,19x18,11x2634,,55000.00,2026-03-30 08:18:20,2026-04-03,Created
SO20283,26R0324,19x18,11x2151,,142800.00,2026-03-30 08:18:20,2026-06-12,Created
SO20284,26R0325,19x18,11x236593,,83300.00,2026-03-30 08:18:20,2026-05-22,Created
SO20285,26R0327,19x45,11x45888,,200000.00,2026-03-30 08:18:20,2026-05-08,Created
SO20286,26R0329,19x18,11x930,,110000.00,2026-03-30 08:18:20,2026-04-10,Created
SO20287,26R0330,19x18,11x1235,,4500.00,2026-04-21 08:57:30,2026-04-25,Delivered
SO20288,26R0331,19x45,11x43791,,39600.00,2026-04-21 08:57:30,2026-05-22,Delivered
SO20289,26R0332,19x45,11x1234,,510000.00,2026-04-21 08:57:30,2026-07-23,Created
SO20290,26R0333,19x18,11x2151,,110090.00,2026-04-21 08:57:31,2026-06-12,Created
SO20291,26R0334,19x18,11x110483,,25960.00,2026-04-21 08:57:31,2026-06-15,Delivered
SO20292,26R0335,19x18,11x2729,,163440.00,2026-04-21 08:57:31,2026-06-22,Created
SO20293,26R0336,19x18,11x1442,,39200.00,2026-04-21 08:57:31,2026-04-25,Created
SO20294,26R0337,19x34,11x1476,,107500.00,2026-04-21 08:57:31,2026-04-25,Delivered
SO20295,26R0338,19x23,11x2645,,171000.00,2026-04-21 08:57:31,2026-07-20,Created
SO20296,26R0339,19x18,11x1240,,20000.00,2026-04-21 08:57:31,2026-06-26,Created
SO20297,26R0340,19x18,11x1243,,530465.00,2026-04-21 08:57:31,2026-06-15,Created
SO20298,26R0341,19x27,11x1013,,1420000.00,2026-04-21 08:57:31,2026-05-25,Created
SO20299,26R0342,19x18,11x21340,,600000.00,2026-04-21 08:57:31,2026-04-10,Created
SO20300,26R0343,19x23,11x1978,,20000.00,2026-04-21 08:57:31,2026-09-25,Created
SO20301,26R0344,19x23,11x2941,,830000.00,2026-04-21 08:57:31,2026-07-17,Created
SO20302,26R0345,19x18,11x24817,,42500.00,2026-04-21 08:57:31,2026-07-25,Created
SO20303,26R0346,19x18,11x1442,,38000.00,2026-04-21 08:57:31,2026-06-25,Created
SO20304,26R0347,19x27,11x926,,5980.00,2026-04-21 08:57:31,2026-04-25,Created
SO20305,26R0348,19x18,11x1051,,290000.00,2026-04-21 08:57:31,2026-06-26,Created
SO20306,26R0349,19x18,11x1235,,119100.00,2026-04-21 08:57:31,2026-07-17,Created
SO20307,26R0350,19x18,11x1051,,400000.00,2026-04-21 08:57:31,2026-08-07,Created
SO20308,26R0351,19x18,11x1442,,392000.00,2026-04-21 08:57:31,2026-07-25,Created
SO20309,26R0352,19x18,11x1442,,198000.00,2026-04-21 08:57:31,2026-06-25,Created
SO20310,26R0353,19x23,11x170070,,5400.00,2026-04-21 08:57:31,2026-05-30,Created
SO20311,26R0354,19x45,11x1073,,10000.00,2026-04-21 08:57:31,2026-04-17,Created
SO20312,26R0355,19x45,11x2003,,19500.00,2026-04-21 08:57:32,2026-05-23,Created
SO20313,26R0356,19x27,11x2796,,186200.00,2026-04-21 08:57:32,2026-04-10,Delivered
SO20314,26R0357,19x18,11x930,,114500.00,2026-04-21 08:57:32,2026-05-15,Created
SO20315,26R0358,19x45,11x2003,,350000.00,2026-04-21 08:57:32,2026-07-10,Created
SO20316,26R0359,19x18,11x12157,,42200.00,2026-04-21 08:57:32,2026-05-28,Created
SO20317,26R0360,19x18,11x2634,,232300.00,2026-04-21 08:57:32,2026-06-06,Created
SO20318,26R0361,19x34,11x256580,,53600.00,2026-04-21 08:57:32,2026-05-15,Created
SO20319,26R0362,19x34,11x1165,,19200.00,2026-04-21 08:57:32,2026-05-03,Created
SO20320,26R0363,19x45,11x987,,81000.00,2026-04-21 08:57:32,2026-05-29,Created
SO20321,26R0364,19x18,11x2729,,639375.00,2026-04-21 08:57:32,2026-09-18,Created
SO20322,26R0365,19x18,11x228034,,428000.00,2026-04-21 08:57:32,2026-08-07,Created
SO20323,26R0366,19x51,11x2553,,43500.00,2026-04-21 08:57:32,2026-06-16,Created
SO20324,26R0367,19x18,11x1470,,160900.00,2026-04-21 08:57:32,2026-05-25,Created
SO20325,26R0368,19x18,11x1470,,153700.00,2026-04-21 08:57:32,2026-05-25,Created
SO20326,26R0369,19x18,11x1051,,51300.00,2026-04-21 08:57:32,2026-07-30,Created
SO20327,26R0370,19x27,11x926,,106200.00,2026-04-21 08:57:32,2026-04-25,Delivered
SO20328,26R0371,19x19,11x260316,,42000.00,2026-04-21 08:57:32,2026-04-09,Delivered
SO20329,26R0372,19x18,11x1697,,26300.00,2026-04-21 08:57:32,2026-04-25,Delivered
SO20330,26R0373,19x19,11x20888,,81000.00,2026-04-21 08:57:32,2026-06-16,Created
SO20331,26R0374,19x51,11x2025,,129800.00,2026-04-21 08:57:32,2026-06-26,Created
SO20332,26R0375,19x18,11x2767,,5250.00,2026-04-21 08:57:32,2026-05-08,Created
SO20333,26R0376,19x18,11x1441,,49800.00,2026-04-21 08:57:32,2026-05-08,Created
SO20334,26R0377,19x18,11x260005,,5900.00,2026-04-21 08:57:32,2026-04-10,Delivered
SO20335,26R0378,19x19,11x102168,,137240.00,2026-04-21 08:57:33,2026-04-08,Created
SO20336,26R0379,19x18,11x1235,,26000.00,2026-04-21 08:57:33,2026-05-25,Created
SO20337,26R0380,19x19,11x182530,,25000.00,2026-04-21 08:57:33,2026-05-15,Created
SO20338,26R0381,19x27,11x3092,,100050.00,2026-04-21 08:57:33,2026-06-25,Created
SO20339,26R0382,19x48,11x2629,,33000.00,2026-04-21 08:57:33,2026-05-08,Created
SO20340,26R0383,19x48,11x2629,,34000.00,2026-04-21 08:57:33,2026-05-08,Created
SO20341,26R0384,19x48,11x2629,,53000.00,2026-04-21 08:57:33,2026-05-08,Created
SO20342,26R0385,19x23,11x119254,,1094000.00,2026-04-21 08:57:33,2026-05-20,Created
SO20343,26R0386,19x48,11x2629,,13000.00,2026-04-21 08:57:33,2026-04-24,Created
SO20344,26R0387,19x45,11x252355,,13500.00,2026-04-21 08:57:33,2026-06-05,Created
SO20345,26R0388,19x34,11x2378,,180000.00,2026-04-21 08:57:33,2026-05-21,Created
SO20346,26R0389,19x18,11x1455,,89385.50,2026-04-21 08:57:33,2026-04-25,Created
SO20347,26R0390,19x43,11x1145,,120000.00,2026-04-21 08:57:33,2026-05-25,Created
SO20348,26R0391,19x23,11x1065,,12500.00,2026-04-21 08:57:33,2026-04-24,Created
SO20349,26R0392,19x18,11x2466,,340000.00,2026-04-21 08:57:33,2026-08-25,Created
SO20350,26R0393,19x18,11x1235,,2180.00,2026-04-21 08:57:33,2026-05-08,Created
SO20351,26R0394,19x18,11x46464,,6500.00,2026-04-21 08:57:33,2026-05-08,Created
SO20352,26R0395,19x18,11x1052,,38900.00,2026-04-21 08:57:33,2026-05-08,Delivered
SO20353,26R0396,19x34,11x256580,,59375.00,2026-04-21 08:57:33,2026-05-25,Created
SO20354,26R0397,19x23,11x170070,,65000.00,2026-04-21 08:57:33,2026-04-30,Delivered
SO20355,26R0398,19x23,11x1065,,57850.00,2026-04-21 08:57:33,2026-05-31,Created
SO20356,26R0399,19x19,11x43723,,8670.00,2026-04-21 08:57:33,2026-04-20,Delivered
SO20357,26R0400,19x18,11x1697,,42000.00,2026-04-21 08:57:34,2026-05-15,Created
SO20358,26R0401,19x34,11x1869,,7800.00,2026-04-21 08:57:34,2026-06-15,Created
SO20359,26R0402,19x18,11x1052,,38900.00,2026-04-21 08:57:34,2026-05-08,Created
SO20360,26R0403,19x43,11x3014,,28000.00,2026-04-21 08:57:34,2026-04-30,Created
SO20361,26R0404,19x45,11x987,,1413000.00,2026-04-21 08:57:34,2026-08-23,Created
SO20362,26R0405,19x45,11x206186,,5000.00,2026-04-21 08:57:34,2026-05-08,Created
SO20363,26R0406,19x18,11x1491,,45600.00,2026-04-27 08:13:18,2026-04-30,Delivered
SO20364,26R0407,19x18,11x2729,,833455.00,2026-04-27 08:13:18,2026-08-03,Created
SO20365,26R0408,19x18,11x48247,,34060.00,2026-04-27 08:13:18,2026-06-03,Created
SO20366,26R0409,19x18,11x48247,,40000.00,2026-04-27 08:13:18,2026-06-03,Created
SO20367,26R0410,19x18,11x48247,,72630.00,2026-04-27 08:13:18,2026-06-03,Created
SO20368,26R0411,19x27,11x926,,147800.00,2026-04-27 08:13:18,2026-07-25,Created
SO20369,26R0412,19x19,11x40242,,91000.00,2026-04-27 08:13:18,2026-07-15,Created
SO20370,26R0413,19x18,11x24817,,29500.00,2026-04-27 08:13:18,2026-05-25,Delivered
SO20371,26R0414,19x45,11x1473,,25000.00,2026-04-27 08:13:18,2026-05-08,Created
SO20372,26R0415,19x18,11x1120,,5000.00,2026-04-27 08:13:18,2026-06-08,Created
SO20373,26R0416,19x27,11x116390,,14760.00,2026-04-27 08:13:18,2026-08-25,Created
SO20374,26R0417,19x18,11x1235,,192500.00,2026-04-27 08:13:18,2026-07-10,Created
SO20375,26R0418,19x19,11x182530,,540000.00,2026-04-27 08:13:18,2026-06-05,Created
SO20376,26R0419,19x19,11x1045,,20500.00,2026-04-27 08:13:18,2026-06-25,Created
SO20377,26R0420,19x19,11x3021,,24000.00,2026-04-27 08:13:19,2026-05-08,Created
SO20378,26R0421,19x19,11x3021,,24000.00,2026-04-27 08:13:19,2026-05-25,Created
SO20379,26R0422,19x19,11x3021,,24000.00,2026-04-27 08:13:19,2026-05-25,Created
SO20380,26R0423,19x43,11x1145,,124000.00,2026-04-27 08:13:19,2026-06-24,Created
SO20381,26R0424,19x23,11x1469,,1170000.00,2026-04-27 08:13:19,2026-06-05,Created
SO20382,26R0425,19x51,11x260778,,70000.00,2026-04-27 08:13:19,2026-05-25,Created
SO20383,26R0426,19x23,11x93899,,73000.00,2026-04-27 08:13:19,2026-07-20,Created
SO20384,26R0427,19x27,11x2796,,208800.00,2026-04-27 08:13:19,2026-07-25,Created
SO20385,26R0428,19x27,11x2182,,79700.00,2026-04-27 08:13:19,2026-07-25,Created
SO20386,26R0429,19x18,11x2151,,332195.00,2026-04-27 08:13:19,2026-07-15,Created
SO20387,26R0430,19x27,11x4034,,28200.00,2026-04-27 08:13:19,2026-06-25,Created
SO20388,26R0442,19x18,11x4281,,36661.87,2026-05-05 03:48:57,2026-09-27,Created
SO20389,26R0451,19x18,11x136336,,166830.00,2026-05-05 03:48:57,2026-06-02,Created
SO20390,26R0461,19x18,11x2422,,18375.00,2026-05-29 04:40:39,2026-05-06,Delivered
SO20391,26R0462,19x18,11x21636,,89000.00,2026-05-29 04:40:39,2026-05-19,Delivered
SO20392,26R0463,19x18,11x2561,,7000.00,2026-05-29 04:40:39,2026-05-25,Delivered
SO20393,26R0464,19x45,11x1073,,11600.00,2026-05-29 04:40:39,2026-05-15,Delivered
SO20394,26R0465,19x34,11x2072,,54320.00,2026-05-29 04:40:39,2026-07-10,Created
SO20395,26R0466,19x18,11x38180,,69000.00,2026-05-29 04:40:39,2026-06-17,Delivered
SO20396,26R0467,19x23,11x170070,,260000.00,2026-05-29 04:40:40,2026-10-01,Created
SO20397,26R0468,19x18,11x1051,,425000.00,2026-05-29 04:40:40,2026-09-20,Created
SO20398,26R0469,19x19,11x264280,,238800.00,2026-05-29 04:40:40,2026-05-25,Delivered
SO20399,26R0470,19x19,11x1383,,42000.00,2026-05-29 04:40:40,2026-05-25,Delivered
SO20400,26R0471,19x18,11x176175,,6800.00,2026-05-29 04:40:40,2026-05-25,Delivered
SO20401,26R0472,19x18,11x264284,,27000.00,2026-05-29 04:40:40,2026-05-25,Created
SO20402,26R0473,19x45,11x264286,,115500.00,2026-05-29 04:40:40,2026-07-03,Created
SO20403,26R0474,19x23,11x2904,,640000.00,2026-05-29 04:40:40,2026-08-14,Created
SO20404,26R0475,19x18,11x2275,,122300.00,2026-05-29 04:40:40,2026-05-29,Delivered
SO20405,26R0476,19x18,11x1151,,534000.00,2026-05-29 04:40:40,2026-07-20,Created
SO20406,26R0477,19x18,11x2729,,185000.00,2026-05-29 04:40:40,2026-09-07,Created
SO20407,26R0478,19x19,11x43723,,60000.00,2026-05-29 04:40:40,2026-07-24,Created
SO20408,26R0479,19x48,11x2629,,46000.00,2026-05-29 04:40:40,2026-05-15,Delivered
SO20409,26R0480,19x18,11x1111,,33600.00,2026-05-29 04:40:40,2026-06-29,Created
SO20410,26R0481,19x18,11x264295,,560500.00,2026-05-29 04:40:40,2026-10-11,Created
SO20411,26R0482,19x18,11x49029,,113000.00,2026-05-29 04:40:40,2026-06-19,Delivered
SO20412,26R0483,19x23,11x1065,,266800.00,2026-05-29 04:40:40,2026-09-30,Created
SO20413,26R0484,19x45,11x264299,,173000.00,2026-05-29 04:40:40,2026-08-19,Created
SO20414,26R0485,19x18,11x1229,,23520.00,2026-05-29 04:40:40,2026-05-25,Delivered
SO20415,26R0486,19x27,11x1013,,48500.00,2026-05-29 04:40:40,2026-05-22,Delivered
SO20416,26R0487,19x18,11x2275,,85960.00,2026-05-29 04:40:41,2026-07-17,Created
SO20417,26R0488,19x18,11x2275,,80160.00,2026-05-29 04:40:41,2026-07-17,Created
SO20418,26R0489,19x18,11x2275,,197680.00,2026-05-29 04:40:41,2026-07-17,Created
SO20419,26R0490,19x19,11x1045,,22000.00,2026-05-29 04:40:41,2026-07-07,Created
SO20420,26R0491,19x27,11x1013,,48500.00,2026-05-29 04:40:41,2026-05-22,Delivered
SO20421,26R0492,19x18,11x2390,,46890.00,2026-05-29 04:40:41,2026-07-10,Created
SO20422,26R0493,19x18,11x2729,,1750.00,2026-05-29 04:40:41,2026-09-15,Created
SO20423,26R0494,19x19,11x1383,,42000.00,2026-05-29 04:40:41,2026-10-25,Delivered
SO20424,26R0495,19x19,11x1383,,42000.00,2026-05-29 04:40:41,2026-11-25,Delivered
SO20425,26R0496,19x19,11x1383,,42000.00,2026-05-29 04:40:41,2026-11-25,Created
SO20426,26R0497,19x19,11x1383,,42000.00,2026-05-29 04:40:41,2026-12-25,Created
SO20427,26R0498,19x18,11x2767,,12000.00,2026-05-29 04:40:41,2026-05-25,Created
SO20428,26R0499,19x18,11x260005,,4850.00,2026-05-29 04:40:41,2026-05-25,Delivered
SO20429,26R0500,19x19,11x43723,,17340.00,2026-05-29 04:40:41,2026-06-25,Created
SO20430,26R0501,19x18,11x263234,,180000.00,2026-05-29 04:40:41,2026-06-05,Created
SO20431,26R0502,19x27,11x2856,,29500.00,2026-05-29 04:40:41,2026-05-20,Delivered
SO20432,26R0503,19x18,11x1229,,36200.00,2026-05-29 04:40:41,2026-05-23,Delivered
SO20433,26R0504,19x18,11x1080,,3600.00,2026-05-29 04:40:41,2026-07-26,Created
SO20434,26R0505,19x18,11x21636,,48000.00,2026-05-29 04:40:41,2026-06-15,Created
SO20435,26R0506,19x18,11x2275,,123000.00,2026-05-29 04:40:41,2026-07-24,Created
SO20436,26R0507,19x18,11x3088,,47000.00,2026-05-29 04:40:41,2026-06-20,Created
SO20437,26R0508,19x18,11x1235,,8500.00,2026-05-29 04:40:41,2026-06-19,Created
SO20438,26R0509,19x34,11x1861,,285000.00,2026-05-29 04:40:42,2026-07-03,Created
SO20439,26R0510,19x18,11x1697,,23980.00,2026-05-29 04:40:42,2026-06-25,Delivered
SO20440,26R0511,19x18,11x206902,,29320.00,2026-05-29 04:40:42,2026-06-25,Created
SO20441,26R0512,19x45,11x124447,,42000.00,2026-05-29 04:40:42,2026-08-14,Created
SO20442,26R0513,19x18,11x1272,,189150.00,2026-05-29 04:40:42,2026-07-03,Created
SO20443,26R0514,19x27,11x973,,166600.00,2026-05-29 04:40:42,2026-08-25,Created
SO20444,26R0516,19x18,11x32374,,52215.00,2026-05-29 04:40:42,2026-08-25,Created
SO20445,26R0517,19x19,11x1398,,10300.00,2026-05-29 04:40:42,2026-09-25,Created
SO20446,26R0518,19x19,11x1398,,7650.00,2026-05-29 04:40:42,2026-09-25,Created
SO20447,26R0519,19x27,11x2587,,86000.00,2026-05-29 04:40:42,2026-07-25,Created
SO20448,26R0520,19x18,11x1763,,10300.00,2026-05-29 04:40:42,2026-07-25,Created
SO20449,26R0521,19x43,11x3014,,47800.00,2026-05-29 04:40:42,2026-06-19,Created
SO20450,26R0522,19x18,11x2409,,61500.00,2026-05-29 04:40:42,2026-07-10,Created
SO20451,26R0523,19x23,11x234527,,240000.00,2026-05-29 04:40:42,2026-07-28,Created
SO20452,26R0524,19x18,11x1789,,165000.00,2026-05-29 04:40:42,2026-07-25,Created
SO20453,26R0525,19x45,11x987,,125000.00,2026-05-29 04:40:42,2026-05-26,Delivered
SO20454,26R0526,19x34,11x256580,,700.00,2026-05-29 04:40:42,2026-05-26,Delivered
SO20455,26R0527,19x18,11x2422,,18375.00,2026-05-29 04:40:42,2026-06-12,Created
SO20456,26R0528,19x27,11x4034,,28020.00,2026-05-29 04:40:42,2026-06-25,Created
SO20457,26R0529,19x27,11x973,,36300.00,2026-05-29 04:40:42,2026-07-25,Created
SO20458,26R0530,19x27,11x1013,,46410.00,2026-05-29 04:40:42,2026-08-25,Created
SO20459,26R0531,19x27,11x4034,,51000.00,2026-05-29 04:40:42,2026-06-25,Created
SO20460,26R0532,19x45,11x264347,,2900.00,2026-05-29 04:40:43,2026-07-10,Created
SO20461,26R0533,19x27,11x926,,218400.00,2026-05-29 04:40:43,2026-07-25,Created
SO20462,26R0534,19x18,11x1052,,31500.00,2026-05-29 04:40:43,2026-06-12,Created
SO20463,26R0535,19x18,11x193210,,206000.00,2026-05-29 04:40:43,2026-09-18,Created
SO20464,26R0536,19x18,11x930,,105000.00,2026-05-29 04:40:43,2026-08-19,Created
SO20465,26R0537,19x27,11x2384,,172000.00,2026-05-29 04:40:43,2026-07-25,Created
SO20466,26R0538,19x27,11x926,,26000.00,2026-05-29 04:40:43,2026-08-25,Created
SO20467,26R0539,19x27,11x2185,,86000.00,2026-05-29 04:40:43,2026-08-25,Created
SO20468,26R0540,19x18,11x128482,,153000.00,2026-05-29 04:40:43,2026-08-18,Created
SO20469,26R0541,19x51,11x264357,,93100.00,2026-05-29 04:40:43,2026-06-05,Created
SO20470,26R0542,19x27,11x2186,,475000.00,2026-05-29 04:40:43,2026-08-25,Created
SO20471,26R0543,19x43,11x2674,,11000.00,2026-05-29 04:40:43,2026-07-15,Created
SO20472,26R0544,19x23,11x1473,,49000.00,2026-05-29 04:40:43,2026-06-24,Created
SO20473,26R0545,19x23,11x1473,,25000.00,2026-05-29 04:40:43,2026-06-24,Created
SO20474,26R0546,19x18,11x1080,,155100.00,2026-05-29 04:40:43,2026-08-21,Created
SO20475,26R0547,19x23,11x107615,,52000.00,2026-05-29 04:40:43,2026-06-08,Created
SO20476,26R0548,19x19,11x53966,,270000.00,2026-05-29 04:40:43,2026-07-24,Created
SO20477,26R0549,19x43,11x1139,,5400000.00,2026-05-29 04:40:43,2027-03-30,Created
SO20478,26R0550,19x43,11x2536,,12440.00,2026-05-29 04:40:43,2026-10-16,Created
SO20479,26R0551,19x18,11x99482,,15520.00,2026-05-29 04:40:43,2026-06-12,Created
SO20480,26R0552,19x27,11x2234,,100000.00,2026-05-29 04:40:43,2026-06-25,Created
SO20481,26R0553,19x27,11x40242,,41750.00,2026-05-29 04:40:44,2026-08-25,Created
SO20482,26R0554,19x19,11x3021,,24000.00,2026-05-29 04:40:44,2026-06-11,Created
SO20483,26R0555,19x19,11x3021,,24000.00,2026-05-29 04:40:44,2026-06-12,Created
SO20484,26R0556,19x18,11x2275,,83200.00,2026-06-05 03:00:36,2026-08-07,Created
SO20485,26R0557,19x18,11x2553,,36000.00,2026-06-05 03:00:36,2026-08-06,Created
SO20486,26R0558,19x18,11x2466,,160000.00,2026-06-05 03:00:36,2026-08-04,Created
SO20487,26R0559,19x18,11x1697,,52500.00,2026-06-05 03:00:36,2026-06-16,Created
SO20488,26R0560,19x18,11x1229,,117800.00,2026-06-05 03:00:36,2026-06-12,Created
SO20489,26R0561,19x27,11x2187,,440000.00,2026-06-05 03:00:36,2026-09-25,Created
SO20490,26R0562,19x34,11x148781,,185000.00,2026-06-05 03:00:36,2026-08-30,Created
SO20491,26R0563,19x45,11x1475,,46000.00,2026-06-05 03:00:36,2026-06-02,Delivered
SO20492,26R0564,19x18,11x1441,,441000.00,2026-06-05 03:00:36,2026-09-10,Created
SO20493,26R0565,19x34,11x256580,,12985.00,2026-06-05 03:00:36,2026-08-25,Created
SO20494,26R0566,19x19,11x3021,,8300.00,2026-06-05 03:00:36,2026-08-25,Created
SO20495,26R0567,19x27,11x1270,,48500.00,2026-06-05 03:00:36,2026-08-25,Created
SO20496,26R0568,19x18,11x2422,,18375.00,2026-06-15 06:56:04,2026-06-12,Delivered
SO20497,26R0569,19x18,11x1051,,45500.00,2026-06-15 06:56:04,2026-06-11,Delivered
SO20498,26R0570,19x18,11x266089,,3500.00,2026-06-15 06:56:04,2026-06-25,Delivered
SO20499,26R0571,19x18,11x1051,,110000.00,2026-06-15 06:56:04,2026-08-12,Created
SO20500,26R0572,19x48,11x2629,,70000.00,2026-06-15 06:56:04,2026-06-26,Created
SO20501,26R0573,19x27,11x926,,145600.00,2026-06-15 06:56:04,2026-09-25,Created
SO20502,26R0574,19x27,11x2212,,89420.00,2026-06-15 06:56:04,2026-08-25,Created
SO20503,26R0575,19x18,11x2483,,35500.00,2026-06-15 06:56:04,2026-07-17,Created
SO20504,26R0576,19x45,11x2003,,71000.00,2026-06-15 06:56:04,2026-09-25,Created
SO20505,26R0577,19x23,11x1036,,41500.00,2026-06-15 06:56:04,2026-08-28,Created
SO20506,26R0578,19x45,11x2003,,58500.00,2026-06-15 06:56:04,2026-07-17,Created
SO20507,26R0579,19x45,11x80575,,5800.00,2026-06-15 06:56:05,2026-06-12,Delivered
SO20508,26R0580,19x23,11x1036,,220000.00,2026-06-15 06:56:05,2026-08-14,Created
SO20509,26R0581,19x18,11x2379,,19200.00,2026-06-15 06:56:05,2026-06-19,Delivered
SO20510,26R0582,19x18,11x2379,,45000.00,2026-06-15 06:56:05,2026-06-19,Delivered
SO20511,26R0583,19x18,11x2275,,132720.00,2026-06-15 06:56:05,2026-08-14,Created
SO20512,26R0584,19x18,11x2275,,80450.00,2026-06-15 06:56:05,2026-08-14,Created
SO20513,26R0585,19x18,11x1397,,45000.00,2026-06-15 06:56:05,2026-07-30,Created
SO20514,26R0586,19x18,11x2525,,22000.00,2026-06-15 06:56:05,2026-06-19,Delivered
SO20515,26R0587,19x45,11x2728,,50000.00,2026-06-15 06:56:05,2026-07-02,Created
SO20516,26R0588,19x18,11x2634,,182000.00,2026-06-15 06:56:05,2026-08-15,Created
SO20517,26R0589,19x18,11x2275,,3960.00,2026-06-15 06:56:05,2026-08-14,Created
SO20518,26R0590,19x43,11x2674,,85000.00,2026-06-15 06:56:05,2026-07-16,Created
SO20519,26R0591,19x18,11x1235,,47500.00,2026-06-15 06:56:05,2026-08-08,Created
SO20520,26R0592,19x19,11x43723,,137049.00,2026-06-15 06:56:05,2026-07-25,Created
SO20521,26R0593,19x45,11x252355,,4900.00,2026-06-15 06:56:05,2026-06-12,Delivered
SO20522,26R0594,19x19,11x43723,,14601.00,2026-06-15 06:56:05,2026-07-27,Created
SO20523,26R0595,19x18,11x240943,,10500.00,2026-06-15 06:56:05,2026-06-22,Created
SO20524,26R0596,19x23,11x1065,,72600.00,2026-06-15 06:56:05,2026-07-24,Created
SO20525,26R0597,19x23,11x1065,,28300.00,2026-06-15 06:56:05,2026-06-30,Delivered
SO20526,26R0598,19x18,11x2275,,7400.00,2026-06-15 06:56:05,2026-08-21,Created
SO20527,26R0599,19x18,11x2275,,12460.00,2026-06-15 06:56:05,2026-08-21,Created
SO20528,26R0600,19x18,11x2275,,122400.00,2026-06-15 06:56:06,2026-08-21,Created
SO20529,26R0601,19x23,11x2628,,8500.00,2026-06-15 06:56:06,2026-06-26,Created
SO20530,26R0602,19x43,11x250662,,930000.00,2026-06-15 06:56:06,2026-10-13,Created
SO20531,26R0603,19x18,11x24817,,42500.00,2026-06-15 06:56:06,2026-06-25,Created
SO20532,26R0604,19x43,11x10146,,49000.00,2026-06-15 06:56:06,2026-10-09,Created
SO20533,26R0605,19x43,11x2674,,5500.00,2026-06-15 06:56:06,2026-10-09,Created
SO20534,26R0606,19x18,11x2422,,18375.00,2026-06-15 06:56:06,2026-06-25,Delivered
SO20535,26R0607,19x51,11x266229,,23750.00,2026-06-15 06:56:06,2026-10-08,Created
SO20536,26R0608,19x19,11x3021,,8400.00,2026-06-15 06:56:06,2026-07-24,Created
SO20537,26R0609,19x43,11x956,,495000.00,2026-06-15 06:56:06,2026-09-11,Created
SO20538,26R0610,19x43,11x1834,,195000.00,2026-06-15 06:56:06,2026-07-03,Created
SO20539,26R0611,19x18,11x183964,,35200.00,2026-06-15 06:56:06,2026-06-25,Created
SO20540,26R0612,19x19,11x1383,,42000.00,2026-06-15 06:56:06,2026-12-25,Created
SO20541,26R0613,19x19,11x1383,,42000.00,2026-06-15 06:56:06,2026-12-25,Created
SO20542,26R0614,19x45,11x1234,,520000.00,2026-06-15 06:56:06,2026-08-28,Created
SO20543,26R0615,19x18,11x1455,,92650.00,2026-06-15 06:56:06,2026-07-25,Created
SO20544,26R0616,19x45,11x1037,,47000.00,2026-06-15 06:56:06,2026-06-19,Created
SO20545,26R0617,19x27,11x4034,,4850.00,2026-06-25 08:42:12,2026-09-25,Created
SO20546,26R0618,19x27,11x2669,,29120.00,2026-06-25 08:42:12,2026-09-25,Created
SO20547,26R0619,19x18,11x2729,,62200.00,2026-06-25 08:42:12,2026-10-07,Created
SO20548,26R0620,19x18,11x1240,,11900.00,2026-06-25 08:42:12,2026-08-31,Created
SO20549,26R0621,19x19,11x198879,,32000.00,2026-06-25 08:42:12,2026-07-17,Created
SO20550,26R0622,19x51,11x2937,,370000.00,2026-06-25 08:42:12,2026-09-11,Created
SO20551,26R0623,19x51,11x2937,,149000.00,2026-06-25 08:42:12,2026-09-11,Created
SO20552,26R0624,19x18,11x1979,,284050.00,2026-06-25 08:42:12,2026-10-23,Created
SO20553,26R0625,19x23,11x93899,,47500.00,2026-06-25 08:42:12,2026-07-31,Created
SO20554,26R0626,19x23,11x1036,,69500.00,2026-06-25 08:42:12,2026-08-06,Created
SO20555,26R0627,19x23,11x1036,,5780.00,2026-06-25 08:42:12,2026-07-27,Created
SO20556,26R0628,19x34,11x266035,,33750.00,2026-06-25 08:42:12,2026-07-20,Created
SO20557,26R0629,19x18,11x996,,29500.00,2026-06-25 08:42:12,2026-06-25,Delivered
SO20558,26R0630,19x23,11x1036,,58000.00,2026-06-25 08:42:12,2026-09-30,Created
SO20559,26R0631,19x18,11x1115,,7000.00,2026-06-25 08:42:12,2026-06-22,Delivered
SO20560,26R0632,19x18,11x3085,,48500.00,2026-06-25 08:42:12,2026-06-25,Delivered
SO20561,26R0633,19x18,11x1238,,33800.00,2026-06-25 08:42:12,2026-08-08,Created
SO20562,26R0634,19x18,11x1235,,357000.00,2026-06-25 08:42:12,2026-09-07,Created
SO20563,26R0635,19x23,11x1010,,378025.00,2026-06-25 08:42:13,2026-09-30,Created
SO20564,26R0636,19x18,11x173376,,22600.00,2026-06-25 08:42:13,2026-08-25,Created
SO20565,26R0637,19x18,11x24817,,104000.00,2026-06-25 08:42:13,2026-07-25,Created
SO20566,26R0638,19x27,11x60481,,198000.00,2026-06-25 08:42:13,2026-06-25,Delivered
SO20567,26R0639,19x27,11x4034,,51000.00,2026-06-25 08:42:13,2026-07-30,Created
SO20568,26R0640,19x43,11x2759,,558000.00,2026-06-25 08:42:13,2029-07-31,Created
SO20569,26R0641,19x23,11x81127,,50000.00,2026-06-25 08:42:13,2026-08-14,Created
SO20570,26R0642,19x19,11x2439,,79800.00,2026-06-25 08:42:13,2026-08-25,Created
SO20571,26R0643,19x43,11x1826,,25000.00,2026-06-25 08:42:13,2026-07-06,Delivered
SO20572,26R0644,19x43,11x266815,,400000.00,2026-06-25 08:42:13,2026-10-02,Created
SO20573,26R0645,19x51,11x2309,,29000.00,2026-06-25 08:42:13,2026-07-10,Delivered
SO20574,26R0646,19x51,11x266229,,115000.00,2026-06-25 08:42:13,2026-10-20,Created
SO20575,26R0647,19x18,11x9738,,22000.00,2026-06-25 08:42:13,2026-07-03,Created
SO20576,26R0648,19x18,11x2729,,38655.00,2026-06-25 08:42:13,2026-09-07,Created
SO20577,26R0649,19x27,11x2182,,79700.00,2026-06-25 08:42:13,2026-09-25,Created
SO20578,26R0650,19x18,11x1235,,23600.00,2026-06-25 08:42:13,2026-09-07,Created
SO20579,26R0651,19x19,11x40242,,86345.00,2026-06-25 08:42:13,2026-09-25,Created
SO20580,26R0652,19x18,11x958,,3240.00,2026-06-25 08:42:13,2026-07-24,Delivered
SO20581,26R0653,19x43,11x76105,,1000000.00,2026-06-25 08:42:13,2026-08-15,Created
SO20582,26R0654,19x43,11x77846,,1185156.00,2026-06-25 08:42:13,2026-08-15,Created
SO20583,26R0655,19x23,11x266827,,360000.00,2026-06-25 08:42:13,2026-12-25,Created
SO20584,26R0656,19x18,11x1235,,19000.00,2026-06-25 08:42:14,2026-07-24,Created
SO20585,26R0657,19x45,11x1749,,13500.00,2026-06-25 08:42:14,2026-07-02,Created
SO20586,26R0658,19x45,11x1749,,13500.00,2026-06-25 08:42:14,2026-08-25,Created
SO20587,26R0659,19x18,11x930,,99800.00,2026-06-25 08:42:14,2026-08-19,Created
SO20588,26R0660,19x18,11x1365,,994000.00,2026-06-25 08:42:14,2027-03-19,Created
SO20589,26R0661,19x18,11x1661,,71000.00,2026-06-25 08:42:14,2026-09-25,Created
SO20590,26R0662,19x51,11x985,,6200.00,2026-06-30 08:11:28,2026-07-15,Created
SO20591,26R0663,19x51,11x109802,,127000.00,2026-06-30 08:11:28,2026-09-05,Created
SO20592,26R0664,19x51,11x2553,,36500.00,2026-06-30 08:11:28,2026-08-20,Created
SO20593,26R0665,19x27,11x1092,,23540.00,2026-06-30 08:11:28,2026-09-25,Created
SO20594,26R0666,19x18,11x24817,,42500.00,2026-06-30 08:11:28,2026-06-25,Delivered
SO20595,26R0667,19x18,11x2151,,238940.00,2026-06-30 08:11:29,2026-09-07,Created
SO20596,26R0668,19x18,11x2907,,22800.00,2026-06-30 08:11:29,2026-07-01,Delivered
SO20597,26R0669,19x18,11x24817,,14000.00,2026-06-30 08:11:29,2026-09-25,Created
SO20598,26R0670,19x19,11x1011,,47712.00,2026-06-30 08:11:29,2026-07-25,Created
SO20599,26R0671,19x18,11x1484,,14000.00,2026-06-30 08:11:29,2026-12-12,Created
SO20600,26R0672,19x34,11x1476,,199400.00,2026-06-30 08:11:29,2026-08-25,Created
SO20601,26R0673,19x18,11x2379,,45000.00,2026-06-30 08:11:29,2026-07-17,Created
SO20602,26R0674,19x23,11x1469,,371500.00,2026-06-30 08:11:29,2026-08-28,Created
SO20603,26R0675,19x18,11x2275,,11840.00,2026-06-30 08:11:29,2026-08-28,Created
SO20604,26R0676,19x18,11x2275,,15720.00,2026-06-30 08:11:29,2026-08-28,Created
SO20605,26R0677,19x18,11x1080,,366600.00,2026-07-07 04:02:15,2026-12-25,Created
SO20606,26R0678,19x18,11x958,,40000.00,2026-07-07 04:02:15,2026-07-31,Created
SO20607,26R0679,19x51,11x269274,,197100.00,2026-07-07 04:02:16,2026-11-25,Created
SO20608,26R0680,19x18,11x2767,,695000.00,2026-07-07 04:02:16,2026-09-25,Created
SO20609,26R0681,19x45,11x206186,,7000.00,2026-07-07 04:02:16,2026-07-17,Created
SO20610,26R0682,19x18,11x2151,,26775.00,2026-07-07 04:02:16,2026-10-22,Created
SO20611,26R0683,19x18,11x173315,,42000.00,2026-07-07 04:02:16,2026-07-24,Delivered
SO20612,26R0684,19x23,11x1065,,38000.00,2026-07-07 04:02:16,2026-07-31,Created
SO20613,26R0685,19x18,11x1661,,3234.00,2026-07-07 04:02:16,2026-09-25,Created
SO20614,26R0686,19x45,11x1372,,950000.00,2026-07-07 04:02:16,2026-10-29,Created
SO20615,26R0687,19x23,11x1036,,53500.00,2026-07-07 04:02:16,2026-08-04,Created
SO20616,26R0688,19x23,11x1473,,25000.00,2026-07-07 04:02:16,2026-07-31,Created
SO20617,26R0689,19x23,11x2628,,74800.00,2026-07-07 04:02:16,2026-08-31,Created
SO20618,26R0690,19x18,11x2729,,6745.00,2026-07-16 06:17:52,2026-10-05,Created
SO20619,26R0691,19x18,11x2729,,83880.00,2026-07-16 06:17:52,2026-10-15,Created
SO20620,26R0692,19x18,11x2729,,103725.00,2026-07-16 06:17:52,2026-10-24,Created
SO20621,26R0693,19x18,11x2379,,17500.00,2026-07-16 06:17:52,2026-07-25,Created
SO20622,26R0694,19x18,11x206902,,21800.00,2026-07-16 06:17:52,2026-08-14,Created
SO20623,26R0695,19x18,11x1051,,16200.00,2026-07-16 06:17:52,2026-08-25,Created
SO20624,26R0696,19x18,11x1051,,220000.00,2026-07-16 06:17:52,2026-09-03,Created
SO20625,26R0697,19x51,11x2162,,9000.00,2026-07-16 06:17:52,2026-07-23,Delivered
SO20626,26R0698,19x51,11x2553,,7350.00,2026-07-16 06:17:53,2026-09-11,Created
SO20627,26R0699,19x51,11x2553,,34246.00,2026-07-16 06:17:53,2026-09-15,Created
SO20628,26R0700,19x23,11x1036,,78000.00,2026-07-16 06:17:53,2026-09-24,Created
SO20629,26R0701,19x48,11x2629,,39000.00,2026-07-16 06:17:53,2026-07-30,Created
SO20630,26R0702,19x18,11x1470,,60750.00,2026-07-16 06:17:53,2026-08-25,Created
SO20631,26R0703,19x18,11x1262,,48000.00,2026-07-16 06:17:53,2026-08-20,Created
SO20632,26R0704,19x23,11x1065,,87200.00,2026-07-16 06:17:53,2026-11-01,Created
SO20633,26R0705,19x18,11x1229,,32000.00,2026-07-16 06:17:53,2026-10-25,Created
SO20634,26R0706,19x18,11x2275,,8008.00,2026-07-16 06:17:53,2026-08-21,Created
SO20635,26R0707,19x19,11x1045,,33000.00,2026-07-16 06:17:53,2026-09-25,Created
SO20636,26R0708,19x45,11x1037,,12000.00,2026-07-16 06:17:53,2026-07-10,Delivered
SO20637,26R0709,19x45,11x235894,,15000.00,2026-07-16 06:17:53,2026-07-31,Created
SO20638,26R0710,19x23,11x1065,,72600.00,2026-07-16 06:17:53,2026-07-31,Created
SO20639,26R0711,19x34,11x2378,,778000.00,2026-07-16 06:17:53,2026-11-19,Created
SO20640,26R0712,19x19,11x1383,,42000.00,2026-07-16 06:17:53,2026-12-25,Created
SO20641,26R0713,19x19,11x1383,,42000.00,2026-07-16 06:17:53,2026-12-12,Created
SO20642,26R0714,19x19,11x1383,,42000.00,2026-07-16 06:17:53,2026-12-12,Created
SO20643,26R0715,19x51,11x269774,,499500.00,2026-07-16 06:17:53,2026-11-10,Created
SO20644,26R0716,19x18,11x206902,,32550.00,2026-07-16 06:17:53,2026-09-25,Created
SO20645,26R0717,19x51,11x257442,,220500.00,2026-07-16 06:17:53,2026-11-20,Created
SO20646,26R0718,19x18,11x1697,,23500.00,2026-07-16 06:17:53,2026-07-24,Delivered
SO20647,26R0719,19x18,11x144992,,33000.00,2026-07-16 06:17:53,2026-08-10,Created
SO20648,26R0720,19x18,11x144992,,48000.00,2026-07-16 06:17:54,2026-07-31,Created
SO20649,26R0721,19x45,11x45888,,662000.00,2026-07-16 06:17:54,2026-11-19,Created
SO20650,26R0722,19x18,11x247395,,74800.00,2026-07-16 06:17:54,2026-08-19,Created
SO20651,26R0723,19x45,11x1234,,180000.00,2026-07-16 06:17:54,2026-09-08,Created
SO20652,26R0724,19x18,11x930,,52000.00,2026-07-16 06:17:54,2026-09-05,Created
SO20653,26R0725,19x19,11x43725,,13860.00,2026-07-16 06:17:54,2026-07-24,Created
SO20654,26R0726,19x27,11x2796,,114000.00,2026-07-27 09:01:27,2026-08-25,Created
SO20655,26R0727,19x27,11x2587,,86000.00,2026-07-27 09:01:27,2026-09-25,Created
SO20656,26R0728,19x45,11x1073,,14500.00,2026-07-27 09:01:27,2026-07-24,Delivered
SO20657,26R0729,19x34,11x1476,,24000.00,2026-07-27 09:01:27,2026-08-25,Created
SO20658,26R0730,19x18,11x1213,,95550.00,2026-07-27 09:01:28,2026-10-25,Created
SO20659,26R0731,19x18,11x21636,,59000.00,2026-07-27 09:01:28,2026-07-24,Delivered
SO20660,26R0732,19x18,11x1405,,56800.00,2026-07-27 09:01:28,2026-08-17,Created
SO20661,26R0733,19x43,11x2674,,83800.00,2026-07-27 09:01:28,2026-12-04,Created
SO20662,26R0734,19x18,11x268407,,5700.00,2026-07-27 09:01:28,2026-09-13,Created
SO20663,26R0735,19x18,11x2151,,4620.00,2026-07-27 09:01:28,2026-09-25,Created
SO20664,26R0736,19x18,11x2275,,20200.00,2026-07-27 09:01:28,2026-09-11,Created
SO20665,26R0737,19x18,11x2275,,158060.00,2026-07-27 09:01:28,2026-09-25,Created
SO20666,26R0738,19x18,11x2275,,34200.00,2026-07-27 09:01:28,2026-10-02,Created
SO20667,26R0739,19x18,11x2161,,296000.00,2026-07-27 09:01:28,2026-09-25,Created
SO20668,26R0740,19x27,11x2856,,75000.00,2026-07-27 09:01:28,2026-07-24,Delivered
SO20669,26R0741,19x43,11x155605,,73700.00,2026-07-27 09:01:28,2026-08-03,Created
SO20670,26R0742,19x27,11x2260,,172000.00,2026-07-27 09:01:28,2026-08-25,Created
SO20671,26R0743,19x43,11x2006,,880000.00,2026-07-27 09:01:28,2026-12-18,Created
SO20672,26R0744,19x23,11x119254,,162000.00,2026-07-27 09:01:28,2026-11-30,Created
SO20673,26R0745,19x43,11x76105,,1000000.00,2026-07-27 09:01:28,2026-11-12,Created
SO20674,26R0746,19x43,11x77846,,1185156.00,2026-07-27 09:01:28,2026-12-18,Created
SO20675,26R0747,19x43,11x2174,,693400.00,2026-07-27 09:01:28,2026-10-30,Created
SO20676,26R0748,19x43,11x77846,,3414844.00,2026-07-27 09:01:28,2026-12-31,Created
SO20677,26R0749,19x18,11x2988,,80000.00,2026-07-27 09:01:28,2026-07-20,Delivered
SO20678,26R0750,19x27,11x2234,,86000.00,2026-07-27 09:01:28,2026-08-25,Created
SO20679,26R0751,19x45,11x1006,,39000.00,2026-07-27 09:01:29,2026-08-07,Created
SO20680,26R0752,19x51,11x2552,,87400.00,2026-07-27 09:01:29,2026-09-17,Created
SO20681,26R0753,19x18,11x2729,,138300.00,2026-07-27 09:01:29,2026-11-11,Created
SO20682,26R0754,19x18,11x85891,,11600.00,2026-07-27 09:01:29,2026-07-22,Delivered
SO20683,26R0755,19x27,11x3092,,67000.00,2026-07-27 09:01:29,2026-09-25,Created
SO20684,26R0756,19x18,11x1235,,192500.00,2026-07-27 09:01:29,2026-10-12,Created
SO20685,26R0757,19x18,11x21636,,25000.00,2026-07-27 09:01:29,2026-08-25,Created
SO20686,26R0758,19x18,11x1235,,8500.00,2026-07-27 09:01:29,2026-08-25,Created
SO20687,26R0759,19x18,11x933,,800000.00,2026-07-27 09:01:29,2026-12-31,Created
SO20688,26R0760,19x18,11x247395,,14500.00,2026-07-27 09:01:29,2026-08-31,Created
SO20689,26R0761,19x18,11x228034,,4000.00,2026-07-27 09:01:29,2026-08-03,Created
SO20690,26R0762,19x18,11x193210,,124320.00,2026-07-27 09:01:29,2027-03-31,Created
SO20691,26R0763,19x19,11x3021,,11000.00,2026-07-27 09:01:29,2026-09-25,Created
SO20692,26R0764,19x51,11x1844,,58471.20,2026-07-27 09:01:29,2026-09-15,Created
SO20693,26R0765,19x51,11x1844,,169840.00,2026-07-27 09:01:29,2026-10-14,Created
SO20694,26R0766,19x27,11x60481,,99000.00,2026-07-27 09:01:29,2026-07-24,Delivered
SO20695,26R0767,19x45,11x1049,,4500.00,2026-07-27 09:01:29,2026-09-16,Created
SO20696,26R0768,19x51,11x1853,,9500.00,2026-07-27 09:01:29,2026-09-29,Created
SO20697,26R0769,19x18,11x1235,,25840.00,2026-07-27 09:01:29,2026-09-16,Created
SO20698,26R0770,19x45,11x1749,,20250.00,2026-07-27 09:01:29,2026-09-22,Created
SO20699,26R0771,19x18,11x1052,,31500.00,2026-07-27 09:01:29,2026-07-24,Delivered
SO20700,26R0772,19x51,11x2552,,87400.00,2026-07-27 09:01:29,2026-12-04,Created
SO20701,26R0773,19x51,11x1703,,180500.00,2026-07-27 09:01:29,2026-10-01,Created
SO20702,26R0774,19x27,11x116390,,125200.00,2026-07-27 09:01:30,2026-10-25,Created
SO20703,26R0775,19x18,11x1470,,41400.00,2026-07-27 09:01:30,2026-09-25,Created
SO20704,26R0776,19x51,11x2174,,15000.00,2026-07-30 07:48:50,2026-08-31,Created
SO20705,26R0777,19x27,11x2856,,78300.00,2026-07-30 07:48:50,2026-10-25,Created
SO20706,26R0778,19x27,11x116390,,185000.00,2026-07-30 07:48:50,2026-08-25,Created
SO20707,26R0779,19x27,11x60481,,73000.00,2026-07-30 07:48:50,2026-10-25,Created
SO20708,26R0780,19x18,11x271089,,224000.00,2026-07-30 07:48:50,2026-08-25,Created
SO20709,26R0781,19x18,11x2275,,79916.00,2026-07-30 07:48:50,2026-10-16,Created
SO20710,26R0782,19x18,11x1245,,8930.00,2026-07-30 07:48:50,2026-09-18,Created
SO20711,26R0783,19x19,11x3021,,6500.00,2026-07-30 07:48:51,2026-09-03,Created
SO20712,26R0784,19x18,11x1470,,580000.00,2026-07-30 07:48:51,2026-12-25,Created
SO20713,26R0785,19x34,11x266035,,77400.00,2026-07-30 07:48:51,2026-08-25,Created
SO20714,26R0786,19x18,11x1238,,21200.00,2026-07-30 07:48:51,2026-09-11,Created
SO20715,26R0787,19x51,11x2162,,18560.00,2026-07-30 07:48:51,2026-10-05,Created
SO20716,26R0788,19x51,11x1844,,77823.00,2026-07-30 07:48:51,2026-10-14,Created
SO20717,26R0789,19x51,11x1844,,48431.00,2026-07-30 07:48:51,2026-10-14,Created
SO20718,26R0790,19x51,11x1844,,77823.00,2026-07-30 07:48:51,2026-10-14,Created
SO20719,26R0791,19x18,11x1235,,30000.00,2026-07-30 07:48:51,2026-08-25,Created
SO20720,26R0792,19x18,11x2729,,341335.00,2026-07-30 07:48:51,2026-11-19,Created
SO20721,26R0793,19x90,11x2275,,37710.00,2026-07-30 07:48:51,2026-10-09,Created
SO20722,26R0794,19x27,11x2182,,148000.00,2026-07-30 07:48:51,2026-08-28,Created
SO20723,26R0795,19x18,11x22237,,17000.00,2026-07-30 07:48:51,2026-10-09,Created
SO20724,26R0796,19x19,11x3021,,24000.00,2026-07-30 07:48:51,2026-08-07,Created
SO20725,26R0797,19x43,11x33661,,1800.00,2026-08-07 03:20:37,2026-11-27,Created
SO20726,26R0798,19x43,11x10146,,174000.00,2026-08-07 03:20:37,2026-11-27,Created
SO20727,26R0799,19x43,11x10146,,95000.00,2026-08-07 03:20:37,2026-11-27,Created
SO20728,26R0800,19x23,11x271772,,80700.00,2026-08-07 03:20:37,2026-10-31,Created
SO20729,26R0801,19x23,11x271772,,42750.00,2026-08-07 03:20:37,2026-10-31,Created
SO20730,26R0802,19x45,11x235894,,7000.00,2026-08-07 03:20:38,2026-08-14,Delivered
SO20731,26R0803,19x18,11x2741,,72000.00,2026-08-07 03:20:38,2026-09-15,Created
SO20732,26R0804,19x18,11x1151,,135000.00,2026-08-07 03:20:38,2026-08-31,Created
SO20733,26R0805,19x19,11x53966,,84530.00,2026-08-07 03:20:38,2026-10-16,Created
SO20734,26R0806,19x19,11x3021,,8500.00,2026-08-07 03:20:38,2026-08-06,Delivered
SO20735,26R0807,19x51,11x2162,,9000.00,2026-08-07 03:20:38,2026-08-21,Delivered
SO20736,26R0808,19x18,11x38180,,99500.00,2026-08-07 03:20:38,2026-09-30,Created
SO20737,26R0809,19x18,11x2097,,139175.00,2026-08-07 03:20:38,2026-09-25,Created
SO20738,26R0810,19x19,11x53966,,60000.00,2026-08-07 03:20:38,2026-09-30,Created
SO20739,26R0811,19x18,11x933,,490000.00,2026-08-07 03:20:38,2026-12-31,Created
SO20740,26R0812,19x18,11x1235,,24700.00,2026-08-07 03:20:38,2026-10-22,Created
SO20741,26R0813,19x18,11x1115,,14500.00,2026-08-07 03:20:38,2026-08-10,Created
SO20742,26R0814,19x18,11x1151,,106400.00,2026-08-07 03:20:38,2026-10-20,Created
SO20743,26R0815,19x18,11x1120,,33000.00,2026-08-07 03:20:38,2026-08-14,Created
SO20744,26R0816,19x51,11x1853,,112575.00,2026-08-07 03:20:38,2026-11-30,Created
SO20745,26R0817,19x23,11x93899,,100000.00,2026-08-07 03:20:38,2026-10-20,Created
SO20746,26R0818,19x23,11x93899,,126400.00,2026-08-07 03:20:38,2026-10-23,Created
SO20747,26R0819,19x45,11x106324,,317000.00,2026-08-07 03:20:38,2026-10-31,Created
SO20748,26R0820,19x18,11x1442,,829000.00,2026-08-07 03:20:38,2026-12-18,Created
SO20749,26R0821,19x45,11x1475,,3950.00,2026-08-07 03:20:39,2026-08-11,Created
SO20750,26R0822,19x34,11x1000,,174000.00,2026-08-07 03:20:39,2026-10-05,Created
SO20751,26R0823,19x27,11x2185,,172000.00,2026-08-07 03:20:39,2026-09-25,Created
SO20752,26R0824,19x45,11x1006,,39000.00,2026-08-07 03:20:39,2026-08-18,Created
SO20753,26R0825,19x18,11x176175,,99990.00,2026-08-07 03:20:39,2026-10-26,Created
SO20754,26R0826,19x18,11x176175,,69780.00,2026-08-07 03:20:39,2026-08-14,Created
SO20755,26R0827,19x18,11x272393,,18500.00,2026-08-07 03:20:39,2026-08-06,Delivered
SO20756,26R0829,19x18,11x1824,,299000.00,2026-08-07 03:20:39,2026-12-11,Created
SO20757,26R0830,19x23,11x1473,,55000.00,2026-08-07 03:20:39,2026-10-27,Created
SO20758,26R0831,19x23,11x1473,,56600.00,2026-08-07 03:20:39,2026-09-17,Created
SO20759,26R0832,19x23,11x1473,,54600.00,2026-08-07 03:20:39,2026-09-17,Created
SO20760,26R0833,19x23,11x271772,,10000.00,2026-08-07 03:20:39,2026-10-30,Created
SO20761,26R0834,19x27,11x2260,,208000.00,2026-08-20 02:48:37,2026-11-25,Created
SO20762,26R0835,19x51,11x1853,,7000.00,2026-08-20 02:48:37,2026-10-29,Created
SO20763,26R0836,19x19,11x43723,,334000.00,2026-08-20 02:48:37,2026-10-22,Created
SO20764,26R0837,19x27,11x1158,,19175.00,2026-08-20 02:48:37,2026-10-25,Created
SO20765,26R0838,19x18,11x2561,,164000.00,2026-08-20 02:48:37,2026-09-15,Created
SO20766,26R0839,19x43,11x1531,,25000.00,2026-08-20 02:48:37,2026-08-28,Created
SO20767,26R0840,19x18,11x1442,,273790.00,2026-08-20 02:48:37,2026-11-25,Created
SO20768,26R0841,19x27,11x23083,,86000.00,2026-08-20 02:48:37,2026-09-25,Created
SO20769,26R0842,19x27,11x2587,,86000.00,2026-08-20 02:48:37,2026-09-25,Created
SO20770,26R0843,19x27,11x23083,,182000.00,2026-08-20 02:48:37,2026-11-25,Created
SO20771,26R0844,19x27,11x2234,,100000.00,2026-08-20 02:48:37,2026-08-25,Delivered
SO20772,26R0845,19x18,11x24817,,33666.67,2026-08-20 02:48:37,2026-08-25,Delivered
SO20773,26R0846,19x18,11x2275,,7275.00,2026-08-20 02:48:38,2026-10-16,Delivered
SO20774,26R0847,19x18,11x1235,,147250.00,2026-08-20 02:48:38,2026-09-11,Created
SO20775,26R0848,19x45,11x986,,150000.00,2026-08-20 02:48:38,2026-08-21,Delivered
SO20776,26R0849,19x18,11x1224,,25000.00,2026-08-20 02:48:38,2026-09-29,Created
SO20777,26R0850,19x18,11x257857,,5500.00,2026-08-20 02:48:38,2026-08-25,Created
SO20778,26R0851,19x18,11x3045,,40800.00,2026-08-20 02:48:38,2026-09-25,Delivered
SO20779,26R0852,19x18,11x2361,,12400.00,2026-08-20 02:48:38,2026-10-15,Created
SO20780,26R0853,19x51,11x273554,,446500.00,2026-08-20 02:48:38,2026-10-28,Created
SO20781,26R0854,19x23,11x107615,,66500.00,2026-08-20 02:48:38,2026-08-25,Created
SO20782,26R0855,19x19,11x1045,,33000.00,2026-08-20 02:48:38,2026-08-20,Delivered
SO20783,26R0856,19x27,11x1158,,36500.00,2026-08-20 02:48:38,2026-11-25,Created
SO20784,26R0857,19x23,11x1473,,27000.00,2026-08-20 02:48:38,2026-09-12,Created
SO20785,26R0858,19x23,11x1473,,8500.00,2026-08-20 02:48:38,2026-09-12,Created
SO20786,26R0859,19x18,11x2457,,41000.00,2026-08-20 02:48:38,2026-09-11,Created
SO20787,26R0860,19x51,11x2246,,65000.00,2026-08-20 02:48:38,2026-11-17,Created
SO20788,26R0861,19x18,11x1080,,32000.00,2026-08-20 02:48:38,2026-10-26,Created
SO20789,26R0862,19x27,11x2796,,114000.00,2026-08-20 02:48:38,2026-08-25,Delivered
SO20790,26R0863,19x34,11x1205,,69500.00,2026-08-20 02:48:38,2026-09-25,Created
SO20791,26R0864,19x18,11x1235,,192500.00,2026-08-20 02:48:38,2026-10-22,Created
SO20792,26R0865,19x45,11x2706,,16500.00,2026-08-20 02:48:38,2026-08-19,Delivered
SO20793,26R0866,19x18,11x1824,,108000.00,2026-08-20 02:48:38,2026-11-25,Created
SO20794,26R0867,19x18,11x1824,,222000.00,2026-08-20 02:48:38,2026-11-25,Created
SO20795,26R0868,19x23,11x31186,,220546.00,2026-08-20 02:48:39,2026-12-11,Created
SO20796,26R0869,19x27,11x2546,,75000.00,2026-08-20 02:48:39,2026-10-26,Created
SO20797,26R0870,19x43,11x2176,,66000.00,2026-08-20 02:48:39,2026-08-19,Delivered
SO20798,26R0871,19x18,11x1083,,48500.00,2026-08-20 02:48:39,2026-08-26,Delivered
SO20799,26R0872,19x27,11x2260,,83000.00,2026-08-20 02:48:39,2026-10-25,Created
SO20800,26R0873,19x19,11x1383,,29400.00,2026-08-20 02:48:39,2026-12-25,Created
SO20801,26R0874,19x27,11x2185,,86000.00,2026-08-20 02:48:39,2026-09-25,Created
SO20802,26R0875,19x43,11x2391,,24600.00,2026-08-20 02:48:39,2026-10-16,Created
SO20803,26R0876,19x27,11x2184,,108900.00,2026-08-20 02:48:39,2026-09-25,Created
SO20804,26R0877,19x19,11x2277,,62500.00,2026-09-04 02:39:01,2026-10-26,Created
SO20805,26R0878,19x45,11x1889,,57000.00,2026-09-04 02:39:02,2026-10-25,Created
SO20806,26R0879,19x23,11x271772,,30000.00,2026-09-04 02:39:02,2026-08-25,Delivered
SO20807,26R0880,19x23,11x271772,,44500.00,2026-09-04 02:39:02,2026-09-25,Created
SO20808,26R0881,19x19,11x3021,,2800.00,2026-09-04 02:39:02,2026-09-04,Delivered
SO20809,26R0882,19x19,11x3021,,24000.00,2026-09-04 02:39:02,2026-09-25,Created
SO20810,26R0883,19x18,11x1238,,33800.00,2026-09-04 02:39:02,2026-10-16,Created
SO20811,26R0884,19x48,11x2629,,33000.00,2026-09-04 02:39:02,2026-08-31,Delivered
SO20812,26R0885,19x18,11x24817,,21160.00,2026-09-04 02:39:02,2026-11-25,Created
SO20813,26R0886,19x18,11x24817,,67333.34,2026-09-04 02:39:02,2026-11-25,Created
SO20814,26R0887,19x18,11x1748,,332000.00,2026-09-04 02:39:02,2026-12-25,Created
SO20815,26R0888,19x23,11x271772,,66500.00,2026-09-04 02:39:02,2026-11-13,Created
SO20816,26R0889,19x18,11x2486,,11400.00,2026-09-04 02:39:02,2026-12-21,Created
SO20817,26R0890,19x45,11x42788,,20000.00,2026-09-04 02:39:02,2026-09-18,Created
SO20818,26R0891,19x45,11x42788,,12000.00,2026-09-04 02:39:02,2026-09-18,Created
SO20819,26R0892,19x34,11x1869,,47950.00,2026-09-04 02:39:02,2026-09-25,Created
SO20820,26R0893,19x27,11x926,,163500.00,2026-09-04 02:39:02,2026-08-25,Delivered
SO20821,26R0894,19x27,11x926,,163500.00,2026-09-04 02:39:02,2026-11-25,Created
SO20822,26R0895,19x27,11x1013,,8200.00,2026-09-04 02:39:02,2026-09-25,Created
SO20823,26R0896,19x27,11x2102,,9399980.00,2026-09-04 02:39:02,2026-12-12,Created
SO20824,26R0897,19x23,11x1036,,48000.00,2026-09-04 02:39:02,2026-09-30,Created
SO20825,26R0898,19x43,11x1826,,3780.00,2026-09-04 02:39:02,2026-08-26,Delivered
SO20826,26R0899,19x18,11x2475,,18000.00,2026-09-04 02:39:02,2026-09-25,Created
SO20827,26R0900,19x18,11x173315,,51000.00,2026-09-04 02:39:03,2026-09-18,Created
SO20828,26R0901,19x34,11x1205,,39900.00,2026-09-04 02:39:03,2026-09-25,Created
SO20829,26R0902,19x27,11x2718,,602400.00,2026-09-04 02:39:03,2026-11-25,Created
SO20830,26R0903,19x18,11x49029,,67000.00,2026-09-04 02:39:03,2026-10-02,Created
SO20831,26R0904,19x18,11x1080,,22000.00,2026-09-04 02:39:03,2026-12-25,Created
SO20832,26R0905,19x45,11x1475,,46000.00,2026-09-04 02:39:03,2026-08-27,Delivered
SO20833,26R0906,19x45,11x1073,,7300.00,2026-09-04 02:39:03,2026-09-11,Delivered
SO20834,26R0907,19x18,11x1442,,68670.00,2026-09-04 02:39:03,2026-12-25,Created
SO20835,26R0908,19x18,11x1442,,39985.00,2026-09-04 02:39:03,2026-12-25,Created
SO20836,26R0909,19x18,11x2275,,80160.00,2026-09-04 02:39:03,2026-10-22,Created
SO20837,26R0910,19x23,11x1469,,48000.00,2026-09-04 02:39:03,2026-09-18,Created
SO20838,26R0911,19x27,11x2184,,99000.00,2026-09-04 02:39:03,2026-09-25,Created
SO20839,26R0912,19x18,11x1051,,129000.00,2026-09-04 02:39:03,2026-11-05,Created
SO20840,26R0913,19x51,11x943,,86815.00,2026-09-04 02:39:03,2026-09-10,Created
SO20841,26R0914,19x18,11x2275,,53765.00,2026-09-04 02:39:03,2026-10-22,Created
SO20842,26R0915,19x51,11x1844,,60663.00,2026-09-04 02:39:03,2026-10-16,Created
SO20843,26R0916,19x27,11x2187,,86000.00,2026-09-04 02:39:03,2026-09-25,Created
SO20844,26R0917,19x18,11x1151,,25700.00,2026-09-04 02:39:03,2026-11-05,Created
SO20845,26R0918,19x34,11x1165,,38400.00,2026-09-04 02:39:03,2026-09-25,Created
SO20846,26R0919,19x51,11x1844,,15800.00,2026-09-04 02:39:03,2026-09-25,Created
SO20847,26R0920,19x18,11x933,,410000.00,2026-09-04 02:39:04,2026-10-30,Created
SO20848,26R0921,19x18,11x50554,,10000.00,2026-09-04 02:39:04,2026-10-19,Created
SO20849,26R0922,19x43,11x2176,,33000.00,2026-09-04 02:39:04,2026-08-31,Delivered
SO20850,26R0923,19x45,11x252355,,46728.97,2026-09-04 02:39:04,2026-09-03,Delivered
SO20851,26R0924,19x18,11x1051,,40000.00,2026-09-04 02:39:04,2026-09-11,Created
SO20852,26R0925,19x18,11x302896,,115000.00,2026-09-04 02:39:04,2026-09-11,Created
SO20853,26R0926,19x45,11x235894,,5000.00,2026-09-04 02:39:04,2026-09-25,Created
SO20854,26R0927,19x45,11x235894,,6500.00,2026-09-04 02:39:04,2026-09-25,Created
SO20855,26R0928,19x23,11x31186,,42000.00,2026-09-04 02:39:04,2026-10-12,Created
SO20856,26R0929,19x18,11x930,,108000.00,2026-09-04 02:39:04,2026-11-19,Created
SO20857,26R0930,19x23,11x81127,,118000.00,2026-09-04 02:39:04,2027-01-08,Created
SO20858,26R0931,19x18,11x1115,,7000.00,2026-09-04 02:39:04,2026-09-25,Created
SO20859,26R0932,19x18,11x21636,,342000.00,2026-09-04 02:39:04,2026-10-25,Created
SO20860,26R0933,19x18,11x1051,,32500.00,2026-09-04 02:39:04,2026-09-30,Created
SO20861,26R0934,19x18,11x1080,,152000.00,2026-09-04 02:39:04,2027-01-29,Created
SO20862,26R0935,19x45,11x1370,,138500.00,2026-09-04 02:39:04,2026-12-25,Created
SO20863,26R0936,19x34,11x2677,,280000.00,2026-09-04 02:39:04,2026-12-25,Created
SO20864,26R0937,19x18,11x2729,,682100.00,2026-09-04 02:39:04,2026-12-07,Created
SO20865,26R0938,19x18,11x206902,,16000.00,2026-09-04 02:39:04,2026-12-12,Created
SO20866,26R0939,19x18,11x108812,,277500.00,2026-09-04 02:39:04,2026-10-09,Created
SO20867,26R0940,19x18,11x24817,,246392.00,2026-09-04 02:39:05,2026-12-25,Created
SO20868,26R0941,19x23,11x266229,,26000.00,2026-09-04 02:39:05,2026-12-25,Created
SO20869,26R0943,19x27,11x1013,,2000.00,2026-09-04 02:39:05,2026-09-04,Created
SO20870,26R0944,19x18,11x2151,,2490.00,2026-09-04 02:39:05,2026-12-15,Created
SO20871,26R0945,19x51,11x943,,75310.00,2026-09-04 02:39:05,2026-10-30,Created
SO20872,26R0948,19x18,11x2498,,18500.00,2026-09-04 02:39:05,2026-09-04,Created
SO20873,26R0949,19x18,11x57925,,25500.00,2026-09-04 02:39:05,2026-09-11,Created
SO20874,26R0950,19x51,11x304271,,131338.00,2026-09-15 06:45:50,2026-11-20,Created
SO20875,26R0951,19x18,11x930,,15000.00,2026-09-15 06:45:50,2026-12-19,Created
SO20876,26R0952,19x27,11x1013,,67000.00,2026-09-15 06:45:50,2026-09-07,Delivered
SO20877,26R0953,19x18,11x27792,,17265080.11,2026-09-15 06:45:50,2027-03-10,Created
SO20878,26R0954,19x51,11x1166,,1560.00,2026-09-15 06:45:50,2026-09-17,Delivered
SO20879,26R0955,19x51,11x2162,,9800.00,2026-09-15 06:45:50,2026-11-06,Created
SO20880,26R0956,19x51,11x304271,,550000.00,2026-09-15 06:45:50,2027-03-01,Created
SO20881,26R0957,19x23,11x1036,,28500.00,2026-09-15 06:45:50,2026-09-30,Created
SO20882,26R0958,19x18,11x253582,,315000.00,2026-09-15 06:45:50,2026-10-30,Created
SO20883,26R0959,19x18,11x1484,,9985.00,2026-09-15 06:45:50,2026-12-25,Created
SO20884,26R0960,19x45,11x987,,242400.00,2026-09-15 06:45:50,2026-10-30,Created
SO20885,26R0961,19x43,11x2456,,153280.00,2026-09-15 06:45:50,2026-10-30,Created
SO20886,26R0962,19x18,11x247395,,14500.00,2026-09-15 06:45:50,2026-10-14,Created
SO20887,26R0963,19x27,11x23083,,172000.00,2026-09-15 06:45:50,2026-12-25,Created
SO20888,26R0964,19x27,11x2238,,430000.00,2026-09-15 06:45:51,2026-12-25,Created
SO20889,26R0965,19x27,11x2184,,99000.00,2026-09-15 06:45:51,2026-09-11,Delivered
SO20890,26R0966,19x18,11x2814,,73000.00,2026-09-15 06:45:51,2026-09-18,Delivered
SO20891,26R0967,19x51,11x1844,,38360.00,2026-09-15 06:45:51,2026-10-05,Created
SO20892,26R0968,19x18,11x2466,,85000.00,2026-09-15 06:45:51,2026-10-02,Created
SO20893,26R0969,19x18,11x1774,,38000.00,2026-09-15 06:45:51,2026-09-25,Created
SO20894,26R0970,19x43,11x1145,,76500.00,2026-09-15 06:45:51,2026-11-30,Created
SO20895,26R0971,19x18,11x1442,,546480.00,2026-09-15 06:45:51,2026-12-25,Created
SO20896,26R0972,19x19,11x1383,,42000.00,2026-09-15 06:45:51,2027-02-25,Created
SO20897,26R0973,19x19,11x1383,,42000.00,2026-09-15 06:45:51,2027-02-25,Created
SO20898,26R0974,19x19,11x1383,,84000.00,2026-09-15 06:45:51,2026-12-25,Created
SO20899,26R0975,19x19,11x1383,,84000.00,2026-09-15 06:45:51,2026-12-25,Created
SO20900,26R0976,19x18,11x930,,58900.00,2026-09-15 06:45:51,2026-10-19,Created
SO20901,26R0977,19x23,11x2749,,70000.00,2026-09-15 06:45:51,2026-10-16,Created
SO20902,26R0978,19x18,11x2275,,66360.00,2026-09-15 06:45:51,2026-11-10,Created
SO20903,26R0979,19x18,11x2275,,159600.00,2026-09-15 06:45:51,2026-11-10,Created
SO20904,26R0980,19x18,11x2275,,19920.00,2026-09-15 06:45:51,2026-11-10,Created
SO20905,26R0981,19x18,11x2275,,11200.00,2026-09-15 06:45:51,2026-11-10,Created
SO20906,26R0982,19x45,11x304304,,48900.00,2026-09-15 06:45:51,2026-11-06,Created
SO20907,26R0983,19x19,11x43725,,36800.00,2026-09-15 06:45:51,2026-09-11,Delivered
SO20908,26R0984,19x19,11x43723,,220800.00,2026-09-15 06:45:51,2026-10-19,Created
SO20909,26R0985,19x18,11x304308,,22000.00,2026-09-15 06:45:51,2026-09-30,Created
SO20910,26R0986,19x18,11x1051,,94760.00,2026-09-15 06:45:52,2026-10-15,Created
SO20911,26R0987,19x18,11x257869,,73000.00,2026-09-15 06:45:52,2026-09-30,Created
SO20912,26R0988,19x27,11x2182,,34600.00,2026-09-15 06:45:52,2026-09-25,Delivered
SO20913,26R0989,19x27,11x2182,,34600.00,2026-09-15 06:45:52,2026-09-25,Created
SO20914,26R0990,19x18,11x304314,,26600.00,2026-09-15 06:45:52,2026-09-14,Created
SO20915,26R0991,19x27,11x2796,,47000.00,2026-09-15 06:45:52,2026-09-16,Created
SO20916,26R0992,19x23,11x1296,,14000.00,2026-09-15 06:45:52,2026-11-09,Created
SO20917,26R0993,19x18,11x2275,,5000.00,2026-09-15 06:45:52,2026-11-06,Created
SO20918,26R0994,19x18,11x193210,,1000.00,2026-09-15 06:45:52,2026-09-24,Created
SO20919,26R0995,19x34,11x936,,62000.00,2026-09-23 02:58:14,2026-10-26,Created
SO20920,26R0996,19x27,11x2669,,36000.00,2026-09-23 02:58:14,2026-10-16,Created
SO20921,26R0997,19x51,11x2025,,247500.00,2026-09-23 02:58:14,2026-11-25,Created
SO20922,26R0998,19x18,11x24817,,101000.00,2026-09-23 02:58:14,2026-12-25,Created
SO20923,26R0999,19x18,11x101414,,111000.00,2026-09-23 02:58:15,2026-11-25,Created
SO20924,26R1000,19x19,11x2439,,20010.00,2026-09-23 02:58:15,2026-09-25,Delivered
SO20925,26R1001,19x19,11x1021,,84000.00,2026-09-23 02:58:15,2026-09-25,Delivered
SO20926,26R1002,19x51,11x2162,,2900.00,2026-09-23 02:58:15,2026-11-20,Created
SO20927,26R1003,19x27,11x2792,,15000.00,2026-09-23 02:58:15,2026-10-02,Created
SO20928,26R1004,19x27,11x2234,,200000.00,2026-09-23 02:58:15,2026-12-12,Created
SO20929,26R1005,19x23,11x305533,,132462.00,2026-09-23 02:58:15,2026-11-20,Created
SO20930,26R1006,19x27,11x1270,,97000.00,2026-09-23 02:58:15,2026-12-25,Created
SO20931,26R1007,19x19,11x2439,,55715.00,2026-09-23 02:58:15,2026-09-25,Delivered
SO20932,26R1008,19x19,11x182530,,35000.00,2026-09-23 02:58:15,2026-10-16,Created
SO20933,26R1009,19x45,11x2723,,15750.00,2026-09-23 02:58:15,2026-09-30,Created
SO20934,26R1010,19x34,11x148781,,370000.00,2026-09-23 02:58:15,2026-11-25,Created
SO20935,26R1011,19x18,11x2151,,57000.00,2026-09-23 02:58:15,2027-01-18,Created
SO20936,26R1012,19x51,11x2937,,153000.00,2026-09-23 02:58:15,2026-11-25,Created
SO20937,26R1013,19x18,11x269308,,275000.00,2026-09-23 02:58:15,2026-12-25,Created
SO20938,26R1014,19x18,11x1697,,41000.00,2026-09-23 02:58:15,2026-09-25,Created
SO20939,26R1015,19x23,11x271772,,16500.00,2026-09-23 02:58:15,2026-11-27,Created
SO20940,26R1016,19x19,11x2439,,49775.00,2026-09-23 02:58:15,2026-09-23,Delivered
SO20941,26R1017,19x19,11x2439,,5940.00,2026-09-23 02:58:15,2026-09-22,Created
SO20942,26R1018,19x18,11x1229,,37800.00,2026-09-23 02:58:15,2026-12-25,Created
SO20943,26R1019,19x27,11x2102,,332000.00,2026-09-23 02:58:15,2026-10-25,Created
SO20944,26R1020,19x18,11x2999,,500000.00,2026-09-23 02:58:15,2026-11-25,Created
SO20945,26R1021,19x34,11x1476,,98000.00,2026-09-23 02:58:16,2026-12-25,Created
SO20946,26R1022,19x51,11x305904,,735000.00,2026-09-28 04:17:06,2027-01-29,Created
SO20947,26R1023,19x51,11x269274,,28400.00,2026-09-28 04:17:06,2026-12-25,Created
SO20948,26R1024,19x23,11x81127,,46500.00,2026-09-28 04:17:06,2026-12-08,Created
SO20949,26R1025,19x45,11x1234,,42000.00,2026-09-28 04:17:06,2026-11-18,Created
SO20950,26R1026,19x18,11x236593,,22000.00,2026-09-28 04:17:06,2026-10-02,Created
SO20951,26R1027,19x27,11x2234,,100000.00,2026-09-28 04:17:07,2026-10-02,Created
SO20952,26R1028,19x51,11x1908,,1925000.00,2026-09-28 04:17:07,2026-12-25,Created
SO20953,26R1029,19x19,11x1383,,42000.00,2026-09-28 04:17:07,2027-02-25,Created
SO20954,26R1030,19x19,11x182530,,35000.00,2026-09-28 04:17:07,2026-11-25,Created
SO20955,26R1031,19x18,11x9822,,16200.00,2026-09-28 04:17:07,2026-10-02,Created
SO20956,26R1032,19x43,11x3014,,56000.00,2026-09-28 04:17:07,2026-10-16,Created
SO20957,26R1033,19x18,11x2151,,67330.00,2026-10-03 05:24:35,2026-12-15,Created
SO20958,26R1034,19x18,11x2151,,15700.00,2026-10-03 05:24:35,2026-12-25,Created
SO20959,26R1035,19x18,11x930,,189525.00,2026-10-03 05:24:35,2026-11-19,Created
SO20960,26R1036,19x19,11x1383,,42000.00,2026-10-03 05:24:35,2027-02-25,Created
SO20961,26R1037,19x18,11x1133,,49425.00,2026-10-03 05:24:35,2026-12-25,Created
SO20962,26R1038,19x27,11x2587,,86000.00,2026-10-03 05:24:35,2026-11-25,Created
SO20963,26R1039,19x18,11x1051,,134850.00,2026-10-03 05:24:35,2026-12-22,Created
SO20964,26R1040,19x19,11x43723,,220800.00,2026-10-03 05:24:35,2026-12-25,Created
SO20965,26R1041,19x18,11x1133,,33750.00,2026-10-03 05:24:36,2026-11-25,Created
SO20966,26R1042,19x18,11x35545,,29925.00,2026-10-03 05:24:36,2026-10-09,Created
SO20967,26R1043,19x18,11x1697,,36255.00,2026-10-03 05:24:36,2026-10-08,Created
SO20968,26R1044,19x43,11x2674,,65400.00,2026-10-03 05:24:36,2026-12-22,Created
SO20969,26R1045,19x43,11x1834,,172800.00,2026-10-03 05:24:36,2026-11-25,Created
SO20970,26R1046,19x18,11x2275,,1590.00,2026-10-03 05:24:36,2026-12-08,Created
SO20971,26R1047,19x18,11x2275,,87814.00,2026-10-03 05:24:36,2026-12-08,Created
SO20972,26R1048,19x18,11x1979,,1548450.00,2026-10-03 05:24:36,2027-03-31,Created
SO20973,26R1049,19x18,11x930,,65000.00,2026-10-03 05:24:36,2026-11-19,Created
SO20974,26R1050,19x18,11x144992,,39600.00,2026-10-03 05:24:36,2026-10-30,Created
SO20975,26R1051,19x34,11x2125,,368000.00,2026-10-03 05:24:36,2026-12-29,Created
SO20976,26R1052,19x18,11x1080,,27000.00,2026-10-03 05:24:36,2026-12-14,Created
SO20977,26R1053,19x19,11x43725,,13860.00,2026-10-03 05:24:36,2026-10-09,Created
SO20978,26R1054,19x18,11x206902,,34500.00,2026-10-03 05:24:36,2026-10-16,Created
