Products,CODE,Description,Qty,Unit Price,Total price,Min,Comment,TYPE,Status,LM VIKING,ORDER STOCK,REMARK,"For 
pump model"
BRISTOL,E-DX2101,DURCO HOOK SLEEVE BIG,1,"3,005.51","3,005.51",0,No stock any more,Spare Part,Dead Stock,N/A,,,
BRISTOL,E-DX2102,DURCO HOOK SLEEVE SMALL DC8- FOR,1,"3,005.51","3,005.51",0,No stock any more,Spare Part,Dead Stock,N/A,,,
Durco,E-DT23C1LBCSSX1SAY1,MODEL : 2K4X3-10H,1,"66,041.00","66,041.00",0,No stock any more,Pump,Dead Stock,N/A,,,
Durco,E-DT23CGGAASHF1D1N1,MODEL :D- 2K3X2G-8 PGRP,1,"126,132.45","126,132.45",0,No stock any more,Pump,Dead Stock,N/A,,,
Durco,E-DT19MR005504E,"D-""RELIANCE MOTOR 5.5 KW 4 POLE",2,"34,469.64","68,939.28",0,No stock any more,Spare Part,Dead Stock,N/A,,,
Durco,E-DT23P9-1K112$$-TFE,CAGE SEAL # AY37684E-TFE(1SET/2EA),3,"1,363.00","4,089.00",0,No stock any more,Spare Part,Dead Stock,N/A,,,
Durco,E-DT23P9-3Z112$$-TFE,CAGE SEAL # AY376840-TFE(1SET/2EA),1,"2,135.00","2,135.00",0,No stock any more,Spare Part,Dead Stock,N/A,,,
Durco,E-DT23PB-1K121$$-SR$,"BEARING OUTBOARD 1K121, SR (AY55389A)",2,"2,182.42","4,364.84",0,No stock any more,Spare Part,Dead Stock,N/A,,,
Durco,E-DT23PB-2Z120$$SR$$,"D-BEARING, IB 2Z120, SR (Y21963A)",3,"2,618.38","7,855.14",0,No stock any more,Spare Part,Dead Stock,N/A,,,
Durco,E-DT23PB-2Z121$$-SR$,"D-BEARING OB 2Z121, SR(AY58149A)",2,"10,224.76","20,449.52",0,No stock any more,Spare Part,Dead Stock,N/A,,,
Durco,E-DT23PB-2Z121$$SR$$,"D-BEARING OB 2Z121, SR(AY58149A)",2,"8,251.99","16,503.98",0,No stock any more,Spare Part,Dead Stock,N/A,,,
Durco,E-DT23PM-KB1030P-D20,IMPELLER FOR 1K1.5X1-82/80-RV,1,"15,821.00","15,821.00",0,No stock any more,Spare Part,Dead Stock,N/A,,,
Durco,E-DT23PMKB1030P-D20$,D-IMPELLER.,1,"45,521.90","45,521.90",0,No stock any more,Spare Part,Dead Stock,N/A,,,
Durco,E-DT23PM-KD103RV-D4$,IMPELLER CAT.KD103RV-D4,1,"3,567.00","3,567.00",0,No stock any more,Spare Part,Dead Stock,N/A,,,
Durco,E-DT23PM-LC103OP-DSP,IMPELLER :DSPA SERIAL NO 2DP544 CAT.NO,1,"19,680.84","19,680.84",0,No stock any more,Spare Part,Dead Stock,N/A,,,
Durco,E-DT23PN-2Z104$$-TFR,"GASKET IMPELLER 2Z104, TFR (SA3210AA00)",10,798.48,"7,984.80",0,No stock any more,Spare Part,Dead Stock,N/A,,,
Durco,E-DT24CP2-1-11E-9N9,TYPE : G4BZ11E-LCB/DM/DNZ,1,"28,205.97","28,205.97",0,No stock any more,Spare Part,Dead Stock,N/A,,,
Durco,E-DT25CI131A,"D-""ATOMAC"" BALL VALVE 3"" AKH2 (PFA)",1,"69,029.20","69,029.20",0,No stock any more,Spare Part,Dead Stock,N/A,,,
Daurex,E-DR21PUNNBADX,D-UNIVERSAL JOINT SLEEVE (NBR),5,"1,552.88","7,764.40",0,No stock any more,Spare Part,Dead Stock,N/A,,,
HALBERG,E-DT22C1AAHDBS91,NOW 32-260-BN 041 04 2,1,"8,720.00","8,720.00",0,No stock any more,Pump,Dead Stock,N/A,,,
HALBERG,E-DT22C1ABIDBS91,NOW 40-32 BN 041 04 2,1,"11,530.00","11,530.00",0,No stock any more,Pump,Dead Stock,N/A,,,
HALBERG,E-DT22C1ABK9B991,NOW 40260 BN 041 02 2,1,"6,550.00","6,550.00",0,No stock any more,Pump,Dead Stock,N/A,,,
HALBERG,E-DT22C1AFEDBS91,NOW 100200 BN 041 04 2,1,"10,460.00","10,460.00",0,No stock any more,Pump,Dead Stock,N/A,,,
Durco,E-DT22PI048901000003,IMPELLER 048.901.000.003,2,"6,634.50","13,269.00",0,No stock any more,Spare Part,Dead Stock,N/A,,,
ITT,E-DT29057,"""ITT""DIAFLO HWO WEIR FIG.1.5-2435-R2-903",2,"7,392.00","14,784.00",0,No stock any more,Spare Part,Dead Stock,N/A,,,
Local,E-DT29C4J8,ROTEX COUPLING NO.42/55,1,"2,520.00","2,520.00",0,No stock any more,Spare Part,Dead Stock,N/A,,,
Local,E-DT29C5B8,"D-""TB WOOD"" COUPLING SIZE : SC5",3,"6,880.00","20,640.00",0,No stock any more,Spare Part,Dead Stock,N/A,,,
Local,E-DT29MA007502B,"""ABB"" T.E.F.C THREE PHASE SQUIRRED CAGE",1,"30,000.00","30,000.00",0,No stock any more,Spare Part,Dead Stock,N/A,,,
Local,E-DT29ME004006P,ELEKTRIM MOTOR 5.5 HP/4.0KW.950 RPM,1,"11,810.00","11,810.00",0,No stock any more,Spare Part,Dead Stock,N/A,,,
Local,E-DT29MU007504E,US.MOTOR 10 HP.1500 RPM.,3,"27,898.00","83,694.00",0,No stock any more,Spare Part,Dead Stock,N/A,,,
Local,E-DT29SC1N13V,"JC 1.7/8"" T-1/XF 171/ORS,SGL",1,"39,472.01","39,472.01",0,No stock any more,Spare Part,Dead Stock,N/A,,,
Local,E-DT29SC6W14V,"JC SYMETRICAL XF10101 ,1JL SIZE 1.125""",1,"5,100.00","5,100.00",0,No stock any more,Spare Part,Dead Stock,N/A,LS681010R.0 = 2 EA,,
Local,E-DT29SCZV15V,PACIFIC 610-020 SBVGG FOR CEH 3600,2,"3,610.00","7,220.00",0,No stock any more,Spare Part,Dead Stock,N/A,,,
Local,E-DJCSC2J1XB,JOHN CRANE 40MM T502/BR 1-1,3,"1,051.54","3,154.62",0,No stock any more,Spare Part,Dead Stock,N/A,,,
Magus,E-DM13151M1-1.375SSV,"MECH.SEAL TYPE : M1,SIZE 1.375"",SIC/SIC/VITON",17,657.54,"11,178.18",0,No stock any more,Spare Part,Dead Stock,N/A,,,
Magus,E-DM13151M1-2.625SSV,"MECH.SEAL TYPE : M1,SIZE 2.625"",SIC/SIC/VITON",5,"1,916.67","9,583.35",0,No stock any more,Spare Part,Dead Stock,N/A,,,
Magus,E-DM13151M9-2.625SST,"MECH.SEAL TYPE : M9,SIZE 2.625"",SIC/SIC/TEFL",5,"3,610.25","18,051.25",0,No stock any more,Spare Part,Dead Stock,N/A,,,
Local,E-DR19MD004004A,MODEL :D- MA132MA6,1,"10,400.00","10,400.00",0,No stock any more,Spare Part,Dead Stock,N/A,,,
Local,E-DR29MC007504A,"""CROMTON GREAVES""FLAME PROOF",1,"34,000.00","34,000.00",0,No stock any more,Spare Part,Dead Stock,N/A,,,
Local,E-DT29C5C8,"""TB WOODS""SPACER COUPLING :SC6 SHAFT 4.375""",2,"5,326.67","10,653.34",0,No stock any more,Spare Part,Dead Stock,N/A,,,
Local,E-DT29M9030002E,"D-""EUROMOTORI"" MOTOR 30KW 40 HP 2 POLE",1,"122,000.00","122,000.00",0,No stock any more,Spare Part,Dead Stock,N/A,LS681010R.0 = 2 EA,,
Local,E-DT29MN018504A,"D-""MITSUBISHI"" 18.5 KW,4 POLE,IM B3",2,"25,621.40","51,242.80",0,No stock any more,Spare Part,Dead Stock,N/A,,,
Local,E-DT2G08111524,"D-SIZE : 1.875""",1,"11,910.00","11,910.00",0,No stock any more,Spare Part,Dead Stock,N/A,,,
Local,E-DR29ME001106A,ELEKTRIM MOTOR 1.1 KW 6 POLES TEFC,1,"2,330.00","2,330.00",0,No stock any more,Spare Part,Dead Stock,N/A,LS681010R.0 = 2 EA,,
Magus,E-DM121SAP02-002ALL,"MODEL : AP2-002 LESS R/V PORT 1/2""",16,"2,990.42","47,846.72",0,No stock any more,Pump,Dead Stock,N/A,,,
Magus,E-DM121SAP03-035ELL,"MODEL : AP3-035 LESS R/V PORT 2"" NPT",5,"6,001.38","30,006.90",0,No stock any more,Pump,Dead Stock,N/A,,,
NORDSTROM,E-DT1MPDDFASLA,"NORDSTROM PLUG VALVE 4"" FIGURE",14,"9,545.71","133,639.94",0,No stock any more,Spare Part,Dead Stock,N/A,,,
Other,E-DR1G04911700,MODEL : FMR240-45V1APJAC4A,2,"105,000.00","210,000.00",0,No stock any more,Pump,Dead Stock,N/A,,,
Other,E-DR1G04911705,MODEL : FMR240-44V1ALJAC4A,2,"105,000.00","210,000.00",0,No stock any more,Pump,Dead Stock,N/A,,,
Sihi,E-DT21C8BEEFVD21,ZTN 80200 AN.002.06.2,1,"31,491.00","31,491.00",0,No stock any more,Pump,Dead Stock,N/A,,,
Sihi,E-DT21C8OWOART41,CEH 4104 AA.ANE.1B 4,1,"84,263.00","84,263.00",0,No stock any more,Pump,Dead Stock,N/A,,,
Sihi,E-DT21C4AEN0,GEVA 90B-0A-0 (GAS EJECTOR),1,"17,780.00","17,780.00",0,No stock any more,Spare Part,Dead Stock,N/A,,,
Sihi,E-DT21C4CMJO,GEVA 5313-81-0,6,"26,329.00","157,974.00",0,No stock any more,Spare Part,Dead Stock,N/A,,,
Sihi,E-DT21PL043801400690,MECH.SEAL 043.801.400.690,2,"1,054.00","2,108.00",0,No stock any more,Spare Part,Dead Stock,N/A,,,
Sihi,E-DT21PL043801800690,MECH.SEAL 043.801.800.690,2,"1,200.00","2,400.00",0,No stock any more,Spare Part,Dead Stock,N/A,,,
Sihi,E-DT21PL043801800692,MECH.SEAL 043.801.800.692,2,"2,200.00","4,400.00",0,No stock any more,Spare Part,Dead Stock,N/A,,,
Sihi,E-DT21PL043802400691,MECH.SEAL 043.802.400.691,1,"1,360.00","1,360.00",0,No stock any more,Spare Part,Dead Stock,N/A,VK049/0426 = 5 EA,,
Sihi,E-DT21PL043851400690,MECHANICAL SEAL 043.851.400.690,2,865.00,"1,730.00",0,No stock any more,Spare Part,Dead Stock,N/A,,,
Sihi,E-DT21PL043851800690,MECHANICAL SEAL 043.851.800.690,3,862.67,"2,588.01",0,No stock any more,Spare Part,Dead Stock,N/A,VK049/0426 = 5 EA,,
Sihi,E-DT21PL043852400690,MECHANICAL SEAL 043.852.400.690,4,"1,402.50","5,610.00",0,No stock any more,Spare Part,Dead Stock,N/A,VK049/0426 = 5 EA,,
Sihi,E-DT21PL043853800691,MECHANICAL SEAL 043.853.800.691,1,"4,861.00","4,861.00",0,No stock any more,Spare Part,Dead Stock,N/A,,,
Sihi,E-DT21PL043857000690,MECHANICAL SEAL 043.857.000.690,1,"10,124.00","10,124.00",0,No stock any more,Spare Part,Dead Stock,N/A,VK049/0426 = 10 EA,,
Sihi,E-DT21PL044802400658,MECHANICAL SEAL 044.802.400.658,5,"6,743.00","33,715.00",0,No stock any more,Spare Part,Dead Stock,N/A,,,
Sihi,E-DT21PL049106103999,MECHANICAL SEAL 049.106.103.999,2,"8,315.50","16,631.00",0,No stock any more,Spare Part,Dead Stock,N/A,,,
Sihi,E-DT21PL944201400695,MECHANICAL SEAL 944.201.400.695,2,"4,940.00","9,880.00",0,No stock any more,Spare Part,Dead Stock,N/A,,,
Sihi,E-DT21PL944202400695,MECHANICAL SEAL 944.202.400.695,1,"111,882.69","111,882.69",0,No stock any more,Spare Part,Dead Stock,N/A,,,
Sihi,E-DT21PL944202500695,MECHANICAL SEAL 944.202.500.695,2,"7,420.00","14,840.00",0,No stock any more,Spare Part,Dead Stock,N/A,,,
Sihi,E-DT21PL944202800695,MECHANICAL SEAL 944.202.800.695,2,"5,810.00","11,620.00",0,No stock any more,Spare Part,Dead Stock,N/A,,,
Sihi,E-DT21PL944203200695,MECHANICAL SEAL 944.203.200.695,1,"6,450.00","6,450.00",0,No stock any more,Spare Part,Dead Stock,N/A,,,
Sihi,E-DT21PL944252400695,MECHANICAL SEAL 944.252.400.695,1,"5,260.00","5,260.00",0,No stock any more,Spare Part,Dead Stock,N/A,,,
Sihi,E-DT21PL944253200695,MECHANICAL SEAL 944.253.200.695,1,"6,450.00","6,450.00",0,No stock any more,Spare Part,Dead Stock,N/A,,,
SEIMENS,E-DT264D0NC003P8,MODEL:D- 2BV2 070-0NC00-1S,1,"23,537.96","23,537.96",0,No stock any more,Pump,Dead Stock,N/A,,,
Seepex,E-DR21PBC10AEX,D-COUPLING ROD BUSH 60/10 (1.7131),1,"2,177.15","2,177.15",0,No stock any more,Spare Part,Dead Stock,N/A,,,
Seepex,E-DR21PBC17AHX,D-COUPLING ROD BUSH 60/35 (1.7131),7,"4,985.95","34,901.65",0,No stock any more,Spare Part,Dead Stock,N/A,,,
Seepex,E-DR21PCD62AU2,D-PRESSURE BRANCH 103/012 AISI 316Ti,2,"95,467.70","190,935.40",0,No stock any more,Spare Part,Dead Stock,N/A,,,
Seepex,E-DR21PCP62ABX,COUPLING ROD PIN FOR 1-12BN (1.4571),2,430.53,861.06,0,No stock any more,Spare Part,Dead Stock,N/A,,,
Seepex,E-DR21PCR17ABX,D-COUPLING ROD & BUSH (1.7131) FOR 1-12 BN,1,"4,967.00","4,967.00",0,No stock any more,Spare Part,Dead Stock,N/A,,,
Seepex,E-DR21PCS44AU2,D-SUCTION CASING 103/012-12 (1.4408),2,"7,183.63","14,367.26",0,No stock any more,Spare Part,Dead Stock,N/A,,,
Seepex,E-DR21PFH9901X,FAN HOUSING FOR MOTOR CB1-100L/4DF-VL,1,"2,028.00","2,028.00",0,No stock any more,Spare Part,Dead Stock,N/A,,,
Seepex,E-DR21PFTST02X,FITTING DISC (ST) 100*120 FOR 35-6L,10,25.00,250.00,0,No stock any more,Spare Part,Dead Stock,N/A,,,
Seepex,E-DR21PGHGGNIX,GLAND HOUSING 2/62/35 FOR 70-6,3,"3,530.00","10,590.00",0,No stock any more,Spare Part,Dead Stock,N/A,VK049/0426 = 5 EA,,
Seepex,E-DR21PGNGGNHX,"D-GLAND # 5 2/62/35 GG 25 FOR 35-6,70-6L",2,"1,299.51","2,599.02",0,No stock any more,Spare Part,Dead Stock,N/A,,,
Seepex,E-DR21PHB62AAX,D-HOLDING BAND SMALL (1.4571),2,164.56,329.12,0,No stock any more,Spare Part,Dead Stock,N/A,,,
Seepex,E-DR21PHB62ABX,D-HOLDING BAND BIG (1.4571) 51X1/4,0,416.61,0.00,0,No stock any more,Spare Part,Dead Stock,N/A,,,
Seepex,E-DR21PHB62ADX,D-HOLDING BAND SMALL 1.4571,21,219.61,"4,611.81",0,No stock any more,Spare Part,Dead Stock,N/A,,,
Seepex,E-DR21PHB62AFX,D-HOLDING BAND 60/35 (AISI316TiV411) 76X3/4,2,"1,143.03","2,286.06",0,No stock any more,Spare Part,Dead Stock,N/A,,,
Seepex,E-DR21PHB62AHX,D-HOLDING BAND 60/35 (AISI316TiV414) 115X3/4,2,624.04,"1,248.08",0,No stock any more,Spare Part,Dead Stock,N/A,,,
Seepex,E-DR21PHB62AMX,D-HOLDING BAND 003-12 MD/006-12 (1.4571),0,45.00,0.00,0,No stock any more,Spare Part,Dead Stock,N/A,,,
Seepex,E-DR21PHB99AEX,D-HOLDING BAND 60/17 (AISI316TiV448),0,274.61,0.00,0,No stock any more,Spare Part,Dead Stock,N/A,,,
Seepex,E-DR21PRSSTADX,D-RETAINING SLEEVE (STEEL).,5,759.75,"3,798.75",0,No stock any more,Spare Part,Dead Stock,N/A,,,
Seepex,E-DR21PRTSTAE8,D-ROTOR 60/5-6LS TOOL STEEL AISI D6,1,"11,482.55","11,482.55",0,No stock any more,Spare Part,Dead Stock,N/A,,,
Seepex,E-DR21PTB9901X,TERMINAL BOX MOTOR CB1-100L/4DF-VL,1,"1,158.00","1,158.00",0,No stock any more,Spare Part,Dead Stock,N/A,,,
Seepex,E-DR2G03641721,"D-TYPE : 26S-M7S1/25-G16 MAT.Q1Q1M1GG, TEFLON",2,"27,830.25","55,660.50",0,No stock any more,Spare Part,Dead Stock,N/A,,,
Travaini,E-DT21P950043CAC958,P/N : 950 043CAC958 MECH.SEAL,2,"8,912.07","17,824.14",0,No stock any more,Spare Part,Dead Stock,N/A,,,
Travaini,E-DT2TNGASKET,GASKET SET,1,"8,028.89","8,028.89",0,No stock any more,Spare Part,Dead Stock,N/A,,,
Travaini,E-DT2TNSETCOVER,SET OF COVER WITH GASKET,1,"16,850.36","16,850.36",0,No stock any more,Spare Part,Dead Stock,N/A,,,
Viking,E-DR11CGIGPSWNNS1,MODEL : G-125 WITH RELIEF VALVE,0,"19,540.14",0.00,0,No stock any more,Pump,Dead Stock,N/A,,,
Viking,E-DR11P9248600299900,P/S # REPAIR KIT 2-486-002-999,1,"15,166.28","15,166.28",0,No stock any more,Spare Part,Dead Stock,N/A,,,
Viking,E-DR11PD318320670000,CASING AND BUSHING 3.183.206.700 (GG 897),1,"21,045.00","21,045.00",0,No stock any more,Spare Part,Dead Stock,N/A,,,
Viking,E-DR11PE219480210000,CASING 2.194.802.100.00,2,"1,560.00","3,120.00",0,No stock any more,Spare Part,Dead Stock,N/A,,,
Viking,E-DR11PE221480610000,D-CASING 2.214.806.100.00,1,"22,500.10","22,500.10",0,No stock any more,Spare Part,Dead Stock,N/A,,,
Viking,E-DR11PE320050274000,CASING 3.200.502.740 (AL-4197),1,"42,221.00","42,221.00",0,No stock any more,Spare Part,Dead Stock,N/A,,,
Viking,E-DR11PE321381070000,CASING 3.213.810.700 (K-4724),1,"32,199.00","32,199.00",0,No stock any more,Spare Part,Dead Stock,N/A,,,
Viking,E-DR11PH336520108800,HEAD PLAIN & PIN 3.365.201.088.00,2,435.00,870.00,0,No stock any more,Spare Part,Dead Stock,N/A,,,
Viking,E-DR11PJ342043645E54,IDLER & BUSHING 3.420.436.45E.54,1,"6,880.00","6,880.00",0,No stock any more,Spare Part,Dead Stock,N/A,,,
Viking,E-DR11PJ342300405275,IDLER & BUSHING 3.423.004.052.75,1,"5,067.00","5,067.00",0,No stock any more,Spare Part,Dead Stock,N/A,,,
Viking,E-DR11PL247100499900,D-MECHANICAL SEAL 2.471.004.999.00,0,"3,853.20",0.00,0,No stock any more,Spare Part,Dead Stock,N/A,,,
Viking,E-DR11PL247205899900,MECHANICAL SEAL 2.472.058.999.00,3,"1,801.00","5,403.00",0,No stock any more,Spare Part,Dead Stock,N/A,,,
Viking,E-DR11PL247609899900,D-MECHANICAL SEAL 2.476.098.999.00,1,"7,931.00","7,931.00",0,No stock any more,Spare Part,Dead Stock,N/A,STOCK WR016 = 5 EA,,"H124A, H125"
Viking,E-DR11PL247814099900,MECHANICAL SEAL 2.478.140.999.00,5,"16,048.17","80,240.85",0,No stock any more,Spare Part,Dead Stock,N/A,,,
Viking,E-DR11PL248012499900,MECHANICAL SEAL 2.480.124.999.00,1,"23,608.00","23,608.00",0,No stock any more,Spare Part,Dead Stock,N/A,,,
Viking,E-DR11PL248100299900,MECHANICAL SEAL 2.481.002.999.00,1,"2,020.00","2,020.00",0,No stock any more,Spare Part,Dead Stock,N/A,,,
Viking,E-DR11PMV2268E,O'RING TEFLON V2-268E,2,"1,015.00","2,030.00",0,No stock any more,Spare Part,Dead Stock,N/A,,,
Viking,E-DR11PS379550200000,RELIEF VALVE 3.795.502.000.00 (AL-4197),1,"4,871.00","4,871.00",0,No stock any more,Spare Part,Dead Stock,N/A,STOCK WR016 = 10EA,,
Viking,E-DR11PS379584000000,RELIEF VALVE 3.795.840.000.00 (Q-4126A),1,"7,805.84","7,805.84",0,No stock any more,Spare Part,Dead Stock,N/A,,,
Viking,E-DR11PU357155644H47,ROTOR AND SHAFT 3.571.556.44H.47,1,"10,410.00","10,410.00",0,No stock any more,Spare Part,Dead Stock,N/A,,,
Wright Flow,E-DR19568,P/N : WT2200SLCAR-08 O'RING SEAL CARRIER,2,"5,110.41","10,220.82",0,No stock any more,Spare Part,Dead Stock,N/A,,,
Warren Rupp,E-DR22PG360086360,GASKET SEALING 360.086.360,18,84.89,"1,528.02",0,No stock any more,Spare Part,Dead Stock,N/A,,,
Warren Rupp,E-DR22P9135035506,BUSHING PILIT VALVE 135.035.506,22,128.32,"2,823.04",0,No stock any more,Spare Part,Dead Stock,N/A,,,
Warren Rupp,E-DR22P9135037506,BUSHING 135.037.506,32,33.48,"1,071.36",0,No stock any more,Spare Part,Dead Stock,N/A,,,
Warren Rupp,E-DR22P9114008551,INTERMEDIATE BRACKET 114.008.551,1,"6,964.78","6,964.78",0,No stock any more,Spare Part,Dead Stock,N/A,,,
Warren Rupp,E-DR22P9114023309,INTERMEDIATE ASSEMBLY 114-023-309,3,"4,813.00","14,439.00",0,No stock any more,Spare Part,Dead Stock,N/A,,,
Warren Rupp,E-DR22P9114025156,INTERMEDIATE 114-025-156,9,"1,554.55","13,990.95",0,No stock any more,Spare Part,Dead Stock,N/A,,,
Warren Rupp,E-DR22P9312104552,D-ELBOW 312.104.552,2,470.11,940.22,0,No stock any more,Spare Part,Dead Stock,N/A,,,
Warren Rupp,E-DR22P9312106552,D-ELBOW 312-106-552,2,250.95,501.90,0,No stock any more,Spare Part,Dead Stock,N/A,,,
Warren Rupp,E-DR22P9312112552,D-ELBOW DISCHARGE 312.112.552,2,422.25,844.50,0,No stock any more,Spare Part,Dead Stock,N/A,,,
Warren Rupp,E-DR22P9312113552,D-ELBOW DISCHARGE 312.113.552,4,847.40,"3,389.60",0,No stock any more,Spare Part,Dead Stock,N/A,,,
Warren Rupp,E-DR22P9518152156.,D-MANIFOLE SUCTION 518.152.156,2,"2,327.27","4,654.54",0,No stock any more,Spare Part,Dead Stock,N/A,,,
Warren Rupp,E-DR22P9518179552,D-MANIFOLD 518.179.552,2,521.67,"1,043.34",0,No stock any more,Spare Part,Dead Stock,N/A,,,
Warren Rupp,E-DR22P9618003110,D-PLUG PIPE 618.003.110,2,226.21,452.42,0,No stock any more,Spare Part,Dead Stock,N/A,,,
Warren Rupp,E-DR22P9A20,A20-CENTER CENTER SECTION ASSEMBLY,1,"10,913.49","10,913.49",0,No stock any more,Spare Part,Dead Stock,N/A,,,
Warren Rupp,E-DR22PA476160000,D-AIR END KIT 476.160.000,1,"111,291.32","111,291.32",0,No stock any more,Spare Part,Dead Stock,N/A,,,
Warren Rupp,E-DR22PB050008354,BALL CHECK 050.008.354,12,299.39,"3,592.68",0,No stock any more,Spare Part,Dead Stock,N/A,,,
Warren Rupp,E-DR22PB050019365,BALL VALVE 050.019.365,18,336.45,"6,056.10",0,No stock any more,Spare Part,Dead Stock,N/A,,,
Warren Rupp,E-DR22PB050027365,BALL CHECK 050-027-365,13,351.23,"4,565.99",0,No stock any more,Spare Part,Dead Stock,N/A,,,
Warren Rupp,E-DR22PC132031552,D-SPOOL BUMPER 132.031.552,4,67.41,269.64,0,No stock any more,Spare Part,Dead Stock,N/A,,,
Warren Rupp,E-DR22PD286033356,D-DIAPHRAGM 286.033.356,6,294.49,"1,766.94",0,No stock any more,Spare Part,Dead Stock,N/A,,,
Warren Rupp,E-DR22PD286098364,DIAPHRAGM EPDM 286.098.364,0,"3,169.88",0.00,0,No stock any more,Spare Part,Dead Stock,N/A,,,
Warren Rupp,E-DR22PF475043000,D-FLAP VALVE SEAT ASSEMBLY 475.043.000,3,"3,130.36","9,391.08",0,No stock any more,Spare Part,Dead Stock,N/A,,,
Warren Rupp,E-DR22PG360071600,D-GASKET 360.071.600 (E-R22PG360071600),16,362.00,"5,792.00",0,No stock any more,Spare Part,Dead Stock,N/A,,,
Warren Rupp,E-DR22PG360091425,D-GASKET INNER CHAMBER 360.091.425,2,119.00,238.00,0,No stock any more,Spare Part,Dead Stock,N/A,,,
Warren Rupp,E-DR22PL755034000,D-ILOT VALVE SLEEVE ASSEMBLE 755.034.000,1,338.00,338.00,0,No stock any more,Spare Part,Dead Stock,N/A,,,
Warren Rupp,E-DR22PL755036000,AIR VALVE SLEEVE ASSEMBLY 755.036.000,1,748.00,748.00,0,No stock any more,Spare Part,Dead Stock,N/A,,,
Warren Rupp,E-DR22PL775027000,PILOT VALVE SPOOL ASSEMBLY 775 027 000,1,149.00,149.00,0,No stock any more,Spare Part,Dead Stock,N/A,,,
Warren Rupp,E-DR22PL775028000,AIR VALVE SPOOL ASSEMBLY 775.028.000,1,220.00,220.00,0,No stock any more,Spare Part,Dead Stock,N/A,,,
Warren Rupp,E-DR22PM530032000,D-MUFFLER 530-032-000,1,950.21,950.21,0,No stock any more,Spare Part,Dead Stock,N/A,,,
Warren Rupp,E-DR22PQ031055000,PILOT VALVE KIT 031.055.000,2,"2,313.62","4,627.24",0,No stock any more,Spare Part,Dead Stock,N/A,,,
Warren Rupp,E-DR22PQ031058000,PILOT VALVE KIT 031.058.000,1,"1,227.00","1,227.00",0,No stock any more,Spare Part,Dead Stock,N/A,,,
Warren Rupp,E-DR22PR670049552,RETAINNER CHECK VALVE 670-049-552,4,56.00,224.00,0,No stock any more,Spare Part,Dead Stock,N/A,,,
Warren Rupp,E-DR22PS722042080,D-BALL SEAT 722.042.080,2,"1,406.19","2,812.38",0,No stock any more,Spare Part,Dead Stock,N/A,,,
Warren Rupp,E-DR22PS722043551,D-BALL SEAT 722.043.551,4,189.60,758.40,0,No stock any more,Spare Part,Dead Stock,N/A,,,"G05,S05"
Warren Rupp,E-DR22PW476095360,D-WETTED END KIT 476.095.360,10,"1,853.02","18,530.20",0,No stock any more,Spare Part,Dead Stock,N/A,,,
Warren Rupp,E-DR22PW476267354,D-476.267.354 WET END KIT,1,"5,553.92","5,553.92",0,No stock any more,Spare Part,Dead Stock,N/A,,,
Gould ITT,E-GSK21911A,"P/N : K2911A I-ALERT3 
 EQUIPMENT HEALTH MONITORS",5,"10,873.00","54,365.00",0,No stock any more,Spare Part,For Sell,N/A,,,
Gould ITT,E-GPS3196S236CSSB,MODEL : 3196 STi SIZE : 2x3-6 CS/316SS STD BORE,1,"53,802.58","53,802.58",0,No stock any more,Pump,Aging Monitor,N/A,,,
Gould ITT,E-GPS3196S1538CSSB,MODEL : 3196 STi SIZE : 1.5x3-8 CS/316SS STD BORE,1,"59,415.99","59,415.99",0,No stock any more,Pump,Aging Monitor,N/A,,,
Gould ITT,E-GPS3196M238CSSB,MODEL : 3196 MTi SIZE : 2x3-8 CS/316SS STD BORE,8,"71,150.08","569,200.64",0,No stock any more,Pump,Aging Monitor,N/A,,,
Gould ITT,E-GPS3196M238CSTB,MODEL : 3196 MTi SIZE : 2x3-8 CS/316SS TAPER BORE PLUS,4,"71,150.08","284,600.32",0,No stock any more,Pump,Aging Monitor,N/A,,,
Gould ITT,E-GPS3196M1210,MODEL : 3196 MTi SIZE : 1x2-10 CS/316SS STD BORE,4,"79,360.38","317,441.52",0,No stock any more,Pump,Aging Monitor,N/A,,,
Gould ITT,E-GPS3196M1210CSSB,MODEL : 3196 MTi SIZE : 1x2-10 CS/316SS STD BORE,2,"70,825.94","141,651.88",0,No stock any more,Pump,Aging Monitor,N/A,,,
Gould ITT,E-GPS3196M1210CSTB,MODEL : 3196 MTi SIZE : 1x2-10 CS/316SS TAPER BORE PLUS,1,"70,825.94","70,825.94",0,No stock any more,Pump,Aging Monitor,N/A,,,
Gould ITT,E-GPS3196M15310CSSB,MODEL : 3196 MTi SIZE : 1.5x3-10 CS/316SS STD BORE,2,"73,062.55","146,125.10",0,No stock any more,Pump,Aging Monitor,N/A,,,
Gould ITT,E-GPS3196M2310CSSB,MODEL : 3196 MTi SIZE : 2x3-10 CS/316SS STD BORE,0,"70,424.53",0.00,0,No stock any more,Pump,Aging Monitor,N/A,,,
Gould ITT,E-GPS3196M2310CSTB,MODEL : 3196 MTi SIZE : 2x3-10 CS/316SS TAPER BORE PLUS,0,"73,062.55",0.00,0,No stock any more,Pump,Aging Monitor,N/A,,,
Gould ITT,E-GPS3196M2313CSSB,MODEL : 3196 MTi SIZE : 2x3-13 CS/316SS STD BORE,1,"88,816.05","88,816.05",0,No stock any more,Pump,Aging Monitor,N/A,,,
Gould ITT,E-GPS3196M4613CSSB,MODEL : 3196 MTi SIZE : 4x6-13 CS/316SS STD BORE,0,"112,608.38",0.00,0,No stock any more,Pump,Aging Monitor,N/A,,,
Gould ITT,E-GPS3196S236,MODEL : 3196 STi SIZE : 2x3-6 316SS STD BORE,0,"66,456.83",0.00,0,No stock any more,Pump,Aging Monitor,N/A,,,
Gould ITT,E-GPS3196S1158,MODEL : 3196 STi SIZE : 1x1.5-8 316SS STD BORE,0,"63,791.97",0.00,0,No stock any more,Pump,Aging Monitor,N/A,,,PB1/4
Gould ITT,E-GPS3196M238,MODEL : 3196 MTi SIZE : 2x3-8 316SS STD BORE,2,"79,966.86","159,933.72",0,No stock any more,Pump,Aging Monitor,N/A,,,
Gould ITT,E-GPS3196M15310,MODEL : 3196 MTI SIZE : 1.5x3-10 316SS STD BORE,1,"85,866.33","85,866.33",0,No stock any more,Pump,Aging Monitor,N/A,,,
Gould ITT,E-GPS3196M3410,MODEL : 3196 MTi SIZE : 3x4-10 316SS STD BORE,2,"106,199.19","212,398.38",0,No stock any more,Pump,Aging Monitor,N/A,,,
Gould ITT,E-GPS3196M3413,MODEL : 3196 MTi SIZE : 3x4-13 316SS STD BORE,1,"138,799.40","138,799.40",0,No stock any more,Pump,Aging Monitor,N/A,,,
Gould ITT,E-GPSSSPC1375,"SINGLE CARTRIDGE SEAL TYPE : SPC SIZE 1.375"" (STANDARD BORE)",0,"14,000.00",0.00,0,No stock any more,Spare Part,Aging Monitor,N/A,,,
Gould ITT,E-GPSSSPCBB1375,"SINGLE CARTRIDGE SEAL TYPE : SPC-BB SIZE 1.375"" (TAPER BORE)",0,"18,500.00",0.00,0,No stock any more,Spare Part,Aging Monitor,N/A,,,
Gould ITT,E-GPSSSPCBB1750,"SINGLE CARTRIDGE SEAL TYPE : SPC-BB SIZE 1.750"" (TAPER BORE)",7,"22,500.00","157,500.00",0,No stock any more,Spare Part,Aging Monitor,N/A,,,
Gould ITT,E-DGPS3196S1158CSSB,MODEL : 3196 STi SIZE : 1x1.5-8 CS/316SS STD BORE,7,"55,104.85","385,733.95",0,No stock any more,Pump,Dead Stock,N/A,,,
Gould ITT,E-GP3196S236,MODEL : 3196 STi SIZE : 2x3-6 316SS STD BORE,1,"102,746.37","102,746.37",0,No stock any more,Pump,For Sell,,LS681010R.0 = 1 EA,,
Gould ITT,E-GPS3196M348,MODEL : 3196 MTi SIZE : 3x4-8 316SS TAPER BORE,1,"144,886.58","144,886.58",0,No stock any more,Pump,For Sell,,LS681010R.0 = 2 EA,,
Gould ITT,E-GPS3196M2310,MODEL : 3196 MTi SIZE : 2x3-10 316SS  TAPER BORE    ,2,"118,479.33","236,958.66",0,No stock any more,Pump,For Sell,,LS681010R.0 = 2 EA,,
Gould ITT,E-GPS3196M4613,MODEL : 3196 MTi SIZE : 4x6-13 316SS TAPER BORE,1,"193,625.70","193,625.70",0,No stock any more,Pump,For Sell,,LS681010R.0 = 1 EA,,
Gould ITT,E-GPS3196M2313,MODEL : 3196 MTi SIZE : 2x3-13 316SS STD BORE,2,"159,360.86","318,721.72",0,No stock any more,Pump,For Sell,,LS681010R.0 = 2 EA,,
Gould ITT,E-GPS3196S1538,MODEL : 3196 STi SIZE : 1.5x3-8 316SS STD BORE,2,"102,653.28","205,306.56",0,No stock any more,Pump,For Sell,,LS681010R.0 = 2 EA,,
Howden,E-R20492,MODEL : O2PA 125-100-315,0,"2,810.00",0.00,0,No stock any more,Spare Part,For Sell,N/A,,,
IMO,E-R29494,P/N : ME3G032 MINOR KIT,2,"48,132.53","96,265.05",0,No stock any more,Spare Part,Aging Monitor,N/A,,,
IMO,E-R29410,MODEL : PG3DNSJ-250P,1,"421,631.08","421,631.08",0,No stock any more,Pump,Aging Monitor,N/A,,,
Kansai,E-KCNMSC9X,MODEL:NM-SC  ,330,"1,870.04","617,112.21",100,No stock any more,Pump,For Sell,N/A,KS004/0726 400EA,,
Liquid Control,E-R1LC49403,"P/N : 49403 ADJUSTER ASSEMBLY, STD.",4,"30,137.09","120,548.36",0,No stock any more,Spare Part,For Sell,N/A,,,
Liquid Control,E-R1LC40969,P/N : 40969 RING UPPER-SEAL VITON,10,"2,340.02","23,400.20",0,No stock any more,Spare Part,Aging Monitor,For VS-3 Valves (POS.453),,,
Liquid Control,E-R1LC48633,P/N : 48633 PACKING GLAND KIT,5,"11,683.42","58,417.10",0,No stock any more,Spare Part,For Sell,N/A,,,
Magus,E-DR1G05611352,MODEL : AP2-010 LESS R/V PORT 1” NPT,7,"3,547.30","24,831.10",0,No stock any more,Pump,Dead Stock,N/A,,,
travaini,E-DT21C1TBA3182RGP,MODEL : TBA 318/2-R/GP,6,"67,379.53","404,277.18",0,No stock any more,Pump,Dead Stock,N/A,,,
Travaini,E-T21STCD801602GS,MODEL : TCD 80-160/2/GS,2,"38,500.53","77,001.06",0,No stock any more,Pump,Aging Monitor,N/A,,,
Travaini,E-T21STRHB50420CRX,MODEL : TRHB 50-420/C/RX,0,"71,565.85",0.00,0,No stock any more,Pump,Aging Monitor,N/A,,,
Travaini,E-T21STRHC40140CF,MODEL : TRHC 40-140/C/F,1,"42,003.08","42,003.08",0,No stock any more,Pump,Aging Monitor,N/A,,,
Travaini,E-T21STRMX2571CRX,MODEL : TRMX 257/1-C/RX,2,"22,401.03","44,802.06",0,No stock any more,Pump,Aging Monitor,N/A,,,
Travaini,E-T21P950022FLB901,P/N : 950 022FLB901 MECH.SEAL,3,"3,967.48","11,902.44",0,No stock any more,Pump,Aging Monitor,N/A,,,
Travaini,E-DT21P950028CAC91L,P/N : 950 028CAC91L MECH-SEAL,0,"7,803.23",0.00,0,No stock any more,Spare Part,Dead Stock,N/A,,,
Travaini,E-DT21PGUARN4100800G,P/N : GUARN4100800G GASKET SET,0,"1,935.83",0.00,0,No stock any more,Spare Part,Dead Stock,N/A,,,
Viking,E-R11CS7PNMBSW1,MODEL : SG-40758GOV [L-0758-1832-503>L-0758-1839-510],1,"31,818.84","31,818.84",0,No stock any more,Pump,Aging Monitor,L-0758-1832-503,,,
Viking,E-EVKSG80535M0V,MODEL : SG80535M0V,0,"1,168.48",0.00,0,No stock any more,Pump,Aging Monitor,No stock anymore,,,
Viking,E-R11CGGCVSWSNS1,MODEL : C-432 WITH R/V VITON SEAL,4,"12,450.22","49,800.88",0,No stock any more,Pump,For Sell,4-0425-1133-504,,,
Viking,E-R11CGGCPSLNNS1,MODEL : C-32 LESS R/V PACKING,3,"8,024.40","24,073.19",0,No stock any more,Pump,For Sell, 4-0425-1113-001,,,
Viking,E-R11CGGCPSWSNS1,MODEL : C-32 WITH R/V PACKING,0,"12,843.28",0.00,0,No stock any more,Pump,Aging Monitor,4-0425-1113-501,,,
Viking,E-R11CGGEPSWNNS1,MODEL : FH-32 WITH RELIEF VALVE,0,,0.00,0,No stock any more,Pump,Aging Monitor,4-0655-1113-501,,,
Viking,E-R11CGGEPSLNNS1,MODEL : FH-32 LESS RELIEF VALVE,4,"14,909.15","59,636.60",0,No stock any more,Pump,For Sell,4-0655-1113-001,,,
Viking,E-R11CGGEVSWNNS1,MODEL : FH-432 WITH R/V (VITON),0,"15,105.93",0.00,0,No stock any more,Pump,For Sell,4-0655-1133-504,,,
Viking,E-R11CGGGPSLNNS1,MODEL : G-32 LESS R/V,0,"11,241.28",0.00,0,No stock any more,Pump,Aging Monitor,4-1050-1112-004,,,
Viking,E-R11CGGGVSLNNS1,MODEL : G-432 LESS RELIEF VALVE.,4,"27,163.74","108,654.96",0,No stock any more,Pump,Aging Monitor,4-1050-1131-019,,,
Viking,E-R11CGLAVSWNNS1,"MODEL : AK-4195 WITH R/V, VITON",0,"71,736.08",0.00,0,No stock any more,Pump,Aging Monitor,4-1915-2231-563,,,
Viking,E-R11CS5GNMVSW1,MODEL : SG-40519-GOV WITH R/V,1,"32,894.29","32,894.29",0,No stock any more,Pump,Aging Monitor,L-0519-1832-503 ,,,
Viking,E-R11SGN80570WRVP,MODEL : SGN-80570 WITH R/V,0,"1,202.00",0.00,0,No stock any more,Pump,Aging Monitor,No stock anymore,,,
Viking,E-R1100118XT3E143TC,"""WEG"" MOTOR EX-PROOF 00118XT3E143TC",2,"16,775.56","33,551.12",0,No stock any more,Spare Part,Aging Monitor,N/A,,,"1 Hp. (0.75 kW), 1445 RPM"
Viking,E-R11P93464SEALK37,"P/N : 3-464-SEAL-K37 , SEAL KIT",0,"8,439.57",0.00,0,No stock any more,Spare Part,Aging Monitor,N/A,,,"Seal Only Kit, H HL UNIV PACKED"
Viking,E-R11P93464SEALK450,P/N : 3-464-SEAL-K450 SEAL KIT O-PRO,0,0.00,0.00,0,No stock any more,Spare Part,Aging Monitor,N/A,,,"O-Pro® Barrier Kit, H-HL OPB FDA/FKM ORG"
Viking,E-DR11PB306005592200,BEARING HOUSING 3.060.055.922.00,1,"5,303.08","5,303.08",0,No stock any more,Spare Part,Dead Stock,N/A,,,"AS AL4197 BRGHSG SETSCREW, Aluminum - For Pump Model AS4197, AS4193, AS493, AK4197, AK4193, AK493, AL4197, AL4193, AL493"
Viking,E-R11PH336500108800,HEAD PLAIN & PIN 3.365.001.088.00,1,"2,560.48","2,560.48",0,No stock any more,Spare Part,Aging Monitor,N/A,,,"Head and Idler Pin, HEAD PLN&PIN INHST G R650 -G124A, G4124A, G4124B, G75, G475, G32, G432, G495, G4195"
Viking,E-R11PJ341700240M42,IDLER & BUSHING 3.417.002.40M.42,4,"1,865.49","7,461.96",0,No stock any more,Spare Part,Aging Monitor,N/A,,,"Idler Gear & Bushing, IDL&BSG PMBZ G SEE R650 - G32, G432, G75, G475, G124A, G4124A, G4124B"
Viking,E-DR11PL247700699900,MECHANICAL SEAL 2.477.006.999.00,1,"2,903.60","2,903.60",0,No stock any more,Spare Part,Dead Stock,N/A,,,"CERTIFIED SEAL 1.44 DBL K-LL - Neoprene / Carbon / Ni-Resist, Seal Design Elastomer Bellows - Pump Model K4724, KK4724, L4724, LQ4724, LL4724 (John Crane) Double Component"
Viking,E-R11PL247760399900,PS II KALERZ LIP SEAL 2.477.603.999.00,1,"82,748.48","82,748.48",0,No stock any more,Spare Part,Aging Monitor,N/A,,,"SEL 1.44 FT TPSII ADAPT KAZ, FFKM / PS-II, Lipseal, Pump Model K4123A, K4124A, K4126A, K4127A, K4223A, K4224A, K4226A, K4227A, KK4123A, KK4124A, KK4126A, KK4127A, KK4223A, KK4224A, KK4226A, KK4227A, L4124A, L4126A, L4224A, L4226A, LL4123A, LL4124A, LL4126A, LL4127A, LL4223A, LL4224A, LL4226A, LL4227A, LQ4123A, LQ4124A, LQ4126A, LQ4127A, LQ4223A, LQ4224A, LQ4226A, LQ4227A"
Viking,E-DR11PL248601399900,CARTRIDGE LIP SEALS (VITON) 2.486.013.999.00,1,"14,377.68","14,377.68",0,No stock any more,Spare Part,Dead Stock,N/A,,,RKIT FT TPSII FKM LS UNIV
Viking,E-DR11PP276100437100,SPRING RELIEF VALVE 2.761.004.371.00,5,338.34,"1,691.70",0,No stock any more,Spare Part,Dead Stock,N/A,,,
Viking,E-DR11PU356615601200,ROTOR AND SHAFT 3.566.156.012.00,1,"6,007.98","6,007.98",0,No stock any more,Spare Part,Dead Stock,N/A,,,"Rotor & Shaft, R/S INST H HD 12-1/8K R650 (included 2-596-032-375-00, 2-645-008-260-00 SHF RTR ST H HD 12.12L 1.5KOE, 2-566-005-100-00 RTR IN .62TH H124 125 225 and 2-566-998-100-00 RTR BLANK IN .62TH H HD)"
Viking,E-DR11PU357055201200,ROTOR AND SHAFT 3.570.552.012.00,2,"8,447.81","16,895.62",0,No stock any more,Spare Part,Dead Stock,N/A,,,"SUPERSEDED BY 3-570-552-040-00ม R/S 100300 KK4205G 4925 R650 (included 2-570-403-100-00 RTR IN 2""TH KK124 124A 4124 #, 2-596-010-375-00 JIT SET SCREW SOCKET 3/8 NC X and 2-672-002-300-00 SHF RTR RYC KK HD 15.38L 2""KOE)"
Viking,E-R11CGGUVSWNNS1,"MODEL : HL-432 WITH R/V, VITON",1,"36,135.51","36,135.51",0,No stock any more,Pump,For Sell,4-1412-1131-552,,,
Viking,E-R11CGLBVSWNNS1,"MODEL : AL-4195 WITH R/V, VITON",1,"77,086.22","77,086.22",0,No stock any more,Pump,For Sell,4-1920-2231-559,,,
Viking,E-R11CGLUVSWNNS1,"MODEL : HL-4195 WITH R/V, VITON",4,"36,230.97","144,923.88",0,No stock any more,Pump,For Sell,4-1412-2231-653,,,
Viking,E-R11CUIKVWNNS1,MODEL : K-4124A WITH R/V VITON SEAL,0,"67,060.38",0.00,0,No stock any more,Pump,For Sell,4-2515-263A-562,,,
Viking,E-R11CUIWPWNNS1,MODEL : KK-124A WITH R/V PACKING SEAL,0,"55,702.22",0.00,0,No stock any more,Pump,For Sell,4-2520-261A-501,,,
Viking,E-R11CUIWVWNNS1,MODEL : KK-4124 A WITH R/V VITON SEAL,0,"70,896.36",0.00,0,No stock any more,Pump,For Sell,4-2520-263A-570,,,
Viking,E-R11CGGHPSLNNS1,MODEL : H-32 LESS R/V PACKING,2,"14,909.15","29,818.30",0,No stock any more,Pump,For Sell,4-1462-1111-008,,,
Viking,E-R11H32WITHRV,MODEL : H-32 WITH R/V,2,"22,012.48","44,024.97",0,No stock any more,Pump,For Sell,4-1462-1111-509,,,
Viking,E-R11CUIUVWNNS1,"MODEL : HL-4124A WITH RV, VITON",0,"49,143.77",0.00,0,No stock any more,Pump,For Sell,4-1412-263A-534,,,
Viking,E-R11SG80510M0VSQS,MODEL : SG-80510-M0V WITH RV,1,"19,910.12","19,910.12",0,No stock any more,Pump,For Sell,L-0510-1879-524,,,
Viking,E-R11SG80525M0OSQS,MODEL : SG-80525-M0O LESS RV,1,"16,054.19","16,054.19",0,No stock any more,Pump,For Sell,L-0525-1879-014,,,
Viking,E-R11SG80525M0VSQS,MODEL : SG-80525-M0V WITH RV,8,"19,379.56","155,036.50",0,No stock any more,Pump,For Sell,L-0525-1879-512,,,
Viking,E-R11P93464REBK32,REBUILD KIT 3.464.REBUILD.K32,2,"6,237.07","12,474.14",0,No stock any more,Spare Part,For Sell,N/A,,,"Rebuild Only Kit, FH32 432 56 456 PM CGOO PH"
Viking,E-R11PD341840310542,IDLER AND BUSHNG 3.418.403.105.42,2,"4,461.09","8,922.18",0,No stock any more,Spare Part,Aging Monitor,N/A,,,"Idler Gear & Bushing, IDL&BSG PMCG HL SM B R650"
Viking,E-R11PI243100129100,IDLER PIN PLAIN 2.431.001.291.00,2,656.45,"1,312.90",0,No stock any more,Spare Part,Aging Monitor,N/A,,,"Idler Pin, PIN IDL HST PLN G GG75 475 #"
Viking,E-R11PI243300429100,IDLER PIN 2.433.004.291.00,3,831.65,"2,494.95",0,No stock any more,Spare Part,For Sell,N/A,,,"Idler Pin, PIN IDL HST PLN H HJ75 HL32 #"
Viking,E-R11PL247301899900,MECHANICAL SEAL 2.473.018.999.00,0,"2,422.25",0.00,0,No stock any more,Spare Part,For Sell,N/A,,,"CERTIFIED SEAL .75 FKM G-HL - FKM / Carbon / Ni-Resist, Seal Design Elastomer Bellows - Pump Model GG4195, GG4193, GG493, H432, H456, HL432, HL456 (John Crane)"
Viking,E-R11PL247702099900,MECHANICAL SEAL (VITON) 2.477.020.999.00,2,"5,516.94","11,033.88",0,No stock any more,Spare Part,For Sell,N/A,,,"SEAL 1.25 FKM AS-AL, FKM / Carbon / Ni-Resist, Elastomer Bellows, Pump Model AS4195, AS495, AK4195, AK495, AL4195, AL495, AS4193, AK4193, AK493, AL4193, AL493"
Viking,E-R11PL247703899900,MECH. SEAL 2-477-038-999-00,4,"6,669.95","26,679.80",0,No stock any more,Spare Part,For Sell,N/A,VK077/0626 = 5 EA USA,,"CERTIFIED SEAL 1.44 FKM K-LL, FKM / Carbon / Ni-Resist, Elastomer Bellows - Pump Model K4123A, K4124A, K4126A, K4127A, K4223A, K4224A, K4226A, K4227A, K4124B, K4224B, KK4123A, KK4124A, KK4126A, KK4127A, KK4223A, KK4224A, KK4226A, KK4227A, KK4124B, KK4224B, K4274, KK4724, L4124A, L4126A, L4224A, L4226A, LL4123A, LL4124A, LL4126A, LL4127A, LL4223A, LL4224A, LL4226A, LL4227A, LQ4123A, LQ4124A, LQ4126A, LQ4127A, LQ4223A, LQ4224A, LQ4226A, LQ4227A, L4724, LQ4724, LL4724"
Viking,E-R11PL247804699900,MECHANICAL SEAL 2.478.046.999.00,0,"10,538.18",0.00,0,No stock any more,Spare Part,For Sell,N/A,,,"CERTIFIED SEAL 1.62 FKM LS4125, FKM / Carbon / Ni-Resist, Elastomer Bellows, L4124AE, L4224AE, L4124B, L4224B, LQ4124AE, LQ4224AE, LQ4124B, LQ4224B, LL4124AE, LL4224AE, LL4124B, LL4224B, LS4124A, LS4224A, LS4124B, LS4224B, LS4123A, LS4223A, LS4126A, LS4226A, LS4127A, LS4227A"
Viking,E-R11PL248000499900,MECHANICAL SEAL 2.480.004.999.00,0,"19,390.11",0.00,0,No stock any more,Spare Part,For Sell,N/A,,,"CERTIFIED SEAL 2.44 FKM Q-MR, FKM /Carbon / Ni-Resist, Elastomer Bellows - Pump Model Q4124A, Q4224A, Q4123A, Q4223A, Q4126A, Q4226A, Q4127A, Q4227A, QS4124A, QS4224A, QS4123A, QS4123A, QS4126A, QS4226A, QS4127A, QS4227A, M4124A, M4224A"
Viking,E-R11PO251200781000,O-RING 2.512.007.810.00,0,194.27,0.00,0,No stock any more,Spare Part,For Sell,N/A,,,"ORG NN -223 1.62X1.88X.12, Neoprene, O-Ring"
Viking,E-R11PU356615601200,ROTOR AND SHAFT 3.566.156.012.00,1,"6,083.65","6,083.65",0,No stock any more,Spare Part,Aging Monitor,N/A,,,
Viking,E-R11CGGGVSWNNS1   ,MODEL : G-432 WITH RELIEF VALVE.,3,"24,076.44","72,229.32",0,No stock any more,Pump,For Sell,4-1050-1131-523,,,
Viking,E-R11CGGUPSLNNS1,MODEL : HL-32  LESS R/V PACKING,1,"17,565.88","17,565.88",0,No stock any more,Pump,For Sell,4-1412-1111-023,VK131/0926 = 10,,
Viking,E-R11CGLDVSWNNS1,MODEL : AS-4195 WITH (VITON),1,"59,314.60","59,314.60",0,No stock any more,Pump,For Sell,4-1910-2231-560,,,
Viking,E-R11CUIZVNNS1,"MODEL : LS-4124A WITH R/V, VITON SEAL",0,"128,361.81",0.00,0,No stock any more,Pump,For Sell,4-3330-264A-665,,,
Viking,E-R11CS5ONLTSL1,MODEL : SG-0550-G0O-B LESS RV (BRACKET FOOT),0,"12,482.87",0.00,0,No stock any more,Pump,Aging Monitor,No stock anymore,,,
Viking,E-R11CS5MNLTSL1,MODEL : SG-0535-G0O-B LESS RV,0,"12,406.69",0.00,0,No stock any more,Pump,Aging Monitor,No stock anymore,,,
Viking,E-R11CS5FFLTSL1,MODEL : SG-0518-G0O-B LESS RV,0,,0.00,0,No stock any more,Pump,Aging Monitor,No stock anymore,,,
Viking,E-R11CG9TBSWNNS1,MODEL : HJ-495 WITH R/V,0,"46,352.48",0.00,0,No stock any more,Pump,Aging Monitor,No stock anymore,,,
Viking,E-R11CGLGVSWNNS1,"MODEL : G-4195 WITH VITON R/V, VITON",0,"26,301.03",0.00,0,No stock any more,Pump,For Sell,No stock anymore,,,
Viking,E-R11CUIKPSWNNS1,"MODEL : K-124A WITH R/V, PACKING SEAL",0,"55,320.81",0.00,0,No stock any more,Pump,For Sell,4-2515-261A-501,,,
Viking,E-R11CGLIVSWNNS1,"MODEL : GG-4195 WITH R/V, VITON SEAL",8,"26,848.65","214,789.20",0,No stock any more,Pump,For Sell,4-1062-2231-674,VK131/0926 = 15,,
Viking,E-R11CGUUPSLNNS1C,MODEL: HL-124A LESS R/V (ITS),5,"28,229.06","141,145.30",0,No stock any more,Pump,For Sell,4-1412-261A-001 (ITS),VK132/0926 = 5,,
Viking,E-R11CGUUPSWNNS1C,MODEL: HL-124A WITH R/V (ITS),7,"31,000.46","217,003.22",0,No stock any more,Pump,For Sell,4-1412-261A-501 (ITS),VK132/0926 = 5,STOCK คงเหลือ 2 รอ VK132 = 5,
Viking,E-R11PL247500599900,MECHANICAL SEAL 2.475.005.999.00,0,"3,428.48",0.00,0,No stock any more,Spare Part,For Sell,N/A,VK077/0626 = 5 EA USA,,"CERTIFIED SEAL 1"" NN HJ-HL4195, Neoprene / Carbon / Ni-Resist, Elastomer Bellows - Pump Model HJ4195, HJ4193, HJ4197, HL4195, HL4193, HL4197"
Viking,E-R11PL247601299900,MECHANICAL SEAL (VITON) 2.476.012.999.00,3,"4,182.70","12,548.10",0,No stock any more,Spare Part,For Sell,N/A,VK201/1224,,"SEAL 1.12 FKM H-HL412, FKM / Carbon / Ni-Resist, Elastomer Bellows - Pump Model H4123A, H4124A, H4126A, H4127A, H4223A, H4224A, H4226A, H4227A, H4124B, H4224B, HL4123A, HL4124A, HL4126A, HL4127A, HL4223A, HL4224A, HL4226A, HL4227A, HL4124B, HL4224B, H4274, HL4724"
Viking,E-R11PL247701999900,MECHANICAL SEAL 2.477.019.999.00,9,"2,903.60","26,132.40",0,No stock any more,Spare Part,For Sell,N/A,VK201/1224,,"SEL 1.25 JC T2 NN NIR CAB, Neoprene / Carbon / Ni-Resist, Elastomer Bellows - Pump Model AS4195, AS495, AK4195, AK495, AL4195, AL495"
Viking,E-R11PL247501099900,MECHANICAL SEAL (VITON) 2.475.010.999.00,0,"4,993.11",0.00,0,No stock any more,Spare Part,For Sell,N/A,VK201/1224,,"SEAL 1"" FKM HJ-HL4195, FKM / Carbon / Ni-Resist, Elastomer Bellows - Pump Model HJ4195, HJ4193, HJ493, HJ4197, HL4195, HL495, HL4193, HL493, HL4197"
Viking,E-R11CUILVWNNS1,MODEL: L-4124A WITH R/V VITON SEAL ,0,"80,475.24",0.00,0,No stock any more,Pump,For Sell,4-3320-263A-567,VK201/1224,,
VIKING,E-R11CGGHPSWNNS1,"MODEL : H-32 WITH R/V, PACKING SEAL",4,"19,051.21","76,204.84",0,No stock any more,Pump,For Sell,4-1462-1111-509,VK071/0525,,
VIKING,E-R11CGGUVSLNNS1    ,"MODEL : HL-432 LESS R/V, VITON SEAL",4,"23,135.29","92,541.17",0,No stock any more,Pump,For Sell,4-1412-1131-056,VK113/0725,,
VIKING,E-R11PL247526799900,MECH SEAL 2.475.267.999.00 (FOR HL-4195),0,"1,990.50",0.00,0,No stock any more,Spare Part,For Sell,N/A,VK132/0825,,
VIKING,E-R11PL247312699900,MECH SEAL 2.473.126.999.00 (FOR GG4195),8,"1,635.97","13,087.76",0,No stock any more,Spare Part,For Sell,N/A,VK132/0825,,
VIKING,E-R11PL247300399900,MECH SEAL 2.473.003.999.00,5,"2,209.54","11,047.70",0,No stock any more,Spare Part,For Sell,,VK132/0825,,
VIKING,E-R11CGLIVSWNNS1C,MODEL : GG-4195 WITH R/V (ITS),12,"17,144.22","205,730.64",0,No stock any more,Pump,For Sell,4-1062-2231-674,VK132/0926 = 15,,
VIKING,E-R11CGLUVSWNNS1C,MODEL : HL-4195 WITH R/V (ITS),9,"18,250.75","164,256.78",0,No stock any more,Pump,For Sell,4-1412-2231-653,VK133/0825,,
VIKING,E-R11PL247101799900,MECH SEAL 2.471.017.999.00,5,"3,560.30","17,801.50",0,No stock any more,Spare Part,For Sell,,VK173/1125,,
VIKING,E-R11PL247201599900,MECH SEAL 2.472.015.999.00,0,"1,630.36",0.00,0,No stock any more,Spare Part,For Sell,,VK173/1125,,
VIKING,E-R11PL247100399900,MECH SEAL 2.471.003.999.00,3,"1,462.27","4,386.81",0,No stock any more,Spare Part,For Sell,,VK173/1125,,
VIKING,E-R11CGBCVSLNNS1S,MODEL : LL-127C LESS R/V PACKING SEAL,0,"342,708.52",0.00,0,No stock any more,Pump,For Sell,4-3325-G62C-001,VK182/1225,,
VIKING,E-R11CGBWPSLNNS1S,MODEL : KK-127C LESS R/V PACKING SEAL,0,"223,172.60",0.00,0,No stock any more,Pump,For Sell,4-2520-G62C-001,VK182/1225,,
VIKING,E-R11CGLTVSWNNS1S,MODEL : HJ-4195 WITH R/V VITON SEAL,0,"36,397.82",0.00,0,No stock any more,Pump,For Sell,4-1487-2231-609,VK182/1225,,
VIKING,E-R11CGLZVSWNNS1S,MODEL : LSE-4195 WITH R/V VITON SEAL,0,"189,274.77",0.00,0,No stock any more,Pump,For Sell,4-3330-2241-501,VK182/1225,,
VIKING,E-R11PL247620599900,MECH SEAL 2.476.205.999.00,1,"58,855.03","58,855.03",0,No stock any more,Spare Part,For Sell,,VK182/1225,,
VIKING,E-R11CGUCVSWNNS1    ,MODEL : K-124C WITH R/V LM#4-2515-G61A-501      ,4,"55,902.12","223,608.48",0,No stock any more,Pump,For Sell,4-2515-G61A-501      ,VK131/0926 = 5, รอ VK131 = 5,
VIKING,E-R11CGUCKBWNNS1 ,MODEL : K-4124C WITH R/V     LM#4-2515-G63A-501        ,3,"71,778.61","215,335.83",0,No stock any more,Pump,For Sell,4-2515-G63A-501        ,VK131/0926 = 3, รอ VK131 = 3,
Warren Rupp,E-R22PC070012170,BEARING 070.012.170,0,188.26,0.00,0,No stock any more,Spare Part,Aging Monitor,N/A,,,
Warren Rupp,E-R22C1HS05B1A1WANSZ,MODEL : S05B1A1WANS600-A,10,"14,176.03","141,760.30",0,No stock any more,Pump,For Sell,N/A,WR040/0726 = 10 EA,,
Warren Rupp,E-R22C1HS05B1A2TANSZ,MODEL : S05B1A2TANS600-A,5,"11,880.78","59,403.90",0,No stock any more,Pump,For Sell,N/A,,,
Warren Rupp,E-R22C1HS05B2P2TPNSU,MODEL : S05B2P2TPNS000,0,"11,342.68",0.00,0,No stock any more,Pump,For Sell,N/A,,,
Warren Rupp,E-R22C1HS05B2P2TPNSZ,MODEL : S05B2P2TPNS000,0,"11,342.67",0.00,0,No stock any more,Pump,For Sell,N/A,,,
Warren Rupp,E-R22C1HS15B1AGTANSU,MODEL : S15B1AGTANS600,0,"25,317.72",0.00,0,No stock any more,Pump,For Sell,N/A,,,
Warren Rupp,E-R22C1HS15B1AGTANSZ,MODEL : S15B1AGTANS600,2,"22,909.83","45,819.66",0,No stock any more,Pump,For Sell,N/A,,,
Warren Rupp,E-R22C1HS1FB1AGTANSZ,MODEL : S1FB1AGTANS600,7,"14,527.02","101,689.14",0,No stock any more,Pump,For Sell,N/A,WR040/0726 = 10 EA,,
Warren Rupp,E-R22C1HS1FB1ANWANS6,MODEL : S1FB1ANWANS600,3,"17,003.00","51,009.00",0,No stock any more,Pump,Aging Monitor,N/A,,,
Warren Rupp,E-R22C1HS1FB1ANWANSU,MODEL : S1FB1ANWANS600,1,"14,052.70","14,052.70",0,No stock any more,Pump,For Sell,N/A,,,
Warren Rupp,E-R22C1HS1FB1ANWANSZ,MODEL : S1FB1ANWANS600,1,"14,052.70","14,052.70",0,No stock any more,Pump,For Sell,N/A,,,
Warren Rupp,E-R22C1HS1FB3P2PPUSZ,MODEL : S1FB3P2PPUS000,4,"19,170.46","76,681.84",0,No stock any more,Pump,For Sell,N/A,WR040/0726 = 5 EA,,
Warren Rupp,E-R22C1HS20B1A1EANSZ,MODEL : S20B1A1EANS600,3,"18,796.28","56,388.83",0,No stock any more,Pump,For Sell,N/A,WR040/0726 = 3 EA,,
Warren Rupp,E-R22C1HS20B1ANNANS6,MODEL : S20B1ANNANS600,0,536.41,0.00,0,No stock any more,Pump,For Sell,N/A,,,
Warren Rupp,E-R22C1HS20B1AGTANSZ,MODEL : S20B1AGTANS600,25,"24,433.73","610,843.20",0,No stock any more,Pump,For Sell,N/A,,,
Warren Rupp,E-R22C1HS20B1S2TARS6,MODEL : S20B1S2TARS600,0,"111,291.32",0.00,0,No stock any more,Pump,For Sell,N/A,,,
Warren Rupp,E-R22C1HS20B3P2PPUSZ,MODEL : S20B3P2PPUS000,0,"53,808.50",0.00,0,No stock any more,Pump,For Sell,N/A,,,
Warren Rupp,E-R22C1HS30B1A1EABSZ,MODEL : S30B1A1EABS600,0,"45,881.17",0.00,0,No stock any more,Pump,For Sell,N/A,,,
Warren Rupp,E-R22C1HS30B1A1EANSZ,MODEL : S30B1A1EANS600,9,"45,881.17","412,930.53",0,No stock any more,Pump,For Sell,N/A,,,
Warren Rupp,E-R22C1HS30B1A1EN0Z,MODEL : S30B1A1EANS000,3,"45,881.17","137,643.51",0,No stock any more,Pump,For Sell,N/A,,,
Warren Rupp,E-R22C1PB1X4ATTX04SZ,"MODEL : PB 1/4-A, TT-4-PP",4,"8,400.47","33,601.89",0,No stock any more,Pump,For Sell,N/A,WR040/0726 = 4 EA,,
Warren Rupp,E-R22C1SB10ASGNX05A,"MODEL : SB1, SGN-5-A",5,"25,671.98","128,359.89",0,No stock any more,Pump,For Sell,N/A,,,
Warren Rupp,E-R22BPPR0RP000UCD,MODEL : SPE10BPPR0RP000UC1,1,"19,497.60","19,497.60",0,No stock any more,Pump,For Sell,N/A,EODD Seminar 2024,,
Warren Rupp,E-R22C1TA3N2A,"TRANQUILIZER MODEL : TA3 , N2A.",0,"38,331.15",0.00,0,No stock any more,Spare Part,For Sell,N/A,,ใช้ร่วมกับ Set cover with gasket,
Warren Rupp,E-R22P9165122551,CAP END 165-122-551,0,91.01,0.00,0,No stock any more,Spare Part,Aging Monitor,N/A,,ใช้ร่วมกับ gasket set,
Warren Rupp,E-R22PB050017365W,BALL WEIGHTED 050.017.365W,24,"1,838.76","44,130.24",0,No stock any more,Spare Part,Aging Monitor,N/A,,,
Warren Rupp,E-R22PL031183000,AIR VALVE ASSEMBLY 031-183-000,12,"12,737.52","152,850.24",0,No stock any more,Spare Part,Aging Monitor,N/A,,,
Warren Rupp,E-DR22P9196164156,OUTER CHAMBER 196-164-156,4,"17,312.33","69,249.32",0,No stock any more,Spare Part,Dead Stock,N/A,,,
Warren Rupp,E-DR22P9196168157,CHAMBER OUTER 196.168.157,2,"1,974.08","3,948.16",0,No stock any more,Spare Part,Dead Stock,N/A,,,
Warren Rupp,E-R22P9312110157,ELBOW 312.110.157,0,378.49,0.00,0,No stock any more,Spare Part,Dead Stock,N/A,,,
Warren Rupp,E-DR22P9518006156,MANIFOLD 518-006-156,4,"2,340.60","9,362.40",0,No stock any more,Spare Part,Dead Stock,N/A,,,
Warren Rupp,E-R22P9518143156,MANIFOLD SUCTION 518.143.156,3,"5,535.98","16,607.94",0,No stock any more,Spare Part,Aging Monitor,N/A,,,
Warren Rupp,E-DR22P9518151156,MANIFOLD SUCTION 518.151.156,2,"2,816.06","5,632.12",0,No stock any more,Spare Part,Dead Stock,N/A,,,
Warren Rupp,E-R22P9518157157,MANIFOLD 518.157.157,0,"1,043.66",0.00,0,No stock any more,Spare Part,Aging Monitor,N/A,,,
Warren Rupp,E-DR22P9518176156,MANIFOLD DISCHARGE 518-176-156,18,"1,584.91","28,528.38",0,No stock any more,Spare Part,Dead Stock,N/A,,,
Warren Rupp,E-DR22P9755051000,SLEEVVE 755.051.000,17,714.59,"12,148.03",0,No stock any more,Spare Part,Dead Stock,N/A,,,
Warren Rupp,E-DR22P9775041506,SPOOL PILOT 775.041.506,4,77.26,309.04,0,No stock any more,Spare Part,Dead Stock,N/A,,,
Warren Rupp,E-R22PB050005351,BALL 050-005-351,12,"1,061.46","12,737.52",0,No stock any more,Spare Part,Aging Monitor,N/A,,,
Warren Rupp,E-R22PB050005365W,CHECK BALL 050-005-365 W,0,758.94,0.00,0,No stock any more,Spare Part,Aging Monitor,N/A,,,
Warren Rupp,E-DR22PB050008365,BALL CHECK 050-008-365,8,335.07,"2,680.56",0,No stock any more,Spare Part,Dead Stock,N/A,,,
Warren Rupp,E-R22PB050010600,BALL CHECK (PTFE) 050.010.600,0,"1,604.25",0.00,0,No stock any more,Spare Part,Aging Monitor,N/A,,,
Warren Rupp,E-R22PB050014365,BALL CHECK 050-014-365,24,"1,970.20","47,284.80",0,No stock any more,Spare Part,Aging Monitor,N/A,,,
Warren Rupp,E-DR22PB050014365W,BALL WEIGHTED 050.014.365W,10,"3,356.75","33,567.50",0,No stock any more,Spare Part,Dead Stock,N/A,,,
Warren Rupp,E-R22PB050028354,BALL CHECK 050.028.354,30,411.00,"12,330.00",0,No stock any more,Spare Part,Aging Monitor,N/A,,,
Warren Rupp,E-R22PB050028365,BALL CHECK 050-028-365,0,451.41,0.00,0,No stock any more,Spare Part,For Sell,N/A,,,
Warren Rupp,E-DR22PC070012170,BEARING 070.012.170,7,108.44,759.08,0,No stock any more,Spare Part,Dead Stock,N/A,,,
Warren Rupp,E-R22PC132035360,"BUMPER, DIAPHRAGM 132.035.360",0,109.97,0.00,0,No stock any more,Spare Part,Aging Monitor,N/A,,,
Warren Rupp,E-R22PD286070600,DIAPHRAGM (TEFLON) 286.070.600,0,"1,111.32",0.00,0,No stock any more,Spare Part,Aging Monitor,N/A,,,
Warren Rupp,E-DR22PD286070600,DIAPHRAGM (TEFLON) 286.070.600,0,"1,073.54",0.00,0,No stock any more,Spare Part,Dead Stock,N/A,,,
Warren Rupp,E-R22PD286074354,DIAPHRAGM SANTROPRENE 286.074.354,4,894.57,"3,578.28",0,No stock any more,Spare Part,Aging Monitor,N/A,,,
Warren Rupp,E-R22PD286095354,DIAPHRAGM (SANTOPRENE) 286.095.354,10,466.69,"4,666.90",0,No stock any more,Spare Part,For Sell,N/A,,,
Warren Rupp,E-R22PD286095365,DIAPHRAGM 286.095.365,10,542.25,"5,422.50",0,No stock any more,Spare Part,Aging Monitor,N/A,,,
Warren Rupp,E-R22PD286096600,DIAPHRAGM (TEFLON) 286-096-600,0,"2,972.39",0.00,0,No stock any more,Spare Part,For Sell,N/A,,,
Warren Rupp,E-R22PD286098354,DIAPHRAGM 286-098-354,4,"1,837.96","7,351.84",0,No stock any more,Spare Part,For Sell,N/A,,,
Warren Rupp,E-R22PD612108157,PLATE OUTER DIAPHRAGM 612-108-157,0,825.82,0.00,0,No stock any more,Spare Part,Aging Monitor,N/A,,,
Warren Rupp,E-DR22PD685042120,DIAPHRAGM ROD 685.042.120,1,804.48,804.48,0,No stock any more,Spare Part,Dead Stock,N/A,,,
Warren Rupp,E-R22PG360056379,GASKET 360-056-379,1,339.47,339.47,0,No stock any more,Spare Part,For Sell,N/A,,,
Warren Rupp,E-R22PG360100379,GASKET 360-100-379,3,359.40,"1,078.20",0,No stock any more,Spare Part,For Sell,N/A,,,
Warren Rupp,E-R22PG360104360,GASKET AIR INLET 360.104.360,1,236.46,236.46,0,No stock any more,Spare Part,For Sell,N/A,,,
Warren Rupp,E-R22PL031012000,SLEEVE AND SPOOL SET 031.012.000,0,"8,771.39",0.00,0,No stock any more,Spare Part,For Sell,N/A,,,
Warren Rupp,E-DR22P9165098147,CAP END 165.098.147,18,"2,112.29","38,021.22",0,No stock any more,Spare Part,Dead Stock,N/A,,,
Warren Rupp,E-DR22P9165115552,CAP END 165.115.552,25,113.70,"2,842.50",0,No stock any more,Spare Part,Dead Stock,N/A,,,
Warren Rupp,E-DR22P9196178552,CHAMBER OUTER 196.178.552,2,308.92,617.84,0,No stock any more,Spare Part,Dead Stock,N/A,,,
Warren Rupp,E-DR22P9570001365,PAD HINGE FLAP VALVE 570-001-365,10,130.62,"1,306.20",0,No stock any more,Spare Part,Dead Stock,N/A,,,
Warren Rupp,E-DR22PB050008360,BALL CHECK VALVE 050.008.360,10,389.53,"3,895.30",0,No stock any more,Spare Part,Dead Stock,N/A,,,
Warren Rupp,E-R22PB050008360,BALL CHECK 050-028-360,0,0.00,0.00,0,No stock any more,Spare Part,For Sell,N/A,,,
Warren Rupp,E-DR22PB050027354,BALL CHECK 050-027-354,4,93.25,373.00,0,No stock any more,Spare Part,Dead Stock,N/A,,,
Warren Rupp,E-DR22PS720064600,SEAL 720.064.600,2,56.58,113.16,0,No stock any more,Spare Part,Dead Stock,N/A,,,
Warren Rupp,E-R22PD286007360,DIAPHRAGM 286.007.360,6,"1,187.42","7,124.52",0,No stock any more,Spare Part,Aging Monitor,N/A,,,
Warren Rupp,E-DR22PD612091552,PLATE OUTER DIAPHRAGM 612.091.552,3,113.81,341.43,0,No stock any more,Spare Part,Dead Stock,N/A,,,
Warren Rupp,E-DR22PS720062600,SEAL 720.062.600,20,88.44,"1,768.80",0,No stock any more,Spare Part,Dead Stock,N/A,,,
Warren Rupp,E-DR22PS722045365,BALL SEAT 722.045.365,14,395.62,"5,538.68",0,No stock any more,Spare Part,Dead Stock,N/A,,,
Warren Rupp,E-R22PL031173000,MAIN AIR VALVE ASSEMBLY 031-173-000,3,"9,146.27","27,438.80",0,No stock any more,Spare Part,For Sell,N/A,,,
Warren Rupp,E-DR22PL755051000,SLEEVE ASSEMBLY 755.051.000,10,537.38,"5,373.80",0,No stock any more,Spare Part,Dead Stock,N/A,,,
Warren Rupp,E-R22PM530010000,MESH MUFFER 530.010.000,0,"1,744.10",0.00,0,No stock any more,Spare Part,Aging Monitor,N/A,,,
Warren Rupp,E-R22PM530027000,MUFFER 530-027-000,3,"2,134.97","6,404.92",0,No stock any more,Spare Part,For Sell,N/A,,,
Warren Rupp,E-R22PM530028550,MUFFLER 530.028.550,8,493.19,"3,945.52",0,No stock any more,Spare Part,Aging Monitor,N/A,,,
Warren Rupp,E-R22PM530031550,MUFFLER 530-031-550,1,229.41,229.41,0,No stock any more,Spare Part,Aging Monitor,N/A,,,
Warren Rupp,E-R22PN620022115,ACTUATOR PLUNGER 620-022-115,0,247.41,0.00,0,No stock any more,Spare Part,Aging Monitor,N/A,,,
Warren Rupp,E-R22PO560022360,O-RING 560.022.360,0,86.45,0.00,0,No stock any more,Spare Part,For Sell,N/A,,,
Warren Rupp,E-R22PO560023360,O-RING 560-023-360,75,72.02,"5,401.50",0,No stock any more,Spare Part,For Sell,N/A,,,
Warren Rupp,E-R22PO560026360,O-RING 560-026-360,0,101.13,0.00,0,No stock any more,Spare Part,Aging Monitor,N/A,,,
Warren Rupp,E-R22PO560040360,O-RING 560-040-360,0,42.55,0.00,0,No stock any more,Spare Part,Aging Monitor,N/A,,,
Warren Rupp,E-R22PQ095040156,BODY VALVE 095.040.156,1,"8,929.41","8,929.41",0,No stock any more,Spare Part,Aging Monitor,N/A,,,
Warren Rupp,E-R22PD286008365,DIAPHRAGM (NEOPRENE) 286.008.365,23,988.92,"22,745.16",0,No stock any more,Spare Part,For Sell,N/A,,,
Warren Rupp,E-DR22PR675057115,RING RETAINIING 675-057-115,2,38.78,77.56,0,No stock any more,Spare Part,Dead Stock,N/A,,,
Warren Rupp,E-R22PS722026580,VALVE SEAT 722.026.580,12,662.65,"7,951.80",0,No stock any more,Spare Part,Aging Monitor,N/A,,,
Warren Rupp,E-R22PS722040365,VALVE SEAL 722-040-365,0,"2,903.60",0.00,0,No stock any more,Spare Part,For Sell,N/A,,,
Warren Rupp,E-R22PS722041365,VALVE SEAT 722-041-365,2,"1,264.79","2,529.58",0,No stock any more,Spare Part,For Sell,N/A,,,
Warren Rupp,E-R22PS722042080,BALL SEAT 722.042.080,2,"2,509.28","5,018.56",0,No stock any more,Spare Part,Aging Monitor,N/A,,,
Warren Rupp,E-R22PS722045600,BALL SEAT 722-045-600,2,"4,218.32","8,436.64",0,No stock any more,Spare Part,Aging Monitor,N/A,,,
Warren Rupp,E-DR22PS722047110,722.047.110 VALVE SEAT,1,"2,689.33","2,689.33",0,No stock any more,Spare Part,Dead Stock,N/A,,,
Warren Rupp,E-R22PS722079552,SEAT CHECK VALVE 722-079-552,0,141.13,0.00,0,No stock any more,Spare Part,Aging Monitor,N/A,,,
Warren Rupp,E-R22P9755051000,SLEEVVE 755.051.000,0,513.02,0.00,0,No stock any more,Spare Part,Aging Monitor,N/A,, ,
Warren Rupp,E-DR22PS722094150,"SEAT, CHECK VALVE 722.094.150",4,624.04,"2,496.16",0,No stock any more,Spare Part,Dead Stock,N/A,,,
Warren Rupp,E-DR22PS722098150,"SEAT,CHECK BALL 722.098.150",10,474.84,"4,748.40",0,No stock any more,Spare Part,Dead Stock,N/A,,,
Warren Rupp,E-R22PS722098550,"SEAT,CHECK BALL 722.098.550",12,427.44,"5,129.28",0,No stock any more,Spare Part,Aging Monitor,N/A,,,
Warren Rupp,E-R22PR675037080,RETAINING RING 675-037-080,0,174.22,0.00,0,No stock any more,Spare Part,For Sell,N/A,,,
Warren Rupp,E-R22P9170061115,CAPSCREW 170-061-115,0,49.48,0.00,0,No stock any more,Spare Part,Aging Monitor,N/A,,,
Warren Rupp,E-R22PO560084365,O-RING 560-084-365,0,166.38,0.00,0,No stock any more,Spare Part,Aging Monitor,N/A,,,
Warren Rupp,E-R22PW476194635,WETTED END KIT 476.194.635,1,"17,832.54","17,832.54",0,No stock any more,Spare Part,Aging Monitor,,,สภาพสินค้าไม่ดี รอตัดเป็น DEAD STOCK,
Warren Rupp,E-DR22P9312110157,ELBOW 312.110.157,30,378.49,"11,354.70",0,No stock any more,Spare Part,Dead Stock,N/A,,, 
Warren Rupp,E-R22PL031139000,AIR VALVE SLEEVE&SPOOL 031.139.000,1,"5,020.69","5,020.69",0,No stock any more,Spare Part,For Sell,N/A,,,
Warren Rupp,E-R22PB050017365,BALL CHECK 050.017.365,8,737.77,"5,902.16",0,No stock any more,Spare Part,For Sell,N/A,,,
Warren Rupp,E-R22PB050005354,E-R22PB050011600,20,835.57,"16,711.40",0,No stock any more,Spare Part,For Sell,N/A,,,
Warren Rupp,E-R22PQ095110000,PILOT VALVE ASSEMBLY 095.110.000,3,"1,856.29","5,568.87",0,No stock any more,Spare Part,For Sell,N/A,,,
Warren Rupp,E-R22PC132029552,BUMPER 132.029.552,0,220.57,0.00,0,No stock any more,Spare Part,For Sell,N/A,,,
Warren Rupp,E-R22PC132035357,"BUMPER,DIAPHRAGM 132.035.357",30,111.09,"3,332.70",0,No stock any more,Spare Part,For Sell,N/A,,,
Warren Rupp,E-R22P9135034506,"BUSHING,PLUNGER 135.034.506",0,86.94,0.00,0,No stock any more,Spare Part,For Sell,N/A,,,
Warren Rupp,E-R22PD286015604,DIAPHRAGM (TEFLON) 286.015.604,19,"4,199.20","79,784.80",0,No stock any more,Spare Part,For Sell,N/A,,,
Warren Rupp,E-R22PD286036365,DIAPHRAGM 286.036.365,2,"1,719.04","3,438.08",0,No stock any more,Spare Part,For Sell,N/A,,,
Warren Rupp,E-R22PD286098365,DIAPHRAGM (NEOPRENE) 286.098.365,40,"3,149.50","125,980.00",0,No stock any more,Spare Part,For Sell,N/A,,,
Warren Rupp,E-R22PD286099365,DIAPHRAGM (NEOPRENE) 286.099.365,0,"1,704.15",0.00,0,No stock any more,Spare Part,For Sell,N/A,,,
Warren Rupp,E-R22PD286099600,OVERLAY DIAPHRAGM (TEFLON) 286.099.600,6,"5,340.27","32,041.62",0,No stock any more,Spare Part,For Sell,N/A,,,
Warren Rupp,E-R22PD286099354,DIAPHRAGM (SANTOPRENE) 286.099.354,14,836.78,"11,714.92",0,No stock any more,Spare Part,For Sell,N/A,,,
Warren Rupp,E-R22PG360031608,GASKET FLANGE 360.031.608,16,958.33,"15,333.28",0,No stock any more,Spare Part,For Sell,N/A,,,
Warren Rupp,E-R22PG360093360,MAIN AIR VALVE GASKET 360.093.360,0,220.57,0.00,0,No stock any more,Spare Part,For Sell,N/A,,,
Warren Rupp,E-R22PG360103360,GASKET PILOT VALVE 360.103.360,20,167.44,"3,348.80",0,No stock any more,Spare Part,For Sell,N/A,,,
Warren Rupp,E-R22PG360105360,GASKET INNER CHAMBER 360.105.360,0,220.57,0.00,0,No stock any more,Spare Part,For Sell,N/A,,,
Warren Rupp,E-R22PG360114360,AIR INLET GASKET 360.114.360,0,205.27,0.00,0,No stock any more,Spare Part,For Sell,N/A,,,
Warren Rupp,E-R22P9518144156,DISCHARGE MANIFOLD 518.144.156,3,"7,424.37","22,273.11",0,No stock any more,Spare Part,For Sell,N/A,,,
Warren Rupp,E-R22P9518146156,MANIFOLD DISCHARGE 518.146.156,8,"4,975.20","39,801.60",0,No stock any more,Spare Part,For Sell,N/A,,,
Warren Rupp,E-R22PO560001360,O-RING 560.001.360,98,79.29,"7,770.42",0,No stock any more,Spare Part,For Sell,N/A,,,
Warren Rupp,E-R22PD612192157,INNER DIAPHRAGM PLATE 612.192.157,0,753.06,0.00,0,No stock any more,Spare Part,For Sell,N/A,,,
Warren Rupp,E-R22PD612194157,PLATE OUTER DIAPHRAGM 612.194.157,1,897.56,897.56,0,No stock any more,Spare Part,For Sell,N/A,,,
Warren Rupp,E-R22PN620004114,ACTUATOR PLUNGER 620.004.114,22,220.57,"4,852.54",0,No stock any more,Spare Part,For Sell,N/A,,,
Warren Rupp,E-R22PN620020115,ACTUATOR PLUNGER 620.020.115,0,235.86,0.00,0,No stock any more,Spare Part,For Sell,N/A,,,
Warren Rupp,E-R22PR675042115,RETAINING RING 675.042.115,0,126.38,0.00,0,No stock any more,Spare Part,For Sell,N/A,,,
Warren Rupp,E-R22P9677001542,WEAR RING 677.001.542,16,311.93,"4,990.88",0,No stock any more,Spare Part,For Sell,N/A,,,
Warren Rupp,E-R22PD685040120,ROD DIAPHRAGM 685.040.120,5,"1,810.41","9,052.05",0,No stock any more,Spare Part,For Sell,N/A,,,
Warren Rupp,E-R22PS720034000,SEAL PISTON 720.034.000,4,"1,795.11","7,180.44",0,No stock any more,Spare Part,For Sell,N/A,,,
Warren Rupp,E-R22PS722090365,VALVE SEAT (NEOPRENE) 722.090.365,4,836.78,"3,347.12",0,No stock any more,Spare Part,For Sell,N/A,,,
Warren Rupp,E-R22P9755052000,SLEEVE 755.052.000,17,882.26,"14,998.42",0,No stock any more,Spare Part,For Sell,N/A,,,
Warren Rupp,E-R22P9775055000,SPOOL WITH O-RING 775.055.000,4,494.66,"1,978.64",0,No stock any more,Spare Part,For Sell,N/A,,,
Warren Rupp,E-R22C1HS20B1ANNANSZ,MODEL : S20B1ANNANS600,0,"20,651.55",0.00,0,No stock any more,Pump,For Sell,,,,
Warren Rupp,E-R22PD286098604,DAIPHRAGM 286.098.604,2,"9,802.50","19,605.00",0,No stock any more,Spare Part,For Sell,,,,
Warren Rupp,E-R22PO560020360,O-RING 560.020.360,75,79.29,"5,946.75",0,No stock any more,Spare Part,For Sell,,,,
Warren Rupp,E-R22PS720004360,SEAL U-CUP 720.004.360,12,188.13,"2,257.56",0,No stock any more,Spare Part,For Sell,,,,
Warren Rupp,E-R22C1HS05B2P2PPNSZ,MODEL : S05B2P2PPNS000,0,"9,922.00",0.00,0,No stock any more,Pump,For Sell,,,,
Xylem,E-R19890,MODEL : GISO 100X65-200 P/N : GRS06520VNFRMVZ,1,"45,827.54","45,827.54",0,No stock any more,Pump,Aging Monitor,N/A,,,
Xylem,E-DR19908,MODEL : GISO 80X50-250 P/N : GRS05025VNFRMVZ,1,"40,750.33","40,750.33",0,No stock any more,Pump,dead Stock,N/A,,,
Xylem,E-R19917,MODEL : GISO 65X40-250,2,"51,904.97","103,809.94",0,No stock any more,Pump,Aging Monitor,N/A,,,
Xylem,E-R20019,MODEL : GISO 100X65-250,2,"48,525.29","97,050.58",0,No stock any more,Pump,Aging Monitor,N/A,,,
Xylem,E-R20176,MODEL : GISO 80x65-160,0,"49,297.34",0.00,0,No stock any more,Pump,Aging Monitor,N/A,,,
Xylem,E-DR19542,MODEL : GISO 80X50-315 P/N : GRS05031VNFRMVZ,2,"42,190.91","84,381.82",0,No stock any more,Pump,dead Stock,N/A,,,
Xylem,E-GLE171010080160,1710 MODEL : 100x80-160,2,"36,644.37","73,288.74",0,No stock any more,Pump,For Sell,งานโรงกฤาปณ์,,,
Xylem,E-GLE1710125100200,1710 MODEL : 125x100-200,3,"40,390.39","121,171.17",0,No stock any more,Pump,For Sell,N/A,,,
Xylem,E-GLE1710125100250,1710 MODEL : 125x100-250,3,"55,609.88","166,829.64",0,No stock any more,Pump,For Sell,N/A,,,
Xylem,E-GLE1710150125250,1710 MODEL : 150x125-250,2,"55,047.78","110,095.56",0,No stock any more,Pump,For Sell,N/A,,,
Xylem,E-GLE17108050200,1710 MODEL : 80x50-200,4,"31,892.03","127,568.12",0,No stock any more,Pump,For Sell,N/A,,,
Warren Rupp,E-R22C1HS20B1ANNABSZ,MODEL : S20B1ANNABS600,1,"24,480.78","24,480.78",,No stock any more,Pump,For Sell,,WR040/0726 = 1 EA,,
Warren Rupp,E-R22C1HS30B1ANNABSZ,MODEL : S30B1ANNABS000,0,"45,044.85",0.00,,No stock any more,Pump,For Sell,,WR040/0726 = 1 EA,,
Warren Rupp,E-R22C1HS1FB1SGTANSZ,MODEL : S1FB1SGTANS600,0,"30,337.27",0.00,,No stock any more,Pump,For Sell,,WR040/0726 = 1 EA,,
Warren Rupp,E-R22C1HS15B1SGTANSZ,MODEL : S15B1SGTANS600,1,"58,972.34","58,972.34",,No stock any more,Pump,For Sell,,WR040/0726 = 1 EA,,
Warren Rupp,E-R22PB050011600,BALL CHECK 050.011.600,12,818.56,"9,822.72",,No stock any more,Spare Part,For Sell,,,,
Warren Rupp,E-R22PB050027354,BALL CHECK 050.027.354,12,300.33,"3,603.96",,No stock any more,Spare Part,For Sell,,,,
Warren Rupp,E-R22PD286007365,DIAPHRAGM (NEOPRENE) 286.007.365,18,"1,766.14","31,790.52",,No stock any more,Spare Part,For Sell,,,,
Warren Rupp,E-R22PD286020604,DIAPHRAGM (TEFLON) 286.020.604,18,"7,161.22","128,901.96",,No stock any more,Spare Part,For Sell,,,,
Warren Rupp,E-R22PD286098364,DIAPHRAGM EPDM 286.098.364,8,"5,527.55","44,220.40",,No stock any more,Spare Part,For Sell,,,,
Warren Rupp,E-R22PS720010360,SEAL U-CUP 720.010.360,12,44.01,528.12,,No stock any more,Spare Part,For Sell,,,,
VIKING,E-R11CGCWPBWSNS1,MODEL : KK-124C WITH R/V LM#4-2520-G61A-501,0,"63,342.37",0.00,,No stock any more,Pump,For Sell,LM#4-2520-G61A-501,VK131/0926 = 2,,
VIKING,E-R11CGUICVWNNS1,MODEL : KK-4124C WITH R/V LM#4-2520-G63A-501,0,"79,907.16",0.00,,No stock any more,Pump,For Sell,LM#4-2520-G63A-501,VK131/0926 = 2,,
VIKING,E-R11CULCWNNS1,MODEL : L-4124C WITH R/V   LM#4-3320-G63A-501,1,"97,417.17","97,417.17",,No stock any more,Pump,For Sell,LM#4-3320-G63A-501,VK131/0926 = 1,,
VIKING,E-R11CUICWNNS1    ,MODEL : LL-4124C WITH R/V   LM#4-3325-G64A-501,1,"113,020.01","113,020.01",,No stock any more,Pump,For Sell,LM#4-3325-G64A-501,VK131/0926 = 1,,
VIKING,E-R11CGLITSWNNS1,MODEL : GG-4195 WITH R/V PTFE SEAL LM#4-1062-2231-517,0,"42,818.06",0.00,,No stock any more,,For Sell,LM#4-1062-2231-517,VK131/0926 = 2,,
VIKING,E-R11CGVUVSWNNS1    ,"MODEL : HL-4193 WITH  R/V, PTFE SEAL  LM#4-1412-2245-503",0,"122,114.88",0.00,,No stock any more,,For Sell,LM#4-1412-2245-503,VK131/0926 = 1,,
VIKING,E-R11CUICVWNNS1 ,MODEL : HL-4124C WITH R/V    LM#4-1412-G63A-501,1,"57,518.04","57,518.04",,No stock any more,,For Sell,LM#4-1412-G63A-501,VK131/0926 = 5,,
VIKING,E-R11CGUSPSWNS1C,MODEL : QS-124A LESS R/V LM#4-4445-262A-008,0,"158,116.32",0.00,,No stock any more,,For Sell,LM#4-4445-262A-008,VK132/0926 = 2,,
,,,0,,0.00,,No stock any more,,,,,,
,,,0,,0.00,,No stock any more,,,,,,
,,,0,,0.00,,No stock any more,,,,,,
,,,0,,0.00,,No stock any more,,,,,,