project_id,company_name,industry_type,project_detail,investment_value_m,zone,approval_period,status,source_sheet,note
BOI-202609-01,บริษัท ติ๊กต๊อก ซิสเต็ม (ประเทศไทย) จำกัด,Data Center & Cloud,กิจการศูนย์ข้อมูล (Data Center) และบริการ Data Hosting ระดับ Hyperscale,842350.0,ประเทศไทย,2026-09,Approved,Strategic Megaprojects,BOI board approval
BOI-202609-02,บริษัท สกายไลน์ ดาต้า เซ็นเตอร์ แอนด์ คลาวด์ เซอร์วิสเซส จำกัด (DAMAC),Data Center & Cloud,กิจการ Data Center ขนาดกำลังการผลิต 200 เมกะวัตต์,46869.0,ประเทศไทย,2026-09,Approved,Strategic Megaprojects,BOI board approval
BOI-202609-03,บริษัท บริดจ์ ดาต้า เซ็นเตอร์ ไอไอโอ จำกัด,Data Center & Cloud,กิจการศูนย์ข้อมูล (Data Center) และบริการคลาวด์อัจฉริยะ,24619.0,ประเทศไทย,2026-09,Approved,Strategic Megaprojects,BOI board approval
BOI-202609-04,บริษัท ชูแคน (ประเทศไทย) จำกัด,Advanced Electronics,ผลิตแผงวงจรอิเล็กทรอนิกส์ (PCBA) สำหรับอุปกรณ์รับส่งข้อมูลทางแสง (Optical Transceiver),4435.0,นิคมฯ หนองละลอก จ.ระยอง,2026-09,Approved,Strategic Megaprojects,BOI board approval
BOI-202609-05,บริษัท วินด์ มหาสารคาม 1 จำกัด,Clean Energy,ผลิตไฟฟ้าจากพลังงานลม (90 เมกะวัตต์),3172.0,จังหวัดมหาสารคาม,2026-09,Approved,Strategic Megaprojects,BOI board approval
BOI-202609-06,บริษัท พรีซิชั่น พลาสติก จำกัด,Processed Food & Packaging,ขยายกิจการผลิตบรรจุภัณฑ์และชิ้นส่วนพลาสติกชนิดปลอดเชื้อ เครื่องดื่มจากพืชผักผลไม้,2033.0,จังหวัดพระนครศรีอยุธยา,2026-09,Approved,Strategic Megaprojects,BOI board approval
BOI-202609-07,บริษัท โกลด์ เซอร์คิท อีเลคโทรนิคส์ จำกัด (2 โครงการ),Advanced Electronics,ผลิตแผ่นวงจรพิมพ์ (PCB) ความหนาแน่นสูงสำหรับเซิร์ฟเวอร์และโทรคมนาคม,,ประเทศไทย,2026-09,Approved,Electronics & Automotive,no investment value published
BOI-202609-08,บริษัท ฟาบริเนท จำกัด,Advanced Electronics,ผลิตอุปกรณ์อิเล็กทรอนิกส์ขั้นสูงและอุปกรณ์แสงสว่าง/เลเซอร์ความแม่นยำสูง,,ประเทศไทย,2026-09,Approved,Electronics & Automotive,no investment value published
BOI-202609-09,บริษัท เพ๊ง เชิน เทคโนโลยี จำกัด (2 โครงการ),Advanced Electronics,ผลิตชิ้นส่วนอิเล็กทรอนิกส์และอุปกรณ์สมาร์ทโฮม/IoT,,ประเทศไทย,2026-09,Approved,Electronics & Automotive,no investment value published
BOI-202609-10,บริษัท ลีเจ้นท์คอมม์ จำกัด,Advanced Electronics,ผลิตอุปกรณ์โทรคมนาคมและอิเล็กทรอนิกส์อัจฉริยะ,,ประเทศไทย,2026-09,Approved,Electronics & Automotive,no investment value published
BOI-202609-11,บริษัท แอดวานซ์ อินเตอร์คอนเนคชั่น เทคโนโลยี จำกัด (AIT),Advanced Electronics,ผลิตตัวเชื่อมต่อและสายเคเบิลอิเล็กทรอนิกส์ความเร็วสูง,,ประเทศไทย,2026-09,Approved,Electronics & Automotive,no investment value published
BOI-202609-12,บริษัท พานาโซนิค แมนูแฟคเจอริ่ง จำกัด,Electronics & Appliances,ผลิตเครื่องใช้ไฟฟ้าและชิ้นส่วนอิเล็กทรอนิกส์อัจฉริยะ,,ประเทศไทย,2026-09,Approved,Electronics & Automotive,no investment value published
BOI-202609-13,บริษัท ไอซิน พาวเวอร์เทรน จำกัด,Next-Gen Automotive,ผลิตชิ้นส่วนระบบส่งกำลังและระบบขับเคลื่อนสำหรับยานยนต์สมัยใหม่ (Hybrid / EV),,ประเทศไทย,2026-09,Approved,Electronics & Automotive,no investment value published
BOI-202609-14,บริษัท เหอไซ่ล จำกัด,Next-Gen Automotive,ผลิตเซนเซอร์ LiDAR สำหรับระบบขับเคลื่อนอัตโนมัติในยานยนต์ยุคใหม่,,ประเทศไทย,2026-09,Approved,Electronics & Automotive,no investment value published
BOI-202609-15,บริษัท บราสเคม สยาม จำกัด,Biotechnology,กิจการเคมีชีวภาพและเทคโนโลยีชีวภาพเพื่อผลิตเม็ดพลาสติกชีวภาพย่อยสลายได้,,ตามเกณฑ์ BOI,2026-09,Approved,Biotech & Transformation,measure / fund
BOI-202609-16,บริษัท ด่านขุนทด วินด์ วัน จำกัด,Clean Energy,กิจการโรงไฟฟ้าพลังงานลมเพื่อสนับสนุนพลังงานสะอาดให้ภาคอุตสาหกรรม,,โครงการพลังงานทดแทน,2026-09,Approved,Biotech & Transformation,measure / fund
BOI-202609-17,Business Transformation Fund,SME / Enterprise Upgrade,"48 โครงการ สนับสนุนผู้ประกอบการไทยนำ AI, ระบบ Automation, หุ่นยนต์, R&D และ Green Industry มาใช้",3540.0,"เงินลงทุน 3,540 / สนับสนุน 1,663 ล้านบาท",2026-09,Approved,Biotech & Transformation,measure / fund
BOI-202609-18,Skill Development (Skill Bridge),Human Capital,"7 โครงการ สร้างและพัฒนาบุคลากรทักษะสูง (High-skilled labor) กว่า 76,000 คน",,งบประมาณฝึกอบรมภาครัฐ-เอกชน,2026-09,Approved,Biotech & Transformation,measure / fund
BOI-202609-19,Thailand FastPass Overview,Investment Fast-Track,"รวม 42 โครงการยุทธศาสตร์ มูลค่ารวมกว่า 344,000 ล้านบาท เร่งรัดการอนุมัติผ่าน 8 หน่วยงานรัฐ",344000.0,"344,000 ล้านบาท",2026-09,Approved,Biotech & Transformation,measure / fund
BOI-202609-20,ภาพรวมเงินลงทุนจริง H1/2026,National Economy,เงินลงทุนจริงมกราคม - มิถุนายน 2569 ทะลุเป้าหมายภาพรวมเศรษฐกิจประเทศ,535800.0,"535,800 ล้านบาท (+27%)",2026-09,Approved,August 2026 Performance & EV,monthly performance
BOI-202609-21,ค่ายรถยนต์ปรับสายการผลิต EV/Hybrid,Automotive (EV),"แผนลงทุนเพิ่มจากค่ายรถยนต์รายใหญ่ (มิตซูบิชิ, ฮอนด้า, มาสด้า, อีซูซุ) ปรับไลน์ผลิตสู่ BEV/HEV",50000.0,"กว่า 50,000 ล้านบาท",2026-09,Approved,August 2026 Performance & EV,monthly performance
BOI-202609-22,การประชุม Thai-China EV Roundtable,Automotive & EV Supply Chain,หารือร่วมกับ China EV100 วางนโยบายบริหารจัดการและรีไซเคิลแบตเตอรี่ EV (สิงหาคม 2569),,ความร่วมมือระดับนโยบาย,2026-09,Approved,August 2026 Performance & EV,monthly performance
BOI-202609-23,ความร่วมมือ Airbus,Aerospace & Digital,"หารือขยายการลงทุนศูนย์ดิจิทัล Skywise, อุตสาหกรรมซ่อมบำรุง MRO และเชื้อเพลิงการบินยั่งยืน SAF",,ขยายฐานเทคโนโลยีการบิน,2026-09,Approved,August 2026 Performance & EV,monthly performance
BOI-202609-24,งาน THECA 2026 & BOI Forum,Electronics (PCB),จัดงานแสดงเทคโนโลยีแผงวงจรอิเล็กทรอนิกส์และดึงการลงทุน Data Center ระดับภูมิภาค,,งานมหกรรมอุตสาหกรรม,2026-09,Approved,August 2026 Performance & EV,monthly performance
